{"type": "FeatureCollection", "features": [{"type": "Feature", "geometry": {"type": "MultiPolygon", "coordinates": [[[[153.16544206497807, -27.398304935948836], [153.1657830052728, -27.39803399579626], [153.16635299530373, -27.39718399636367], [153.16720800550294, -27.39654700613077], [153.16730097484663, -27.39527270599361], [153.1676790056811, -27.39387099580621], [153.16839297499087, -27.39378501639566], [153.16966190551673, -27.394262016241395], [153.17053344561552, -27.39458942614039], [153.17226800529258, -27.3957039963268], [153.17297489497955, -27.39520588616907], [153.1730759249063, -27.39514588635236], [153.1732099248006, -27.395145906291667], [153.17355393553694, -27.395178916244337], [153.17366591502872, -27.3952158965038], [153.17456392488563, -27.39537989645987], [153.17497593539406, -27.395465885796114], [153.17518186518978, -27.39549888608234], [153.1752768755058, -27.395536886327267], [153.17556489514885, -27.395669885885237], [153.17564589533967, -27.395711896248695], [153.17572790523695, -27.39573089593738], [153.17579390535917, -27.395726885760734], [153.17586190513126, -27.395752896076573], [153.17602688522473, -27.395848885829306], [153.17691886558944, -27.396257885959468], [153.17727886543958, -27.396337886498316], [153.17739789490963, -27.396325895912177], [153.177511884831, -27.3963768762321], [153.1776489048613, -27.396408886469462], [153.1780008755694, -27.396343896147048], [153.178246845074, -27.396206886443117], [153.1784318656832, -27.39602689650072], [153.17848785497986, -27.395917896183377], [153.17858585488918, -27.3958268960776], [153.17884785483002, -27.395771875819033], [153.17923884565909, -27.395598866297828], [153.1794098049391, -27.395470876196736], [153.1795828249544, -27.395388865948156], [153.17987982505534, -27.395182876193765], [153.18016481557925, -27.394961866133993], [153.18036384541523, -27.3947828663489], [153.1804118450958, -27.39463686601999], [153.18038180543275, -27.394450866162963], [153.18043283513077, -27.39424286635534], [153.18051780497683, -27.394108876080693], [153.1805998148741, -27.39404586639525], [153.18062080490904, -27.393964866423197], [153.1807907850254, -27.393804865841208], [153.18102179488554, -27.393718876010706], [153.1812007949857, -27.393708866337988], [153.18141179487287, -27.393743865892365], [153.18156382485324, -27.393808876087597], [153.18189980554934, -27.394018865879435], [153.18204781556875, -27.394083875912965], [153.1821827856436, -27.39410387604762], [153.1823128051029, -27.394094865778438], [153.1827157650848, -27.393987866283446], [153.1827777353647, -27.393955876082252], [153.1829177548697, -27.39384086633131], [153.18305875533503, -27.393775876094466], [153.18305276536867, -27.39374087575266], [153.18307576493487, -27.39370087614605], [153.18311977519735, -27.39369286601389], [153.18315474481471, -27.393649865879144], [153.1832177454622, -27.393645876364197], [153.18334673545215, -27.393560865843884], [153.18347875545956, -27.393400875843472], [153.18347875545956, -27.393279866068898], [153.18342272484034, -27.393173865959753], [153.1833307454401, -27.393057866386048], [153.18332574541725, -27.39293386607455], [153.18328377522886, -27.392880875836685], [153.1831607653237, -27.392808875814797], [153.1830897355342, -27.392706866398274], [153.18308776552877, -27.39262987653198], [153.18296177501358, -27.39242287587276], [153.18275178483276, -27.392160875900654], [153.182656775415, -27.39206687613684], [153.1824187649839, -27.391688866335244], [153.18213577500816, -27.391073875821196], [153.18197875488636, -27.39078186597294], [153.18187775550237, -27.390623876334768], [153.18166175559227, -27.389881865982588], [153.18160674545922, -27.389756856320687], [153.18146877501138, -27.389151856373992], [153.1814287748284, -27.389039855821686], [153.18136475549133, -27.388895865883704], [153.18137278553166, -27.388844866162042], [153.18135675509544, -27.388807866224134], [153.1809927748103, -27.38789686606873], [153.18047075481553, -27.38720187608944], [153.17977575522966, -27.386418865824727], [153.17925475482275, -27.38572387612929], [153.1855446955601, -27.376709786222598], [153.1920159953735, -27.36744900639545], [153.20218522532534, -27.352893356188503], [153.1888409754603, -27.345460016249113], [153.17867021567753, -27.360015096470356], [153.17773500478802, -27.35949400607604], [153.17321802490952, -27.36397901579457], [153.17192234524936, -27.36583289584456], [153.17385199564995, -27.3669080057757], [153.16967084555046, -27.373414936525386], [153.1677839055501, -27.37622895585492], [153.16080827536652, -27.38315874583605], [153.15649178508633, -27.392448555964965], [153.15656938515386, -27.393984906458417], [153.15831664521244, -27.394633696449645], [153.15837215480872, -27.39518096600669], [153.15836314560477, -27.395217966204797], [153.1583861352895, -27.395595955965263], [153.15835814558187, -27.395715966243557], [153.15831912546088, -27.395795966377026], [153.15829715536398, -27.39589595589459], [153.15842614535393, -27.39622795652642], [153.15854016491974, -27.396460965793796], [153.15853816526987, -27.39672395651609], [153.15847114555982, -27.3969669557728], [153.1583141649639, -27.397120966099195], [153.15811717520188, -27.397453966378162], [153.15804216497736, -27.39775396605081], [153.1578281952598, -27.398402966010323], [153.15777618549984, -27.398610956395924], [153.15771716528735, -27.398998956510532], [153.15772519532766, -27.399109956424358], [153.15776122495703, -27.39924497584925], [153.1579621556282, -27.399361965859644], [153.15810216525176, -27.399394965780385], [153.1582491952093, -27.399394965780385], [153.15838018484905, -27.39933295603645], [153.15863017521286, -27.399321965894163], [153.15885016543942, -27.39924597596887], [153.1590181755504, -27.399186956133832], [153.16048415512716, -27.39881793589855], [153.16113513546745, -27.398728955974672], [153.16187510561474, -27.398607946449147], [153.16253009513622, -27.398454946296688], [153.16267510568093, -27.39834692616976], [153.16272810538436, -27.398278926233434], [153.1627950855686, -27.398236926416086], [153.16293611567832, -27.398190936434272], [153.1639450854391, -27.39819692604347], [153.16406305489718, -27.398405926514588], [153.16426012550758, -27.39934392623907], [153.16437812550836, -27.40010092581175], [153.16438513506253, -27.400125926213843], [153.1644071051594, -27.400151936292207], [153.164501125532, -27.40018392629552], [153.16463811501959, -27.40067894591262], [153.16456011520177, -27.400772946329415], [153.1645460951951, -27.40081094635641], [153.16394311543374, -27.4008179359291], [153.16403009481107, -27.401686956327527], [153.16094668509058, -27.402123016342653], [153.16085817498387, -27.401338945757676], [153.1572160248347, -27.40173005621691], [153.15470055518958, -27.401793646108555], [153.15440949564768, -27.402798615789273], [153.15528484550154, -27.402900335965136], [153.15569273543775, -27.403164805910794], [153.15586825546447, -27.403279966261685], [153.15548727546093, -27.40357095577815], [153.15523527556581, -27.403741986159638], [153.15493126501246, -27.403995976414556], [153.15468325543387, -27.40416397640512], [153.1543202956349, -27.40445397628159], [153.1532813248385, -27.40548198623018], [153.15263932495608, -27.406127986098006], [153.15175532522437, -27.407252976320976], [153.15092334513406, -27.408353005998883], [153.15036836505325, -27.409204006490018], [153.15002939566222, -27.40972947609733], [153.14926106570144, -27.411118296025563], [153.14894712517088, -27.41169223614509], [153.14879039520497, -27.411969886066046], [153.14833841505623, -27.412833015756576], [153.14687246512383, -27.415608036274644], [153.14624350518613, -27.416652026366943], [153.14539951551885, -27.417942036136296], [153.14468250541185, -27.418959036059835], [153.14397170535844, -27.419845126350484], [153.1438569851068, -27.420006336355943], [153.14380990530108, -27.42008078579388], [153.14379179526495, -27.42010425626261], [153.14374989514513, -27.42015509643531], [153.14372788552237, -27.42018586621882], [153.1437137954471, -27.420198095825906], [153.143691784926, -27.420226596219454], [153.14365641555835, -27.420265676401314], [153.14364740545608, -27.420277416401017], [153.14364079565217, -27.42029369595026], [153.14363287520635, -27.420308836024567], [153.14361999516177, -27.420324486427322], [153.14357188498843, -27.420371266183256], [153.14352801486322, -27.420424326168778], [153.14348979514114, -27.4204780360019], [153.1434382956242, -27.420534956100767], [153.1434144956591, -27.420560065906283], [153.14339850564704, -27.42057450583603], [153.14336310483827, -27.42061075595993], [153.14331740484488, -27.42066042612976], [153.14328119555242, -27.42071018638219], [153.1432637152353, -27.420732536386343], [153.1432445155427, -27.42075149589078], [153.14322509486462, -27.420774935916235], [153.14316381538913, -27.420853196348883], [153.14314830507746, -27.42086991597115], [153.14307387516462, -27.420940086048407], [153.14302770535227, -27.42097958620058], [153.14299748512778, -27.421009685949763], [153.14296977569452, -27.421041485718224], [153.142942695082, -27.421075026171234], [153.14288922555963, -27.421134176249907], [153.14286097534057, -27.42116203610142], [153.14283706488263, -27.421188266090564], [153.14281136498067, -27.421214465772835], [153.14273482492527, -27.421300415869357], [153.1427065055359, -27.421326015892088], [153.1426764254486, -27.421354986451103], [153.14265252487218, -27.421381206028432], [153.14262810506946, -27.421405176180347], [153.14259609540096, -27.421432985728334], [153.14255999570295, -27.42146976583027], [153.14252969552845, -27.421511165956375], [153.1424994052353, -27.421541815754654], [153.14247297500305, -27.421566366366168], [153.14239370496745, -27.421627396408503], [153.1423641755474, -27.42165409594502], [153.14233858523994, -27.421675246496125], [153.14231226550038, -27.421698605789967], [153.14223729570008, -27.421759736229234], [153.14213659545507, -27.421849886501484], [153.14210520562406, -27.421875445730446], [153.1420788149176, -27.42190219623932], [153.14204238553793, -27.421925455812673], [153.14200979555775, -27.421948176352487], [153.14197639529715, -27.42197878616051], [153.1419123049932, -27.422033295806262], [153.14187890563093, -27.422063336262198], [153.14185068505626, -27.422087256031197], [153.14183459533126, -27.422105106149463], [153.14180648524933, -27.422122815926183], [153.14177641504358, -27.422146695813392], [153.14174940539792, -27.422171766180924], [153.1417256755014, -27.422191206257175], [153.141672425168, -27.42223963579397], [153.14165198490196, -27.422252926483107], [153.14163468514624, -27.42226792595041], [153.14161482519194, -27.42228237602272], [153.14157069545362, -27.422312276072535], [153.14152908548965, -27.422346186122436], [153.1414990152838, -27.422369495836975], [153.14141688501232, -27.4224406959688], [153.14139188489796, -27.42246408619837], [153.14129307560663, -27.422547496479083], [153.14127322553375, -27.422566426169027], [153.1412239152112, -27.422605885870755], [153.14120018531463, -27.422623625867427], [153.14106371505332, -27.42268301592371], [153.14101359534865, -27.42271405611014], [153.14094819530104, -27.422756675751774], [153.1409057049881, -27.42278786582375], [153.1408748954688, -27.42281730644959], [153.140824715577, -27.422859666107744], [153.1407305748302, -27.42292915635658], [153.14067400522185, -27.422966946230993], [153.14063279500817, -27.422998246280905], [153.14054468555014, -27.42306087585686], [153.14049978505727, -27.42309637643287], [153.14045868533643, -27.423125996385], [153.14041660555358, -27.42316003615647], [153.14036586511307, -27.423195575771754], [153.14031706503354, -27.423232386384093], [153.1402648756105, -27.423270035817602], [153.140223195578, -27.423305836137434], [153.1401288050995, -27.423377536413465], [153.1400189052076, -27.423473316382843], [153.13997659545603, -27.42350335644706], [153.139875715548, -27.423566515986273], [153.13982931486856, -27.423593336253873], [153.13973562507604, -27.423654315739178], [153.13968620515897, -27.42368994609528], [153.13964130556445, -27.423719766027254], [153.13960371556138, -27.42374801593614], [153.13952490546322, -27.42381210586187], [153.13948362518096, -27.42384395585475], [153.13943402560085, -27.423876166247805], [153.13937748563689, -27.42391851593141], [153.13918669514862, -27.424042426457756], [153.13911972484587, -27.424087176144056], [153.13897660525484, -27.42417359604392], [153.1388399149062, -27.424243005729586], [153.13872260570994, -27.4243102561136], [153.13866898527058, -27.424338686075316], [153.13859879540584, -27.424388836175098], [153.13852459546172, -27.424430636279794], [153.1384622155501, -27.42445823615712], [153.13840589567332, -27.424487575870092], [153.13829171530918, -27.424555116344507], [153.13816407548705, -27.42463957596659], [153.1380514752595, -27.424709556268954], [153.1380051949544, -27.42473582608078], [153.137951725432, -27.424768236350882], [153.1379096752935, -27.424795506037142], [153.13785999486507, -27.42482939618784], [153.1378082752609, -27.424862555947612], [153.13776458569706, -27.424893636186642], [153.13771801523612, -27.424932926016826], [153.1376708150561, -27.424965946207855], [153.13762260516975, -27.42499771613218], [153.13750339513834, -27.42506423647467], [153.13744061547638, -27.425100316085114], [153.13737082536196, -27.425141976383085], [153.13724398504044, -27.425209486157666], [153.13719799489115, -27.425232386224195], [153.13715959550603, -27.42525600629828], [153.13712087542237, -27.42527619614325], [153.13706619497106, -27.425294086411157], [153.13700027569715, -27.425313836108963], [153.1369215051248, -27.42535000573895], [153.13619870537585, -27.425626106357093], [153.13580490551485, -27.425790345834322], [153.13620673541618, -27.426515676195198], [153.13554396558612, -27.426808085975733], [153.13581015526935, -27.427205095903307], [153.1355594354736, -27.42758658579555], [153.13633418569376, -27.42898364643252], [153.13675715564864, -27.429396406090145], [153.1362988953778, -27.429847566459923], [153.13595090510472, -27.430896755974977], [153.13672400511967, -27.43254600585526], [153.1367924055404, -27.432612795921845], [153.13682690533886, -27.432589946021672], [153.1368544952962, -27.432566455882455], [153.136879605005, -27.43254267631714], [153.1368989951404, -27.43251999622808], [153.13692300531136, -27.432495006345988], [153.1369519849624, -27.432468016023215], [153.13701600519772, -27.432401005813038], [153.13704601521644, -27.432376015904023], [153.1370679853134, -27.432352996128973], [153.13709200536576, -27.43233000584937], [153.13715299558365, -27.432285005961074], [153.13718098529128, -27.432262016464623], [153.13725099549293, -27.432210016205648], [153.13734801534022, -27.43211900612578], [153.13736797500755, -27.432097016417025], [153.13738498550578, -27.43207399578648], [153.13741090549496, -27.432044496236287], [153.13743411526698, -27.432027436261468], [153.1374640049114, -27.432010006333535], [153.1374829952965, -27.431992006328223], [153.13750799541089, -27.43197500614335], [153.13754500510228, -27.431948016490708], [153.13755500514804, -27.431932016122797], [153.13757697524494, -27.431919006453807], [153.13760497483398, -27.431899005988246], [153.13762300492007, -27.431885006058902], [153.13764099548024, -27.431869006479182], [153.1376550154869, -27.431853996356537], [153.1376689950694, -27.43183399587927], [153.1376849850814, -27.431821016496414], [153.1376965850267, -27.43180672633685], [153.13773400524812, -27.431773005762768], [153.1377549854016, -27.431752006242746], [153.13778097545944, -27.43172901583798], [153.13780298508217, -27.431711015786842], [153.1378260151911, -27.43169001625504], [153.13784897523146, -27.43167101637145], [153.13791000497528, -27.431607005954827], [153.13793201549635, -27.431590005710675], [153.1379509951017, -27.43157000598285], [153.13797300562277, -27.43155699627119], [153.1379849756739, -27.431541015779352], [153.13801698534246, -27.431511005807888], [153.13804800506753, -27.43148501586961], [153.13807998509165, -27.43145400605488], [153.1381329856934, -27.43138600576554], [153.13818999547627, -27.43133100640367], [153.1382089750816, -27.431307005716754], [153.13822919526035, -27.431285125875352], [153.138297595681, -27.43121903584331], [153.13953520554628, -27.433469456068106], [153.1397685456363, -27.433649196053462], [153.13899204549787, -27.435939055951042], [153.13832701550655, -27.436823006426735], [153.13605974498458, -27.43868604619409], [153.13620399555455, -27.438922016214935], [153.13666400484527, -27.439509006364865], [153.13675700563, -27.43961001586576], [153.13687000560788, -27.43969901627556], [153.1369969950497, -27.4397709961037], [153.1371359850854, -27.439824996291083], [153.13722299500554, -27.439842006428343], [153.13770699560254, -27.439917996330358], [153.13861200513207, -27.440407006023083], [153.13911698498424, -27.44098000624005], [153.13922400487735, -27.441092005962638], [153.14178469571382, -27.44238915639261], [153.14311337498597, -27.44257206599034], [153.14384275489437, -27.442237015709843], [153.14433871566106, -27.44129301585702], [153.14540268567347, -27.43913500643618], [153.1459536556749, -27.43612999605287], [153.14606567559082, -27.43545600607577], [153.15019349540674, -27.43602752594244], [153.15025499496943, -27.436036016155764], [153.15308655571192, -27.436445955790866], [153.1533728649626, -27.43648199580414], [153.15408395517187, -27.432546696319793], [153.15433252529917, -27.431171066308124], [153.1547474553323, -27.428874956097612], [153.1548624648415, -27.428486956450975], [153.15501248529057, -27.428135955778796], [153.155178445446, -27.427835966041336], [153.15533616535538, -27.42766757627138], [153.15542847533564, -27.427568975765144], [153.15589446560952, -27.427251956465202], [153.15848498500503, -27.426162105777934], [153.16148998527603, -27.426580996414412], [153.16341131548043, -27.426836905993092], [153.163538335465, -27.426869916046577], [153.1636423154591, -27.426915906051317], [153.16372433523782, -27.426949906381974], [153.165434255025, -27.42356190640163], [153.16596897540117, -27.42354949616448], [153.165990985024, -27.42357001643183], [153.16600500503063, -27.423585015720263], [153.16606800567814, -27.423644016144145], [153.16818938530642, -27.423950576398077], [153.16937522526183, -27.424117865892953], [153.16944023544065, -27.424046866183705], [153.1694472449948, -27.424004876160886], [153.1695312356772, -27.42394987631135], [153.16965423570085, -27.423926876308183], [153.16973121503253, -27.423853875884983], [153.16983724498215, -27.42374587580387], [153.1699272148511, -27.423755866011135], [153.16997722496123, -27.42372687614783], [153.16998919501245, -27.42368887602855], [153.17003321515634, -27.42367586618552], [153.1700571956828, -27.423612875750802], [153.17009818491096, -27.423606865990394], [153.17014519554638, -27.423598876365407], [153.17017720521488, -27.423556875806458], [153.17014519554638, -27.423482876035774], [153.17020221521068, -27.423468875836488], [153.1703671953042, -27.423382866030348], [153.17037919499975, -27.423336876148756], [153.17035120529215, -27.423256866451183], [153.17036521541735, -27.423221876243872], [153.17034521532585, -27.423193866208983], [153.17034919486258, -27.423170876414122], [153.17042621551673, -27.423189876165832], [153.17047720568883, -27.423158866413264], [153.17046022483504, -27.42309086579887], [153.17057221510657, -27.423037876465884], [153.17062119484913, -27.422952866229096], [153.17058823566134, -27.422862865966053], [153.17062619487197, -27.42284586597016], [153.17064922498093, -27.42276786609613], [153.17069320559892, -27.42273186625835], [153.17072821564054, -27.422654875780065], [153.17067919547378, -27.42259787623896], [153.1707082056675, -27.42254087587109], [153.17069419554235, -27.422492865886042], [153.1706871850899, -27.422392876513154], [153.17072423520545, -27.422360865828985], [153.1707692048686, -27.42228587650899], [153.1707382156862, -27.42223586579261], [153.17072719515434, -27.422189876230732], [153.17077719538307, -27.422167875773127], [153.17082504504498, -27.422118006139286], [153.17081322501247, -27.42207587584172], [153.17074919489562, -27.42203887586503], [153.17073919484992, -27.421970876155722], [153.17080522551484, -27.421877876145377], [153.17081121548114, -27.42181186580175], [153.17074821483365, -27.421772865905155], [153.17075321485655, -27.421672875880354], [153.17071821559477, -27.42158586635267], [153.17076890483128, -27.421559026460336], [153.17079518504494, -27.421509866222298], [153.17073021529032, -27.421437866512182], [153.17077120541674, -27.421391875820593], [153.17076022530904, -27.42130287580014], [153.17071919565674, -27.421250866392437], [153.1707582148794, -27.421174876397526], [153.17082822508104, -27.42109086624326], [153.17079821506235, -27.421030866127555], [153.1708331855781, -27.420984876063862], [153.17082314510813, -27.42095786618205], [153.17075620534808, -27.420924866321915], [153.17076916534273, -27.420830866303834], [153.17073620525665, -27.420797875974422], [153.1707301856459, -27.42076387614161], [153.1706721850213, -27.420762876216717], [153.1706521849298, -27.420708876272634], [153.17057918513487, -27.420710876123387], [153.1705511855458, -27.420664865991686], [153.1705691850891, -27.42057286640294], [153.1706201752613, -27.420529866360834], [153.17071415520968, -27.420494865720794], [153.1707561757037, -27.420446876375795], [153.17070715553697, -27.420363866393615], [153.17071018555444, -27.42032487635175], [153.17068419549662, -27.4202798763546], [153.17070116557065, -27.420211876359573], [153.17080216495467, -27.4201518757663], [153.1708431550811, -27.420098876251775], [153.17082519506363, -27.42004886613978], [153.1707911749655, -27.42003386637106], [153.1708001850678, -27.419970876251092], [153.1708871653435, -27.41988886584394], [153.17085716520626, -27.4198358757719], [153.1707431752849, -27.419812866140553], [153.17071718522712, -27.419741866055567], [153.17078018497634, -27.419619876416263], [153.17084618509855, -27.419600876050346], [153.17099218558675, -27.419635876176283], [153.17102017529436, -27.41958886645864], [153.17095316546576, -27.41938486586892], [153.17091417498915, -27.41936087614095], [153.17071718522712, -27.419303876494503], [153.17063915486662, -27.419248875898425], [153.1705681951457, -27.419213876447227], [153.17053618547712, -27.419178865821337], [153.1705441750933, -27.419150876290775], [153.17065415493522, -27.41914286640843], [153.1706851755586, -27.41910786612624], [153.1706461554376, -27.41894686612064], [153.17059418520347, -27.418891876510404], [153.17052516494527, -27.418895876277656], [153.17047417567142, -27.418903866242882], [153.17045219569303, -27.41882287651573], [153.1705681951457, -27.418734866394196], [153.17058819523714, -27.418678875937264], [153.17029718510256, -27.418412876224526], [153.1702811950905, -27.418356876035453], [153.17021717485514, -27.418278865814244], [153.17022020487263, -27.418159875999205], [153.17015917512882, -27.418114875917325], [153.1700881848652, -27.418075865943717], [153.17000715502994, -27.41795287610874], [153.17001719549984, -27.41792286643106], [153.1700881848652, -27.417902865822427], [153.1700391655968, -27.41782986620159], [153.17001116510932, -27.41779986605939], [153.1700471552129, -27.4176378761551], [153.170080195249, -27.417573866374415], [153.170064205237, -27.417348866182767], [153.17003117508233, -27.41730887591775], [153.17003719559133, -27.417249876096367], [153.17007716523162, -27.417226876292606], [153.1700442051455, -27.417203866117667], [153.1700051850245, -27.417197875943828], [153.16989418559476, -27.417098876153098], [153.1698621750279, -27.417022865758288], [153.16996517496005, -27.417028875877], [153.17013516495794, -27.417092866038196], [153.1702031548485, -27.417080876109136], [153.17029415508506, -27.41697786601057], [153.17035416524104, -27.416963865784084], [153.17040420499563, -27.41691287582306], [153.17042420508707, -27.41685987634907], [153.17082814513103, -27.416561875838948], [153.17092914541337, -27.416566876450883], [153.1709931656487, -27.416536866396598], [153.1711201452091, -27.416434876487738], [153.17123216512502, -27.416385866276055], [153.171325135367, -27.41632687632808], [153.17134312502887, -27.41628787608941], [153.17143014483045, -27.41619587604439], [153.17150416511154, -27.416170866519167], [153.171651115119, -27.416134866125805], [153.17177912504698, -27.41604587622267], [153.1720001654041, -27.416027876007085], [153.17213616494823, -27.415993876300707], [153.1722591353275, -27.416008875820655], [153.1724500955973, -27.415998865774416], [153.1725910951643, -27.41596386609078], [153.17267910490935, -27.41595787584969], [153.17282612498536, -27.416014866058998], [153.17301011522687, -27.41600587591685], [153.17304110530756, -27.415983866253118], [153.17312012561158, -27.415976876044898], [153.17325109548838, -27.41602987594259], [153.17328510480675, -27.416013876457626], [153.1733260949331, -27.415953875976058], [153.17347213494716, -27.41594486589336], [153.17358211568742, -27.41587586644991], [153.1736961352532, -27.41588487574083], [153.17375110496207, -27.415816865863057], [153.17375811541456, -27.415775866301683], [153.17381811568902, -27.415743866458445], [153.1738370952943, -27.41568486580106], [153.17381213560415, -27.415472875762102], [153.1739020650489, -27.415350866256645], [153.1739300655363, -27.41516586614841], [153.17401007488544, -27.4150628757946], [153.17403708542938, -27.414957875820726], [153.17400306533122, -27.414730875923386], [153.1740410955088, -27.41466686605293], [153.17407307553293, -27.414555865816315], [153.1740390554348, -27.414491875780282], [153.17410106524056, -27.414416876332815], [153.1740990655907, -27.414352866280435], [153.174141075305, -27.414249875966036], [153.17413709486996, -27.41416786609564], [153.17416107539648, -27.413982866398484], [153.1741390648754, -27.413820866111823], [153.17415107535072, -27.41378687609288], [153.1741870654543, -27.41375587645918], [153.17420706554574, -27.41370686585629], [153.17420706554574, -27.413512875839487], [153.1741730849735, -27.41338986577247], [153.1741950550704, -27.413310875974208], [153.17413406485247, -27.413120876466543], [153.17407905561777, -27.41289586640706], [153.17408208563523, -27.412829876213518], [153.17415209493856, -27.41275287644033], [153.17418509544888, -27.412625875899717], [153.1741450853844, -27.412509876006762], [153.17419706549998, -27.412182876450263], [153.1742220251902, -27.412106876229387], [153.1742380556264, -27.41194487638154], [153.17417403539108, -27.411721875902124], [153.17412106533203, -27.41168786609845], [153.173974045256, -27.4116848764442], [153.17395503510795, -27.411626876018893], [153.1739760556856, -27.411595866209662], [153.17399102521154, -27.41150087578754], [153.1740360649432, -27.411473876345838], [153.17414804533323, -27.41146386588869], [153.17419501554454, -27.411432866400588], [153.17421206556867, -27.411375865852875], [153.17418103506378, -27.41124087640023], [153.1741230452189, -27.411189866253423], [153.17405704509667, -27.411165876340522], [153.1740620451195, -27.41112387583831], [153.1741110356419, -27.41107686648531], [153.17409405568637, -27.411032876290303], [153.17400007483968, -27.4109718659127], [153.1739890453246, -27.41093186616195], [153.17401405532044, -27.410902876122442], [153.17407102557743, -27.410883875851994], [153.17420903555117, -27.410902876122442], [153.17425006520347, -27.41089086638249], [153.17427104535696, -27.410830875877764], [153.17426604533404, -27.4105558762503], [153.17421104508247, -27.41035786626998], [153.1742540348587, -27.41023387579627], [153.17424903483578, -27.409888876262116], [153.17428006534067, -27.409728866034346], [153.1742670352775, -27.40965886587293], [153.17409102566893, -27.409509865974016], [153.17408705511536, -27.409457875735036], [153.17419104499098, -27.40935886581798], [153.17422604515107, -27.409294875961635], [153.1742410452197, -27.40918487593952], [153.17422305555783, -27.409148876459465], [153.17415705543561, -27.409102866296596], [153.17414603490369, -27.408982876135664], [153.1741990355054, -27.408915866028384], [153.17424203516316, -27.408902875977056], [153.17427404483166, -27.408848875817306], [153.1742540348587, -27.40879387639539], [153.174253055695, -27.408719876303547], [153.17437602517597, -27.40855887630963], [153.17440200535228, -27.40849286598114], [153.17438700528368, -27.408468865912983], [153.17433901548458, -27.40848586572921], [153.17424801524794, -27.40856486615447], [153.1741820654314, -27.408593875946853], [153.17415304535615, -27.408565866189768], [153.1742069954772, -27.408526866401107], [153.17424699566013, -27.408468865912983], [153.17426900528295, -27.408317876296437], [153.17428601488277, -27.40829887637893], [153.17428002491647, -27.40823987573284], [153.1742390051457, -27.408199875790544], [153.17406402500646, -27.408133866045088], [153.17409303520017, -27.408086865787176], [153.17415702489285, -27.408065865750324], [153.1742160451053, -27.408088876233652], [153.17424002563183, -27.40806987627678], [153.17419202505295, -27.407849876076426], [153.174067015498, -27.407783866121868], [153.1740690250293, -27.407665876210476], [153.17405303501724, -27.40757887638387], [153.17413300484043, -27.407536876113074], [153.17417603504086, -27.407498876006237], [153.17408201556665, -27.4074278759814], [153.17415702489285, -27.407388875791103], [153.17414702484714, -27.407352876523404], [153.1740270054336, -27.407345865831928], [153.17398700525058, -27.407317876493114], [153.1739740156116, -27.40727086631828], [153.17405500502267, -27.4072338661673], [153.1740650050684, -27.407198866099304], [153.17404602546307, -27.407154866385405], [153.17398700525058, -27.407127876249035], [153.17397499567357, -27.407086866285674], [153.1739940148048, -27.407025866488937], [153.17397601526142, -27.406950865960617], [153.17391900547855, -27.406855876329995], [153.17386301528353, -27.406813875784376], [153.1738290356096, -27.40675787609539], [153.1738530152378, -27.40669286633826], [153.17384501484185, -27.4065958763796], [153.17378804548318, -27.40653389619546], [153.17382403558668, -27.406476885942983], [153.1738010351222, -27.40639488625262], [153.1737189848008, -27.40634788605252], [153.17364003546368, -27.406329876281937], [153.1736090148403, -27.40629789603244], [153.1736960256587, -27.406261896409312], [153.17371402520206, -27.40620689649726], [153.173702995687, -27.40615388630467], [153.17374103484772, -27.406104885886958], [153.17374902536218, -27.406038896422373], [153.1737280353272, -27.405944896496884], [153.17373603482483, -27.405876886082613], [153.17364901502324, -27.40574888635004], [153.17361802494258, -27.40554288639436], [153.17359101529692, -27.40545288630093], [153.1735940048902, -27.405330876097356], [153.17357203569168, -27.405235885871715], [153.17359499483365, -27.40507589602102], [153.17354502514766, -27.40493189586585], [153.17350903504416, -27.404793886369774], [153.1733130352255, -27.404469886524975], [153.1730840348967, -27.40420900609486], [153.1728629855564, -27.40405689574036], [153.17278699526986, -27.40400988577331], [153.17269800546285, -27.403916885794366], [153.17255901542723, -27.40375388582255], [153.17240100536196, -27.403642885787328], [153.17219098553676, -27.40356388583083], [153.17197800486434, -27.403527886114595], [153.17185602532686, -27.403450895809286], [153.17166699553658, -27.403362886201805], [153.17144802489787, -27.40330788644201], [153.1714210152522, -27.40328389641288], [153.17144802489787, -27.403235886033496], [153.17142003519024, -27.403207896451203], [153.17116705523318, -27.40309889603717], [153.17096506544829, -27.402979885884882], [153.17072007510737, -27.402709895870856], [153.1707100355358, -27.402665886394487], [153.17076905484996, -27.402604885752485], [153.1708370555203, -27.402604885752485], [153.17088702520633, -27.402717886209178], [153.17098407559635, -27.402783895999747], [153.17103400485817, -27.4027968963406], [153.17107204491717, -27.402778896359028], [153.1710920450087, -27.402691895875112], [153.17107204491717, -27.402481876301938], [153.17099400557348, -27.40221988581343], [153.1708900147996, -27.402111875745938], [153.1707110254792, -27.40190090601653], [153.17043701506302, -27.401652916319325], [153.17016702550612, -27.401478906332635], [153.1697880451523, -27.401444895768886], [153.1695490456761, -27.401508906121464], [153.16861303528597, -27.401357915768177], [153.16833103525366, -27.40133290607441], [153.1680160454909, -27.401381906215335], [153.16777309522396, -27.401365926142464], [153.1674250753065, -27.40140791599811], [153.16709507559364, -27.401420926071133], [153.16672306526817, -27.40138092605324], [153.1665890752553, -27.401321926498817], [153.16636606489274, -27.401288926355843], [153.16596408497279, -27.40130592647906], [153.16580808533715, -27.401221916368176], [153.16571906498746, -27.400984935861395], [153.1656730748382, -27.400696926297854], [153.16555309495052, -27.40055691608309], [153.16548305510443, -27.400084926412784], [153.16553407492106, -27.40002293619679], [153.16554506491022, -27.399850906326478], [153.1655170752026, -27.399603905765876], [153.1654560751032, -27.399348906096613], [153.16540107485164, -27.398871916235862], [153.16547608507616, -27.39845393580177], [153.16544206497807, -27.398304935948836]]], [[[153.23547183554604, -27.33755204588097], [153.2353732553251, -27.33815038621823], [153.23532664533823, -27.338817326409725], [153.2353065248725, -27.339484316051923], [153.2352851755115, -27.340105076093817], [153.23531543526184, -27.340702036530278], [153.2354748655635, -27.341391276335706], [153.2357365349243, -27.342009226465297], [153.23604996521178, -27.342628255969224], [153.23623122547318, -27.342879616049817], [153.2365163956601, -27.343268436391746], [153.2369304552257, -27.343655945942714], [153.23724073512147, -27.343952206299587], [153.23765621492353, -27.34443222650966], [153.23775889505544, -27.3445686260656], [153.23835406486378, -27.345162345985937], [153.239053145496, -27.345846166444318], [153.23980270515895, -27.3465073160645], [153.24050044550475, -27.347145996327875], [153.24124978508044, -27.34769203658751], [153.24140418481656, -27.347783136125823], [153.24194573508387, -27.348077896541987], [153.24266657560725, -27.348324965862236], [153.24294988538324, -27.348414725987066], [153.2434644655308, -27.348502916551467], [153.24410810483857, -27.348658685905587], [153.24482770478855, -27.348883165993875], [153.2452652256544, -27.349040355883023], [153.24557522527576, -27.349198936296407], [153.24627124534777, -27.349584755894455], [153.24657981485132, -27.34967455648935], [153.24704420522562, -27.349946806336657], [153.2477414254469, -27.350332596201405], [153.24848591501836, -27.350395645940694], [153.24886993492083, -27.35030016650376], [153.24953477536766, -27.350192226224532], [153.25008187542687, -27.35022881618856], [153.25083994483052, -27.35049053644882], [153.25180803495766, -27.35060155630923], [153.25290219555012, -27.35063716632416], [153.2538700251659, -27.35063538622264], [153.25475321551556, -27.350408286204313], [153.25567827544234, -27.350105936001885], [153.25643484555778, -27.34972870602301], [153.25740125493707, -27.349125586520138], [153.25819922481068, -27.34844759588498], [153.25870270537462, -27.34780773582889], [153.2595841449078, -27.34686653596522], [153.26025679530773, -27.346602185965608], [153.2611386049468, -27.345811296165063], [153.26155762500943, -27.345058826043616], [153.26201799542284, -27.344005616544408], [153.26214264565164, -27.343328866502972], [153.26251928499582, -27.34246373656303], [153.26327465496198, -27.341597896068542], [153.26436647544315, -27.340693826262402], [153.2653746052792, -27.339977816586693], [153.26637182507608, -27.3394985758521], [153.2670906551698, -27.339377515915164], [153.26783335529723, -27.33925650611845], [153.26855237493547, -27.33922803592839], [153.26924620491485, -27.339268486130923], [153.26996382497788, -27.339217376562242], [153.27067951545968, -27.338843566354182], [153.27080679505735, -27.33870457589196], [153.27100743557273, -27.3380598166015], [153.27061794493017, -27.33741959651255], [153.26922119491906, -27.336235086152907], [153.26880498478667, -27.335502315943074], [153.26849112510445, -27.334814576476255], [153.26833176487136, -27.33419532616792], [153.26819876480204, -27.333552265958545], [153.26796216562417, -27.332888026511778], [153.26762326540347, -27.33227029605519], [153.2669773955788, -27.331676795952195], [153.2663068948473, -27.331337336386582], [153.2653798649152, -27.33100050610616], [153.2648134250263, -27.330843626599886], [153.26417120505656, -27.33071053637168], [153.2634505855188, -27.330578666184504], [153.2626791949978, -27.330308165937705], [153.26200901496492, -27.33010632617778], [153.2612627350511, -27.329790625963405], [153.26105658516812, -27.329700656030003], [153.2605418648833, -27.32952000648112], [153.25979605478838, -27.3293656060085], [153.25881855480856, -27.329073995996886], [153.2576855950807, -27.328715016095526], [153.25691303495316, -27.328468136085785], [153.25624395535655, -27.328197406435983], [153.2555733351492, -27.327765266478572], [153.25482399557345, -27.327219016306017], [153.25417699476986, -27.32653501627171], [153.253914994829, -27.325894006567644], [153.25375600560017, -27.32525100594683], [153.253520465536, -27.32460927613348], [153.25336399518318, -27.324358006303488], [153.25310400477363, -27.32392299582998], [153.25289598549656, -27.32372199600623], [153.25266359492585, -27.32342024658341], [153.25253500558446, -27.32332900650725], [153.2519139948387, -27.32280500610486], [153.25176000563272, -27.322692006257082], [153.25119297555065, -27.322488006551097], [153.25049801549068, -27.322219006146103], [153.25021396550287, -27.32203699641729], [153.24995598552297, -27.321809006172497], [153.24977502529885, -27.321764016380527], [153.24943797560763, -27.32139900627937], [153.24905100563768, -27.321056996422115], [153.2483302756072, -27.32080983598661], [153.247611085289, -27.320723106273338], [153.24681519501527, -27.32075269617429], [153.24661061538745, -27.320799346442843], [153.2461752055625, -27.320987496447476], [153.24548634506328, -27.321452496028616], [153.2448497153096, -27.32210024581758], [153.24474765501526, -27.322216686073393], [153.24429009543036, -27.322725305976274], [153.2440089748487, -27.323003345950685], [153.24357633542803, -27.3233754761218], [153.2432949255889, -27.323538426085655], [153.24252754514734, -27.323912176172886], [153.24227124501698, -27.324005156394275], [153.24181024488453, -27.324100726323763], [153.24109276495872, -27.324175336078934], [153.24040072532168, -27.324341355892155], [153.2396834250589, -27.32455351656604], [153.2389916055091, -27.324812076413536], [153.2382759554515, -27.32516196608031], [153.23804640535366, -27.325348576377454], [153.23735782512887, -27.325973725966808], [153.23679813518098, -27.326621316070042], [153.23634086485356, -27.327246175969766], [153.23611266492367, -27.32750047587578], [153.2358077452752, -27.327916275838955], [153.23542603494127, -27.32844848640757], [153.23514954517492, -27.32916329607804], [153.2350777149865, -27.32985284625309], [153.23539639502846, -27.331138906107334], [153.23552899534755, -27.331735605998684], [153.2355594751852, -27.332401416480437], [153.2355392954306, -27.3330220964895], [153.23546738529214, -27.3336665962037], [153.23542073488113, -27.334311065836264], [153.23547636485173, -27.33493053654597], [153.23553345548294, -27.33561995588582], [153.23553845550583, -27.33621804650636], [153.23549180509485, -27.33686249651615], [153.23547183554604, -27.33755204588097]]], [[[153.23212008557542, -27.420906416377704], [153.23178398540338, -27.420811676367954], [153.23153217505288, -27.420689466236215], [153.2311952753803, -27.420483286019675], [153.23101011553223, -27.420412726525456], [153.23087838568068, -27.42041635624832], [153.2305366054611, -27.420444306386038], [153.2301029051302, -27.42046090646163], [153.22965961528357, -27.420395356163], [153.2293510053559, -27.42034229616356], [153.22900630561168, -27.420333806338007], [153.22856560560803, -27.42036614613488], [153.2284348252757, -27.420362886399907], [153.2280436152577, -27.420264566431825], [153.2276041953533, -27.420187766404954], [153.22729937541789, -27.42020295593213], [153.22688470499787, -27.420229155848187], [153.22663482512684, -27.420229785787956], [153.2264479854292, -27.420191096315683], [153.2263875054544, -27.420210055913046], [153.22637081565475, -27.42026195577084], [153.22639658562528, -27.42033536603551], [153.2265380954354, -27.42045261599284], [153.22672468540134, -27.420570926353893], [153.22678987524318, -27.42067261581486], [153.22701719482416, -27.420828386427818], [153.22722970567764, -27.421040615769826], [153.22745881560095, -27.421280596081235], [153.22788958562754, -27.421541436200542], [153.22802470482264, -27.421628896284073], [153.2281957054252, -27.421810566071233], [153.22852749548042, -27.422134946443855], [153.22889537535224, -27.422571676087518], [153.22898221549073, -27.42270115618991], [153.22919989525036, -27.422990906470236], [153.2293041752818, -27.423259586281095], [153.2294601048488, -27.42365694625418], [153.22957091563237, -27.42391446611205], [153.2297402848944, -27.424382646253036], [153.23002560509994, -27.4249129458143], [153.23037899514625, -27.425383366275792], [153.23066106524712, -27.425858906121714], [153.23097697488478, -27.426189706019827], [153.2312117055668, -27.42654351634999], [153.23150158562078, -27.42691917595834], [153.23174938499366, -27.427289236156533], [153.23188958505997, -27.427572466515738], [153.23209058490147, -27.427795816119726], [153.2321684050562, -27.42789777640045], [153.23237028524667, -27.428212145898204], [153.23263480496183, -27.42862807623827], [153.23288369488938, -27.429009625797107], [153.2331354755955, -27.429504816050535], [153.2334748150924, -27.430006776531886], [153.2338697055082, -27.430312206061583], [153.23436931523153, -27.430470106266988], [153.23459930550385, -27.430507585795723], [153.23493090511624, -27.430381566440964], [153.23532948491285, -27.43018668640354], [153.23573978502898, -27.42999881607358], [153.23607350556378, -27.429679465997445], [153.23623582484745, -27.429437846299837], [153.23641120563528, -27.429094096363585], [153.23664848483784, -27.4286222357851], [153.23679171492162, -27.428332355964873], [153.23683339495423, -27.428224166512088], [153.23685902568587, -27.428083845935944], [153.2369247949411, -27.427787416169043], [153.23707130567237, -27.427176826148013], [153.23701538554593, -27.426570396492778], [153.2368789853532, -27.42608025624932], [153.2367370748945, -27.425633186055485], [153.23661786486304, -27.425047905800504], [153.23658691520657, -27.424346646144347], [153.23654800557836, -27.4239020359804], [153.23650168484903, -27.423516476347256], [153.23649741515646, -27.423038676229844], [153.23642372545538, -27.422629676347483], [153.23626107559173, -27.42228450581745], [153.23608507496633, -27.422004945786288], [153.23584870485885, -27.421703376523467], [153.2356190056407, -27.421468006005625], [153.2353775950862, -27.42128463642857], [153.23503628558393, -27.421112436327135], [153.2346508050208, -27.420989185938705], [153.2343244255185, -27.42091748650409], [153.23392080527483, -27.42089616596435], [153.2332966252727, -27.420942195934366], [153.23290530566024, -27.420982636204688], [153.23253220567827, -27.42095980622425], [153.23212008557542, -27.420906416377704]]], [[[153.22241925517895, -27.39013438618521], [153.2224244348649, -27.390801316357752], [153.2225065651364, -27.391421836553533], [153.22261409527258, -27.39208754581871], [153.22272147539002, -27.392706836089825], [153.2229060549264, -27.393327265833534], [153.22337391549272, -27.393990026134137], [153.2240450755875, -27.394490106204135], [153.22425148508364, -27.39464997578943], [153.22474262549045, -27.39496852588067], [153.22549098500423, -27.395422005832362], [153.22616200496188, -27.39573899604715], [153.22657299498417, -27.395920006547183], [153.2269079956182, -27.396079015883352], [153.22770799568437, -27.39653200636162], [153.22832700498375, -27.396918006313733], [153.22884398542973, -27.39719100610464], [153.22902301517428, -27.3972579962043], [153.22977101536196, -27.397620006350884], [153.2301333849678, -27.397847596497446], [153.23052090560492, -27.398143726179473], [153.23093379556403, -27.398462405774836], [153.2311921456498, -27.398689975843467], [153.2316580254309, -27.399031115927134], [153.2318897656214, -27.399213506370277], [153.2332096755397, -27.400375956242577], [153.2333909052584, -27.400558436183093], [153.23388248494138, -27.401014706095392], [153.23411557529977, -27.401242215879922], [153.23468300513218, -27.40167461620769], [153.23483889517325, -27.401858306241763], [153.23538226542738, -27.40233585583548], [153.23556356521465, -27.402542076301966], [153.2361068654002, -27.402974496267397], [153.2362867054251, -27.403088216503], [153.23700761511873, -27.403197555871465], [153.23775071499648, -27.403007816508723], [153.23849155561126, -27.40238140625375], [153.23912727537154, -27.40168747631443], [153.2395849849751, -27.40108625654875], [153.23999207541075, -27.400438926431054], [153.24044824530188, -27.39976892644357], [153.240855445332, -27.399191545999443], [153.2413112954229, -27.398360175868063], [153.24164099509846, -27.397876006152693], [153.24204720518514, -27.397205626146658], [153.24245286550283, -27.39655827649356], [153.24275632538894, -27.395958485985293], [153.24305964513786, -27.395335076124873], [153.24346183526362, -27.394252115886303], [153.243563995271, -27.394022016325458], [153.24381500522261, -27.393376015890755], [153.2440149953577, -27.392706996405582], [153.24408799515263, -27.392109005913433], [153.24410799524412, -27.39146499627709], [153.24407799510692, -27.390822015787556], [153.24402200491184, -27.39020100648205], [153.24391297548752, -27.389490016491248], [153.24372799530255, -27.388915996170855], [153.24349198541952, -27.38822799578609], [153.2434649748755, -27.388068016414966], [153.24330700523453, -27.387609005863453], [153.24296799541932, -27.38692201592442], [153.24276099483177, -27.386648006497698], [153.24239899533188, -27.386305996270938], [153.2420351255395, -27.3858484061824], [153.24190576544362, -27.385688416190362], [153.24154160549546, -27.385048016000265], [153.2413039948146, -27.38431400616899], [153.2411459856477, -27.383763006436904], [153.24101297479854, -27.383098006433052], [153.24093001538205, -27.382455006013807], [153.24089898487716, -27.38181201621494], [153.24081799546613, -27.381215006179712], [153.24071002515547, -27.380525005971673], [153.24062801525824, -27.37992901640637], [153.24057198553734, -27.379308006561626], [153.24056899504572, -27.379033005889923], [153.24051500539883, -27.37861800642483], [153.24040798550584, -27.377998996226285], [153.2402729750068, -27.37735601642467], [153.2400120054336, -27.376692016519904], [153.23982701536715, -27.37604900598937], [153.2397190154121, -27.375406006080944], [153.23955998486073, -27.374741006098517], [153.23940000479013, -27.374099016486266], [153.23903599486061, -27.37345700639712], [153.2384410056136, -27.3729330164956], [153.23828701550931, -27.372842015825544], [153.23769297488323, -27.372365006565722], [153.23738301478775, -27.372182006245467], [153.2369700152342, -27.371956016199633], [153.23678897506002, -27.37177400599824], [153.23617001516803, -27.371524996233333], [153.2355529749758, -27.37134600638259], [153.23480899564734, -27.371374006422954], [153.2345019955007, -27.371515006091208], [153.2341180151241, -27.371794006178362], [153.2335819751227, -27.372165006431374], [153.23340400539013, -27.37235000591006], [153.23289300502904, -27.372769015961534], [153.23266301565502, -27.37293099583705], [153.23207598548143, -27.37344200588947], [153.23194900502278, -27.37355700653858], [153.23154199543555, -27.374043016181957], [153.2312369949387, -27.37445900602807], [153.231058984782, -27.374690015804987], [153.2306009850226, -27.37533801596953], [153.23052597479807, -27.375476006392407], [153.2301699949089, -27.376008006036], [153.229787985436, -27.376470016246717], [153.2296359949815, -27.376655006135117], [153.22907598523335, -27.37737199597893], [153.22861801511837, -27.377950016035655], [153.22836298520585, -27.37825100591225], [153.22813501524456, -27.37852900625802], [153.227729964883, -27.37917500647006], [153.22762798543698, -27.37931399639596], [153.22732398566336, -27.379845006006946], [153.22699398505216, -27.380491006511445], [153.22691799566394, -27.380698996289023], [153.22661500559673, -27.381160996482954], [153.22615700493898, -27.381807995961484], [153.2257500249962, -27.38243200614791], [153.22549901504456, -27.38305401627036], [153.22514500516073, -27.38372400587412], [153.22476397485156, -27.38437000606051], [153.2244339850201, -27.385017016282344], [153.22405500556468, -27.385709006502687], [153.22382698529776, -27.386263006025885], [153.22365299510196, -27.386930005808583], [153.2235544049996, -27.387505405965065], [153.22333456479163, -27.38884073609284], [153.22305651554998, -27.389509296413948], [153.222623695568, -27.38994892591501], [153.22241925517895, -27.39013438618521]]], [[[153.18854375527212, -27.40103582630426], [153.18850473515116, -27.40092282652042], [153.18855773485456, -27.40087384611425], [153.18855174488823, -27.400626826306155], [153.18851575568306, -27.400607825863855], [153.18837672522312, -27.400659836217223], [153.1883517251088, -27.40061182629304], [153.18834172506303, -27.40046182605009], [153.18835070552095, -27.400406826441667], [153.18833070542945, -27.400325835915456], [153.18827273534754, -27.400251836533435], [153.18821674515252, -27.40007083631657], [153.18821974552557, -27.399849826458368], [153.18825773527894, -27.39983784582365], [153.18835869513708, -27.399843836141176], [153.1884167352876, -27.399815825761387], [153.1884267353333, -27.39974883641425], [153.1884097248351, -27.39970082609438], [153.18834774557206, -27.399624836429563], [153.18831372547396, -27.399428826239383], [153.18816272496287, -27.399181846269336], [153.1881367456849, -27.399097856077734], [153.18804571490554, -27.398978846402652], [153.18802873495008, -27.398915856241285], [153.18794672505285, -27.398783855927032], [153.1878507256917, -27.39869985586248], [153.1877937150105, -27.398572846348454], [153.1877877250442, -27.398446846385944], [153.18776973538226, -27.398398856236874], [153.1877266953004, -27.39835686603569], [153.18766373507708, -27.398330845964352], [153.1876347150018, -27.39828286613308], [153.18761574527795, -27.398168845859416], [153.18745773521275, -27.39791585590388], [153.18742572554424, -27.397805856518794], [153.18741973557792, -27.39769685636035], [153.18737173499903, -27.397598866348027], [153.18726074545071, -27.397549855756942], [153.18723770546032, -27.397496855768182], [153.18725274505485, -27.397358856129582], [153.18723373490678, -27.397318845868575], [153.1868837351024, -27.397043866053245], [153.18680773493443, -27.396988855971053], [153.18678773484294, -27.396952856506005], [153.18679273486578, -27.39682285652353], [153.1866477252194, -27.396631846069337], [153.1866347248006, -27.39655784580956], [153.18660472556166, -27.396520846059865], [153.1864327350157, -27.396459856382737], [153.18638375527317, -27.396433855804002], [153.1862947349234, -27.396283845903792], [153.1862387052025, -27.396207845914383], [153.1862337456039, -27.39617485620813], [153.186208735608, -27.3961518464345], [153.18615274541298, -27.39613785633027], [153.18611069527452, -27.396108856029326], [153.18606171553196, -27.395996856143306], [153.185915755468, -27.39591486622412], [153.18582172521394, -27.395825856048614], [153.18575872546475, -27.395715856179066], [153.1857677454485, -27.395637865863062], [153.185781725031, -27.395602855742297], [153.18568474560786, -27.395430846110745], [153.185511735474, -27.39526786632517], [153.18512877558354, -27.39484785599383], [153.18510377546917, -27.394777855977804], [153.18492875490574, -27.39457984644065], [153.18475578519607, -27.3945088660319], [153.18461277519953, -27.394267845750026], [153.18444275555726, -27.394067876440698], [153.18431073554984, -27.393927865805743], [153.1842807749385, -27.393833865948928], [153.18411677490693, -27.393685866419727], [153.18378875508103, -27.393429866486116], [153.18369677568074, -27.39338787599273], [153.18360975498084, -27.39343386637746], [153.1834657649223, -27.393569876156576], [153.18342378485238, -27.393627876487656], [153.18297677508218, -27.393944866263404], [153.18265681494088, -27.39409386640976], [153.18231980567387, -27.394191865909455], [153.18222677524471, -27.394210865859353], [153.182051785224, -27.394192866074796], [153.18180180564002, -27.394073875844278], [153.18147377503422, -27.393855866465614], [153.1812637956332, -27.393768876505543], [153.1810758150752, -27.393761865750026], [153.1809547850569, -27.393810876425228], [153.1808307950899, -27.393920875797388], [153.180753775334, -27.393960876122016], [153.18063777498307, -27.394083875912965], [153.18049583487996, -27.394347876441753], [153.18052784544682, -27.39449887637019], [153.18050882541726, -27.39471987618939], [153.1805338255316, -27.394793876084293], [153.18049583487996, -27.394904876232538], [153.1800288151368, -27.39529487610683], [153.17988084554153, -27.395381876032243], [153.17974082513814, -27.39543186620417], [153.17959482554826, -27.395533876296778], [153.17954785533706, -27.39558387597083], [153.17930282547022, -27.395671866249952], [153.17906386551985, -27.395750875834853], [153.17869988523472, -27.395936875897494], [153.1786518550114, -27.395951875747407], [153.17851884506055, -27.39606188575051], [153.17843588564406, -27.396174896086407], [153.17831386568238, -27.396304896033286], [153.1782028249301, -27.396535886506275], [153.17806084530113, -27.39662189647755], [153.1780228456663, -27.39669988609938], [153.17801284562054, -27.39675988587026], [153.17814785522125, -27.39686589609983], [153.17827987522867, -27.39694186612709], [153.17855085562738, -27.397080875996163], [153.17892487548417, -27.39732287592641], [153.1790908356396, -27.39740886614405], [153.17949784522685, -27.397528876049435], [153.17972586549377, -27.397696876299225], [153.1798548554837, -27.39774787592575], [153.18014984515503, -27.397888865903845], [153.1802578549915, -27.39796987576177], [153.18067588511067, -27.398182866013553], [153.18093879504482, -27.398346875924123], [153.1810747954873, -27.39837086622724], [153.18142982495894, -27.39839987630292], [153.18167583488773, -27.39846686646756], [153.18199984553263, -27.398458866251328], [153.18207879486965, -27.398522866369873], [153.1821338050027, -27.398603875763186], [153.18228279508418, -27.398928865810095], [153.18235984538268, -27.398998866387938], [153.18269382553063, -27.399139876304165], [153.18276883485686, -27.399157856142192], [153.1827948150332, -27.399164845819413], [153.1831218251528, -27.399285856330376], [153.18326680515483, -27.399412856252205], [153.1835128150836, -27.399541856262054], [153.1836577852041, -27.399713856306853], [153.18372878534925, -27.39973884642848], [153.18377980516578, -27.39977584589862], [153.18382780484637, -27.399881856426088], [153.18395581567268, -27.39992684638849], [153.18414977541724, -27.400048856177598], [153.18430179551612, -27.40016986651834], [153.18432081554568, -27.400305856047297], [153.1843958149904, -27.400412855807573], [153.18448079561628, -27.400462846097053], [153.1845798151134, -27.40049285652962], [153.18489780524928, -27.400678855791348], [153.18505679537643, -27.400959846330082], [153.18530080565543, -27.401205866089576], [153.1854777854445, -27.401346846074368], [153.18558276526352, -27.401468855891135], [153.1857417949166, -27.40157985651476], [153.18580676556957, -27.4017468560934], [153.18601678539477, -27.401950855756837], [153.18612679488103, -27.402002855907927], [153.18631579502696, -27.402135856459175], [153.18640178535918, -27.40226185620416], [153.18641580536587, -27.402375856305344], [153.18644781503437, -27.40244685638593], [153.1865067948227, -27.402494846372534], [153.18659078550508, -27.40250885640775], [153.18675076557574, -27.402581855784266], [153.18680781488445, -27.40264584633789], [153.18703079560265, -27.40282583587061], [153.187248805044, -27.40290682615996], [153.1874317747994, -27.403040836076414], [153.18746576525308, -27.403127825917938], [153.18751875507508, -27.403201825767017], [153.1875767548014, -27.403225835751787], [153.187762765354, -27.40326783606604], [153.1878377647988, -27.403254826210418], [153.18791774540176, -27.402998826105694], [153.1879807756937, -27.402887826109605], [153.18825178483846, -27.402751835769784], [153.18829978541734, -27.402703825956795], [153.18838778528095, -27.402596836389534], [153.18843074541275, -27.402414835934223], [153.1884937451619, -27.402345836016288], [153.18855776539732, -27.402282835810855], [153.1885187551578, -27.401786836040745], [153.18850075561437, -27.40175682595954], [153.188511775248, -27.401724845981768], [153.1885027651457, -27.401672836129528], [153.1884467354248, -27.401606826472925], [153.18845578505295, -27.401585836370014], [153.18853276528296, -27.40154783581187], [153.18855776539732, -27.401520845901167], [153.18856576489486, -27.40149183584704], [153.18855773485456, -27.40142884632023], [153.1885377248816, -27.401363835820835], [153.1885377248816, -27.401095846052534], [153.18854375527212, -27.40103582630426]]]]}, "properties": {"sa2_code_2021": "301031014", "sa2_name_2021": "Brisbane Port - Lytton", "sa3_name_2021": "Wynnum - Manly", "sa4_name_2021": "Brisbane - East", "mapped_location": "Brisbane", "geography_type": "CBD and inner Brisbane SA2 demonstration subset", "fill_color": [35, 117, 150, 90], "line_color": [15, 76, 100, 220]}}, {"type": "Feature", "geometry": {"type": "Polygon", "coordinates": [[[153.12399193556124, -27.41839596644781], [153.1231408950172, -27.41902398597076], [153.12282083516297, -27.41952028633036], [153.12197304562198, -27.420834976040364], [153.12111409541194, -27.42180696589732], [153.1202371052343, -27.422777975997974], [153.11968595556988, -27.423343975928177], [153.1219230049691, -27.423541005788156], [153.121836975111, -27.42629600615606], [153.12196833485663, -27.42635017639246], [153.12230399485412, -27.42618674625999], [153.12244320497706, -27.426173845948114], [153.12332168545973, -27.42608173613065], [153.12336628501694, -27.426154055739328], [153.12355331515735, -27.426475516225274], [153.12374398527146, -27.426787016142246], [153.12681498566468, -27.425355005952984], [153.12713797492503, -27.425207006379967], [153.12892301542945, -27.424319006370986], [153.1307389957089, -27.42348500580735], [153.13289501527288, -27.422486006062016], [153.133074995435, -27.422391005867855], [153.13325300559168, -27.422320005845666], [153.1337979856268, -27.422066996231173], [153.1359140050078, -27.42103900584694], [153.13616300542813, -27.420875006492782], [153.13689001558083, -27.42036399636838], [153.1378090055912, -27.41961900645667], [153.1406469955762, -27.417560005770437], [153.1410840053006, -27.417055015942474], [153.14397498510758, -27.412402005981026], [153.1451959851232, -27.410136015721662], [153.14545480502792, -27.40726213624238], [153.1463008051248, -27.40555210626991], [153.14673599486255, -27.404688005761855], [153.1455109856658, -27.40426799613301], [153.1454720050707, -27.404086015974908], [153.1454720050707, -27.40393499644443], [153.14548999563087, -27.403757016053323], [153.14553799531146, -27.403540005914053], [153.14558679539093, -27.40315613612167], [153.1456047850528, -27.40271113601223], [153.14582678481068, -27.402240126125278], [153.14582579486722, -27.402076136346807], [153.14584879533177, -27.401948136199767], [153.1459107656116, -27.40178613581359], [153.14602475553298, -27.401579136348097], [153.1462897450671, -27.401205125982287], [153.14630372554785, -27.401155136028493], [153.14635975526872, -27.40097612633333], [153.14650575485862, -27.400855136016087], [153.14661474565537, -27.400678126048444], [153.14664675532387, -27.400487135813975], [153.146770745291, -27.40010612575548], [153.14681074547394, -27.399897136474394], [153.14686476566362, -27.399726136032562], [153.14690276529842, -27.39951013643953], [153.14691469492539, -27.399116135799396], [153.14696474545974, -27.398748136188054], [153.14712771512364, -27.3982571259846], [153.14745971538466, -27.3976041357968], [153.1478327156536, -27.397037105939074], [153.14828169542923, -27.39649311637797], [153.14857869553012, -27.3962011160566], [153.14918766525787, -27.395667106355933], [153.14943367518666, -27.395487105963912], [153.14968665514365, -27.395329115870766], [153.14984265567762, -27.395143116380776], [153.15004362497632, -27.395017116497016], [153.15044300517187, -27.394614016239228], [153.1504289950467, -27.394566006082023], [153.1501136648224, -27.394159116470853], [153.14989499511935, -27.393441006362654], [153.14973100496928, -27.393342016392996], [153.14896399553191, -27.392704006237835], [153.14872499515727, -27.392593996083924], [153.14852299549096, -27.392481006015487], [153.14637800544205, -27.388189006369217], [153.1469540150837, -27.38768400595573], [153.14771499502888, -27.38734601579447], [153.14803499559432, -27.387186006432806], [153.1490610054977, -27.38648000621007], [153.1492339850889, -27.38635200635142], [153.1495715755659, -27.385875135900342], [153.14971556562446, -27.385825126252684], [153.1502625848353, -27.38580213586158], [153.15036460560378, -27.38576213577621], [153.15114654504114, -27.385441126351466], [153.15192257536057, -27.385024136072165], [153.15206557547575, -27.38496711632189], [153.15280452513684, -27.384572105880398], [153.15317152555798, -27.384263116005734], [153.15328953544025, -27.384113115916744], [153.15353255487744, -27.383656115795528], [153.1538305350403, -27.383315106152825], [153.15404052522112, -27.383237106292995], [153.15448950499677, -27.382940106323268], [153.15495448556422, -27.382591105871523], [153.15521750509293, -27.382397116281854], [153.15549449522086, -27.382180106492015], [153.15616799542704, -27.381871015810532], [153.15766143560373, -27.380341116173245], [153.15859798498298, -27.379973006216428], [153.15891100563866, -27.379731005807876], [153.15928739525117, -27.37919909585748], [153.1596703955658, -27.37890609583319], [153.15996439529363, -27.378590095963645], [153.16022040526818, -27.37827908636798], [153.16043937500854, -27.37792908605541], [153.16047134515117, -27.377715096363556], [153.16052536534082, -27.37741208604769], [153.16050635519278, -27.377322086188272], [153.1604403954947, -27.37721609631105], [153.16039637535087, -27.37699809597979], [153.16032235506978, -27.37691709628516], [153.16021336517124, -27.376874086437102], [153.16005535510607, -27.376885096359942], [153.15998038530572, -27.37682609649843], [153.15993636516188, -27.37667811648781], [153.15985738528207, -27.37659710618878], [153.15976737498892, -27.37657610575436], [153.15964641503928, -27.37659710618878], [153.15941740482896, -27.376578106403656], [153.15912639559264, -27.37653611589386], [153.15895039496723, -27.37647411646492], [153.15891440486374, -27.376393106016526], [153.15883242550922, -27.376342116484345], [153.15866240496865, -27.376280105778786], [153.1585523954823, -27.376169106082383], [153.1584343954815, -27.375955116177455], [153.15835642530814, -27.37587910620632], [153.15825641496926, -27.37583111583606], [153.15814739542634, -27.37583211616745], [153.15794441479966, -27.37568413642293], [153.15790441551505, -27.375624136385493], [153.15771537494498, -27.375445126042564], [153.1574993750349, -27.37528112604072], [153.15734041545045, -27.375120126011584], [153.15723741551824, -27.37496013645785], [153.15706739497767, -27.37452612636505], [153.15690639531923, -27.373740136210085], [153.15688441534084, -27.37359412645065], [153.15688737528976, -27.373490126528022], [153.15691139534206, -27.373313156518606], [153.1570703854693, -27.372576145923425], [153.1570703854693, -27.37236915639574], [153.15714842481293, -27.37210114582071], [153.1572574156098, -27.371886156457087], [153.15736439507864, -27.37161115648503], [153.15738238563884, -27.37143614592141], [153.15735935552985, -27.371152146254655], [153.15745838490847, -27.37053715643628], [153.15742436481034, -27.370224156149813], [153.1573993655943, -27.369907155831672], [153.157298365312, -27.36937315639359], [153.15728836526623, -27.369092155801074], [153.15702235524603, -27.367931166500753], [153.15696935554251, -27.367307166277964], [153.1568093754719, -27.366710166534627], [153.15663837486937, -27.36616917586612], [153.15650733492396, -27.3657211564937], [153.1564083854954, -27.36544018651924], [153.15638137495142, -27.36502518633885], [153.1563643653515, -27.364695186257652], [153.15641236503208, -27.363980175792683], [153.15634436526005, -27.363693185988073], [153.15613832497152, -27.363349186089383], [153.15598932500862, -27.363192196014992], [153.15562838552074, -27.36293918589469], [153.15528535484628, -27.362778195834863], [153.15487034486318, -27.36256720612409], [153.15465934497593, -27.36248820634522], [153.15441738555077, -27.362363206418415], [153.15417936523818, -27.362271206177855], [153.15376436513648, -27.362048225986], [153.15312535484733, -27.361700226319957], [153.15231038525525, -27.361361246474328], [153.1520414152862, -27.361283246297866], [153.1516774053566, -27.36120823628778], [153.15136737519248, -27.361089236108256], [153.15022039545795, -27.360859266225418], [153.14985543511085, -27.360820246420637], [153.1494034154363, -27.360823266171714], [153.14926340491442, -27.360848256304003], [153.14917142551414, -27.3608722563357], [153.14895742525394, -27.36098826652126], [153.14487650558058, -27.360748306112722], [153.14479751492104, -27.360549295829482], [153.14473652560147, -27.36050230646253], [153.14449150561617, -27.36050732636427], [153.14417146552486, -27.36063931650899], [153.1439825049048, -27.360762306277454], [153.1436004954319, -27.360422315909172], [153.14335949540748, -27.360286326011703], [153.14317250479294, -27.360242306037062], [153.14266650535293, -27.360247345896223], [153.14199950535615, -27.36036233631975], [153.14174651551767, -27.360446326404894], [153.1415585053152, -27.360497336025585], [153.14142951532523, -27.360536335998617], [153.14109652512076, -27.360678336377536], [153.1408625256674, -27.360724325999694], [153.13946056542758, -27.360480346384303], [153.1390965851425, -27.36067535651359], [153.13897755567237, -27.360774355768154], [153.13874056482905, -27.360887346307088], [153.13867055552572, -27.361096346268244], [153.13861759534817, -27.361152345942678], [153.13513760548076, -27.35967937618123], [153.13505763565755, -27.35954136606395], [153.1341956150059, -27.358615386506067], [153.1335746051584, -27.358166386337857], [153.13271163498746, -27.357614385962073], [153.13150363539054, -27.35688938617785], [153.13033968558202, -27.356341395828032], [153.12954570512656, -27.35599641645936], [153.12871773511569, -27.35554739609776], [153.12771672532665, -27.35506340601821], [153.12668074502187, -27.35454541596715], [153.12533473545122, -27.35388942627884], [153.1243687554667, -27.353371425949728], [153.12243575524838, -27.352404456317608], [153.121227785296, -27.351990446123462], [153.11981282553575, -27.351368476049462], [153.1194928653945, -27.35166347586603], [153.1188438254152, -27.351371466536385], [153.11808086558315, -27.351032455870644], [153.1172348753677, -27.350646476150956], [153.11635689524667, -27.35025547631584], [153.11525186503926, -27.34977247644449], [153.11449291528663, -27.349426486417517], [153.11394092479904, -27.349219495896126], [153.113219905511, -27.34917449648318], [153.11258794520018, -27.34934649584299], [153.11221495481277, -27.349435496334674], [153.11215695508645, -27.349471496100882], [153.10805800532702, -27.348097005745263], [153.10798898506883, -27.34817699642411], [153.10794098538824, -27.348438016179873], [153.10786499510172, -27.348563996497113], [153.1078049849458, -27.348786995861325], [153.10766197494922, -27.349077006070374], [153.1074329755187, -27.349195996018814], [153.10732599515148, -27.34944400596618], [153.10726500493354, -27.34957900621551], [153.10708297481597, -27.34979900582601], [153.1066560055614, -27.350098006493024], [153.10647499503168, -27.350473016267788], [153.10605798539868, -27.35096500612155], [153.10579000537302, -27.35130100575984], [153.10555498543346, -27.351706006405543], [153.10520100519406, -27.352750015762663], [153.10475698501713, -27.354245996457063], [153.1046520051981, -27.35461901587552], [153.10451100563108, -27.354786016141006], [153.10452900517444, -27.354944005888463], [153.10449600556245, -27.355175016499555], [153.10431000489132, -27.35581200639328], [153.10403099535057, -27.356352995810862], [153.10399299481742, -27.356630996108287], [153.10385400568003, -27.356987016518374], [153.10387900489604, -27.35726301582142], [153.10378797501505, -27.357662006053022], [153.10371600558778, -27.357894016274894], [153.10359500521395, -27.35823700630371], [153.10351400502307, -27.3585150058606], [153.1031709851285, -27.3594910062345], [153.1029089851877, -27.360153006268998], [153.10277999519772, -27.36087900589491], [153.10274699558576, -27.361555016044925], [153.10278598516405, -27.36211301626229], [153.1028500053994, -27.3624130064751], [153.10297399536643, -27.363013996078667], [153.10315298558515, -27.363463016479045], [153.1033100155884, -27.36402999586473], [153.10337399539952, -27.364194006156737], [153.1037469848887, -27.365622996146843], [153.1038190055199, -27.366026005799768], [153.10381498555904, -27.366274016349784], [153.10396000508692, -27.366399996321846], [153.1043139754449, -27.367736015980487], [153.10424097564996, -27.367779006244827], [153.1042540048148, -27.36783400612408], [153.1043429955201, -27.36783400612408], [153.10517600507973, -27.371092005749748], [153.10533400526347, -27.371602015946895], [153.10542398501389, -27.371699006287706], [153.10544599553495, -27.371857996200326], [153.10541200508123, -27.371950996019326], [153.1054750048304, -27.37197401641209], [153.10592100489427, -27.373933016185415], [153.10628198480637, -27.375142005806932], [153.1065309852267, -27.37619500612788], [153.10654398564552, -27.377389996108132], [153.10618799497652, -27.37824201588926], [153.1059779751513, -27.37799200600888], [153.10108500541062, -27.381266006228895], [153.09914798523144, -27.382590016262903], [153.09857300505914, -27.383071016006745], [153.09802499500654, -27.38352800578279], [153.0971200151214, -27.384569015786493], [153.09595562513832, -27.385647866488757], [153.09546013508879, -27.385626976251725], [153.09539604568315, -27.38599902607656], [153.09528909496038, -27.386377016243603], [153.09517281523338, -27.38670596579197], [153.0947440852809, -27.387657996134635], [153.09425593536562, -27.388737986015304], [153.09332711509109, -27.39078099578626], [153.09316512548915, -27.39107897648923], [153.09286703483352, -27.391524036186567], [153.0925711252873, -27.391894036289195], [153.09221616498593, -27.39224701609295], [153.09176400517418, -27.392631036229748], [153.09132983502437, -27.39292498571706], [153.09099899538666, -27.393119015862283], [153.09067714519006, -27.393290005787012], [153.0901479656225, -27.393499986195753], [153.08966090536364, -27.393657025789956], [153.08925517497732, -27.39375098591795], [153.08821116553057, -27.39393802620156], [153.08751817547602, -27.394063026351006], [153.08735086515267, -27.394107245825865], [153.0868618753126, -27.394232046389043], [153.08628513534063, -27.394413036226563], [153.08568397556596, -27.394633996338523], [153.0848419253613, -27.395004955884378], [153.08475556492314, -27.39505227594958], [153.08406286502446, -27.395432016147527], [153.08353869536117, -27.395763546011892], [153.08295085490727, -27.396185056275748], [153.0823348855068, -27.396701996448222], [153.081986055309, -27.397008006179057], [153.08170306533322, -27.397177025702604], [153.07946207502488, -27.398926996362597], [153.07930585530198, -27.399050016149772], [153.07908299495813, -27.399176025792823], [153.0790369248588, -27.39918403632522], [153.07897283545313, -27.399201035974663], [153.0788439550576, -27.399268005715182], [153.07873594522113, -27.399330996473427], [153.0786510149009, -27.399395965898705], [153.07859086550613, -27.39945600647595], [153.07852103496748, -27.39955203608045], [153.07844004555645, -27.39968900574914], [153.07841018555638, -27.399826985730456], [153.07833707526868, -27.39995603629947], [153.07821899531785, -27.400106975930317], [153.07754111492636, -27.400831036192706], [153.07718400495648, -27.401176005786187], [153.07674516536383, -27.401595026269675], [153.07632395520855, -27.402051956239813], [153.0761529555043, -27.402287036357365], [153.07616590561747, -27.40229299623632], [153.07596150565266, -27.402519086196655], [153.07587288505323, -27.402616985715152], [153.07555500541014, -27.402984986003595], [153.07517986535427, -27.403467046248515], [153.075003825203, -27.403742966300793], [153.07484906524243, -27.404021966441967], [153.07466002557072, -27.404460015794307], [153.0745819152601, -27.404754035908304], [153.07452505549588, -27.405045996090617], [153.07448289486464, -27.40539797610362], [153.0744839854194, -27.40585104642071], [153.07453403505548, -27.406234996171552], [153.07463305545093, -27.406641976107778], [153.07474605542882, -27.406964986281743], [153.07490592500668, -27.40729400615983], [153.07512084514175, -27.407647986277116], [153.07527096530384, -27.40785400623296], [153.07554095486083, -27.408169986275183], [153.07578411533348, -27.408410276058557], [153.07579295565424, -27.40841901641093], [153.07609393529182, -27.408679026426128], [153.0763049055346, -27.408854986065], [153.07652014546994, -27.409087986257365], [153.07676206536922, -27.409407045790772], [153.07696401562822, -27.409772976368725], [153.07710012566517, -27.41010003648815], [153.07720813550165, -27.410441046454203], [153.07727616491812, -27.410887005880817], [153.07728514537604, -27.411130005896663], [153.07726788514614, -27.411447955854843], [153.07725594563772, -27.411581016011972], [153.07719984494992, -27.412207035999195], [153.07718400495648, -27.412397016344883], [153.07713290518987, -27.41300199592712], [153.07706807557247, -27.41335101601083], [153.0768848156613, -27.413990005853645], [153.07677502536387, -27.414314016060004], [153.07667099506406, -27.41469102585605], [153.0765979252005, -27.41502600584179], [153.0765568955482, -27.41535998643277], [153.07654499556565, -27.415735026210015], [153.07657091555492, -27.41615299630369], [153.07669691505325, -27.416827006040787], [153.07689204530266, -27.417365016185396], [153.07710410520184, -27.417781985741122], [153.0773679655536, -27.418197965735754], [153.07762718520866, -27.41850169596829], [153.07769916541574, -27.418586035825136], [153.0783979253494, -27.41926500568825], [153.07878993486804, -27.41962499570184], [153.079126895626, -27.41994702619438], [153.07928892565215, -27.420107055909508], [153.0794818954533, -27.420314046180806], [153.07969392570809, -27.420608976186845], [153.0799059550646, -27.420956016244507], [153.08007297523213, -27.421299006093733], [153.08015112506862, -27.42151501572078], [153.0802418656921, -27.42182496596841], [153.08030482501707, -27.422124035915207], [153.08034191555683, -27.422444976283874], [153.0803491056724, -27.422879055828385], [153.08029690546954, -27.423338036321645], [153.08019613515592, -27.42376797641526], [153.08011495530204, -27.424104475757794], [153.0799969849456, -27.424580005961726], [153.07968498567445, -27.425893006446774], [153.07963100501067, -27.4262330164187], [153.07960099499195, -27.426572006335036], [153.0796030054216, -27.426904005693928], [153.07962698504977, -27.427242006441343], [153.07965198516413, -27.4273410162754], [153.07932998494886, -27.42731800581579], [153.07929063514615, -27.427311045826603], [153.07897005516733, -27.42930752574185], [153.0784070450462, -27.42923654611366], [153.07837802497087, -27.429439546198047], [153.07820089516323, -27.430570636082326], [153.07805306570506, -27.43151454586713], [153.07801686539577, -27.43172612638988], [153.07842814557387, -27.431679966170144], [153.07891486537125, -27.43165602615465], [153.07989913505494, -27.431429055797057], [153.0806648248672, -27.431198025852822], [153.08170288567018, -27.430791566145626], [153.0819928753186, -27.430677986053073], [153.08247997510333, -27.43050196629902], [153.084552295039, -27.429650606058626], [153.08478505571566, -27.429554986128856], [153.08528795506953, -27.429455975888352], [153.0860050648895, -27.429322045854935], [153.08861299543187, -27.42906700634055], [153.08923601570896, -27.429018005721623], [153.09247900485153, -27.428617016452883], [153.0929699655954, -27.42859022610952], [153.09523292510232, -27.428431455717053], [153.09545291532888, -27.428416036095218], [153.0990158250869, -27.428109045718415], [153.09980097510305, -27.428103016269354], [153.10015418548625, -27.428175016417445], [153.10225512484857, -27.428632015852987], [153.10335238552707, -27.428868335869016], [153.10344400560118, -27.428141006098727], [153.10352200541902, -27.42773301620713], [153.10399004564832, -27.424852935814933], [153.10412009565033, -27.424827756020573], [153.10588442549593, -27.424187246111234], [153.10730132561713, -27.425564426289505], [153.10928305494795, -27.426105826459338], [153.10948427487668, -27.426132276140002], [153.11154459511684, -27.42604442573231], [153.11174589499555, -27.426081346226557], [153.11293670532945, -27.426198786230806], [153.113038025412, -27.426213015720425], [153.1141214250857, -27.42637407609651], [153.1145286152343, -27.426437065753394], [153.11581188556713, -27.426617345829502], [153.11605369497366, -27.42666160569934], [153.11779883500807, -27.424896036235545], [153.11763801501272, -27.424776245825228], [153.11732487488104, -27.424397056180535], [153.11709430519542, -27.423963916317874], [153.11698177503644, -27.423483895870227], [153.116954005416, -27.423290016317345], [153.1168999852264, -27.42282100626224], [153.11681898503554, -27.422348016102255], [153.11682800501933, -27.422247005954944], [153.11683220554156, -27.42216536642413], [153.11689899528295, -27.421719016362633], [153.116798984944, -27.421704006454814], [153.11660188558756, -27.42121385577331], [153.11654600498704, -27.42102000572516], [153.11636299570574, -27.420539006044063], [153.11634299561425, -27.420536015831942], [153.11629225517373, -27.420408265921274], [153.11699353488174, -27.420180446342325], [153.11694152512175, -27.420000846300002], [153.1194729748975, -27.419079005816418], [153.11958499571168, -27.41902600578702], [153.12170699517756, -27.41750600585518], [153.1230159950567, -27.41717900593712], [153.12404000531038, -27.417307005983805], [153.1241869849622, -27.417317015911475], [153.12399193556124, -27.41839596644781]]]}, "properties": {"sa2_code_2021": "302031036", "sa2_name_2021": "Brisbane Airport", "sa3_name_2021": "Nundah", "sa4_name_2021": "Brisbane - North", "mapped_location": "Brisbane", "geography_type": "CBD and inner Brisbane SA2 demonstration subset", "fill_color": [35, 117, 150, 90], "line_color": [15, 76, 100, 220]}}, {"type": "Feature", "geometry": {"type": "Polygon", "coordinates": [[[153.01038298523383, -27.46688999616961], [153.0103869953133, -27.46698199619964], [153.0105029956642, -27.467248015936747], [153.01052598534892, -27.467301015921205], [153.01062198560842, -27.467613996270916], [153.01067301530648, -27.467750006345568], [153.01095500545733, -27.468384005781935], [153.01119700530666, -27.468827006017065], [153.01125398544508, -27.46892400585791], [153.01153999555683, -27.468792006349357], [153.0115879952374, -27.468745015978186], [153.01173599537537, -27.468702006014126], [153.01178385491883, -27.468702995940067], [153.01191886541778, -27.468686976194842], [153.01195992561279, -27.46866995615949], [153.01200493570008, -27.468657005818944], [153.01205497545476, -27.468647996053765], [153.01211903521596, -27.468623966024552], [153.01218491496397, -27.46859301606608], [153.0122321052624, -27.46855503618062], [153.01227817536176, -27.468529026276094], [153.01232711557842, -27.46849600636943], [153.01243402497872, -27.46840698615658], [153.0127778551537, -27.468217005776314], [153.01278898528008, -27.468214026420696], [153.01286206502508, -27.46818396585002], [153.01292111488195, -27.4681659661678], [153.01300211507282, -27.468147965685556], [153.01305901526123, -27.468129965997434], [153.0131011049256, -27.468124026410546], [153.01314000557062, -27.4681070262144], [153.01320191566342, -27.46808902572254], [153.01325410508642, -27.4680780360478], [153.01334590572193, -27.468038975986662], [153.01339704501444, -27.468011965666545], [153.013453905677, -27.467989025858962], [153.01354716517653, -27.4679299758184], [153.01358206562364, -27.46791099572618], [153.01366703546975, -27.46788498566962], [153.01373112487533, -27.467873016402738], [153.01379485495488, -27.467849985702763], [153.01386610572993, -27.467838015635017], [153.01391114546166, -27.467839996299542], [153.01394315513016, -27.467837016136702], [153.01398816521746, -27.46782702593524], [153.0140781656292, -27.467838015635017], [153.0141418957087, -27.467848986204523], [153.01418109549275, -27.46786698593855], [153.01430892485934, -27.46788400609791], [153.014457955365, -27.467894975865793], [153.0145220456689, -27.467889036266282], [153.0145598252165, -27.46789399629421], [153.01461818516728, -27.46789399629421], [153.0146761157233, -27.467888035971377], [153.01473407502542, -27.467876976136374], [153.01478484511037, -27.467871035738824], [153.0148748554035, -27.467865006071552], [153.01493314528568, -27.467847006337223], [153.01502892545787, -27.467807046326662], [153.01534001563405, -27.46774501602329], [153.01606391492092, -27.467649995812728], [153.016395995132, -27.467617016292266], [153.01649698553288, -27.467622005823273], [153.01668200524375, -27.467636016361347], [153.01687899500578, -27.467677006221592], [153.01705098555172, -27.467727016269368], [153.0172149757018, -27.467790006229215], [153.01736097529167, -27.4678510059242], [153.01751000489898, -27.467934016051796], [153.01763199521628, -27.468010005728345], [153.01775700566952, -27.468100016193237], [153.01785799517208, -27.468190016223005], [153.01795100493996, -27.468281015673586], [153.0181090051237, -27.468457006234704], [153.01831899530453, -27.46869001611285], [153.01847845525063, -27.468863856402137], [153.01870698486223, -27.46911299589421], [153.0187640054249, -27.469169015757682], [153.0189079954835, -27.4692949963842], [153.01901899491324, -27.469368995717975], [153.01910998526836, -27.46941700603003], [153.01930299549372, -27.469511006105158], [153.01972898558458, -27.46986999611526], [153.0200270151548, -27.470097015703516], [153.02019297531032, -27.470221995792517], [153.02035799492964, -27.470312995956434], [153.0205530155846, -27.470373016299472], [153.0207120057118, -27.47049200640338], [153.02146098506304, -27.471173005723628], [153.0216399851632, -27.471338015866202], [153.02216897518625, -27.47187101639407], [153.02211097545992, -27.472222015800387], [153.0222839855938, -27.472463015760376], [153.0226480054048, -27.472954005978703], [153.02361700552532, -27.474277015741137], [153.02386498545954, -27.474137006393214], [153.02466200491557, -27.47527900629221], [153.02533400493527, -27.476221016034387], [153.02561300549277, -27.476569016078304], [153.02586000536502, -27.476902015812556], [153.02615798552787, -27.477239016177492], [153.02706300493895, -27.4784250062489], [153.0271719957358, -27.478552005979207], [153.02732098491893, -27.47867000618099], [153.02747498490467, -27.478736015977997], [153.0275959852785, -27.478762005939988], [153.02816698501582, -27.47950000640658], [153.02844197549396, -27.479247005989283], [153.0285000156445, -27.47926699627511], [153.02881800488203, -27.479402015685324], [153.02907798541008, -27.479475016011502], [153.02929600563124, -27.479502005988614], [153.02953398551963, -27.47950600594952], [153.02974601487614, -27.479482006181886], [153.02990000498045, -27.47944700591369], [153.03032001498647, -27.479486006143507], [153.03038600522729, -27.47945901616248], [153.03041699530795, -27.479401016291863], [153.03040399488916, -27.479330016298782], [153.03045699549097, -27.47928599592942], [153.03054901531536, -27.479241005635302], [153.0307410050545, -27.479087015830178], [153.03075698518515, -27.479082995929865], [153.0308790051468, -27.47911500609535], [153.03123900499688, -27.478803006007045], [153.03121999574716, -27.478717016228828], [153.0312849951462, -27.478610006296805], [153.03142099558863, -27.478535005797873], [153.03153498551, -27.4784250062489], [153.03178501539966, -27.478006005642303], [153.03178800499288, -27.477952005821038], [153.03153900547088, -27.477675996314566], [153.03164700542592, -27.477458015731983], [153.03167799550658, -27.47735400600101], [153.03171000517509, -27.477267995964265], [153.03171599514138, -27.47720500584325], [153.03179198542796, -27.476610016164546], [153.0326909753468, -27.47647701608196], [153.03246697504085, -27.475240015730975], [153.03187297573731, -27.472068005823676], [153.03177300492428, -27.472083005692163], [153.03153100507492, -27.470597015708954], [153.03146899526922, -27.470606006186102], [153.0312270053013, -27.46968499573902], [153.03099599544117, -27.4684370060172], [153.03111198501236, -27.467901006328482], [153.03135599529128, -27.466738005655024], [153.03124598490666, -27.466714006294552], [153.031405015458, -27.46594500615256], [153.03144600558443, -27.465805015710156], [153.03134529545798, -27.465707686328273], [153.03176198529067, -27.465306015803932], [153.0320339753958, -27.464795005778253], [153.03240200528623, -27.464141015786424], [153.0325699848545, -27.463993016425768], [153.03328300554324, -27.463358995717698], [153.0338140050976, -27.46289399631187], [153.0339109953005, -27.462858996354324], [153.03397501553582, -27.46282401631283], [153.03445100495713, -27.462639016066355], [153.03453700517085, -27.462556005936545], [153.03456999490132, -27.462525996430486], [153.0346150049887, -27.462447005925835], [153.03459573522747, -27.4623554261614], [153.03415597486165, -27.46228599581139], [153.0336989955884, -27.462197016017203], [153.03328698507997, -27.462152005992476], [153.03297491574017, -27.462099966416453], [153.03250205515096, -27.462030775829657], [153.03214008529545, -27.461979986034276], [153.03204598497283, -27.461964005963566], [153.03187399532516, -27.46193901637406], [153.03165499504206, -27.461893005894662], [153.03130598518112, -27.46181800597431], [153.03119199525977, -27.461816006071373], [153.031245834888, -27.462300035722905], [153.03087754538444, -27.462597295796048], [153.03074220520375, -27.46270657623217], [153.03045998508418, -27.462943005798717], [153.03011382557764, -27.463202396390862], [153.02942908565063, -27.46373380623939], [153.02879314490482, -27.464193016139394], [153.0282150251206, -27.46425798565945], [153.02783016529332, -27.464356975827936], [153.02734883538767, -27.464417016153025], [153.02708782539028, -27.46454697641172], [153.02699785552133, -27.464569025809485], [153.02669687498536, -27.464614015717636], [153.02664387528193, -27.464620405838975], [153.02604400548805, -27.464697005965085], [153.02586708498777, -27.46471401625206], [153.02541317525785, -27.46477927639566], [153.0250188956965, -27.46483596640638], [153.02480508498078, -27.4648969964307], [153.02426794544147, -27.465210016286488], [153.02399795498619, -27.465402966137205], [153.02347918509616, -27.465642856351845], [153.02335610512245, -27.465661985885582], [153.02315809487425, -27.465654955782316], [153.02296799519047, -27.465642986273256], [153.02282418569325, -27.465614856287868], [153.02281437519204, -27.465611075812408], [153.02267891553538, -27.46555901634858], [153.02176871554005, -27.465037026285593], [153.0216309651794, -27.46495800569745], [153.02082322522878, -27.464528866139577], [153.02046705489673, -27.464358955757906], [153.02051322560743, -27.464138866075597], [153.020718214867, -27.463508865877895], [153.02092721510436, -27.46301386570182], [153.02129294530772, -27.46205100597437], [153.0205121754768, -27.46180886572418], [153.0201162151676, -27.461676865665723], [153.01926620499128, -27.461387896084727], [153.01888521510622, -27.461225896024498], [153.01835600499587, -27.460819005708235], [153.0179989956374, -27.460513015772182], [153.01648300505212, -27.460555006251344], [153.0153439852893, -27.460130005652662], [153.01518999518498, -27.460081006074716], [153.01497300533148, -27.460000005911326], [153.01485401538721, -27.459910006368485], [153.01475411554114, -27.45984477602363], [153.01460303508006, -27.459748986171963], [153.01384705515775, -27.459253976287794], [153.0133509749151, -27.458994955830864], [153.0124989956317, -27.45844700610019], [153.012280985292, -27.458766005883774], [153.01217797547838, -27.458951006252533], [153.0120980056551, -27.459124016166168], [153.01202697496728, -27.45929600630481], [153.01198398519105, -27.459478015830122], [153.01195700518983, -27.459582995773324], [153.01194799508752, -27.4596569960474], [153.0118769949424, -27.459982005689785], [153.01186999526968, -27.46004901588762], [153.01166500511178, -27.461070015837485], [153.01163000495166, -27.461248995861638], [153.0115429851501, -27.46163200607922], [153.0114799854009, -27.46199700630557], [153.01147498537802, -27.46204299601719], [153.01144100570409, -27.46220700593183], [153.01132898488987, -27.462768016339933], [153.01131099522797, -27.462838995918155], [153.0112259849577, -27.463263995638545], [153.0111640056947, -27.463401016198954], [153.01108199489911, -27.463574006376078], [153.01095398497114, -27.464159016126], [153.0108290149421, -27.464837995746088], [153.01073498558637, -27.46532301563507], [153.01067301530648, -27.4656220059533], [153.0106020951114, -27.466003665899418], [153.0105179957328, -27.46638100606042], [153.01035900560566, -27.466716006108612], [153.01038298523383, -27.46688999616961]]]}, "properties": {"sa2_code_2021": "305011105", "sa2_name_2021": "Brisbane City", "sa3_name_2021": "Brisbane Inner", "sa4_name_2021": "Brisbane Inner City", "mapped_location": "Brisbane", "geography_type": "CBD and inner Brisbane SA2 demonstration subset", "fill_color": [35, 117, 150, 90], "line_color": [15, 76, 100, 220]}}, {"type": "Feature", "geometry": {"type": "Polygon", "coordinates": [[[153.01270909540693, -27.47723201630102], [153.01291867505765, -27.47751539577959], [153.0129531254488, -27.477561966388407], [153.01383902511736, -27.478836815808865], [153.01422305490132, -27.479395506079424], [153.01502402514805, -27.48056079591154], [153.01553794503386, -27.481313966237803], [153.01555415513312, -27.481386966093897], [153.01555488546353, -27.48148705580802], [153.01667087511737, -27.48166200598008], [153.01703999556256, -27.481718786127185], [153.01867297554392, -27.481971756162096], [153.01883101525354, -27.481991756313747], [153.01893383552266, -27.482190036230644], [153.0193420856833, -27.482669016238045], [153.0196228855664, -27.483041975941305], [153.0196689853101, -27.484034765899032], [153.01969486487516, -27.48454001576762], [153.01971898553882, -27.48491199609044], [153.02179196573627, -27.48521073641605], [153.02278991496513, -27.48535471629732], [153.02334592541362, -27.48542472581901], [153.0232089754519, -27.486182006048995], [153.02373198539016, -27.486833995673294], [153.02389429569064, -27.487131336195418], [153.02393389522496, -27.48750369585887], [153.02434693520271, -27.488514705731035], [153.02475390526408, -27.48924671595074], [153.02524362543448, -27.489775705949068], [153.02586792491257, -27.489827706157385], [153.0270551949859, -27.489996385917465], [153.02722090540976, -27.49001869638292], [153.02728189562765, -27.489815696242324], [153.02741990560136, -27.489433716349556], [153.0275768951804, -27.489296705848194], [153.0278597656802, -27.48905978615794], [153.0280348949398, -27.48892869612521], [153.02820786554778, -27.488596696198652], [153.0283238650004, -27.488406706006018], [153.0286858357543, -27.48783329641686], [153.02873087548596, -27.487760705660524], [153.02883486536157, -27.48756870582406], [153.02890884521847, -27.48738270636056], [153.02895385530584, -27.487117696308143], [153.02897188539185, -27.486732716247936], [153.02904802569702, -27.485569986070683], [153.0303940756918, -27.485744056334706], [153.0307418449793, -27.485791025908334], [153.03102515565365, -27.485832966113], [153.03126601554087, -27.485866006325292], [153.03137690537616, -27.48588598584685], [153.03189965570124, -27.485949386197586], [153.03126996543318, -27.48396897604265], [153.03122506494032, -27.48385187567523], [153.031151155152, -27.483659016305086], [153.03092397570822, -27.483170035853743], [153.0307328249955, -27.482801055704897], [153.03047031571, -27.48248009567587], [153.0303900952568, -27.48238201595717], [153.03035308556537, -27.4823348759778], [153.0302270151001, -27.482116996262587], [153.03015700489846, -27.482117995631366], [153.02994501506782, -27.482148006177898], [153.029880004889, -27.482148006177898], [153.02982897519098, -27.48213699638783], [153.029751994961, -27.482114006125602], [153.0297069956535, -27.482103016255753], [153.02963600538985, -27.48209799629961], [153.0294370051982, -27.48209899566857], [153.02936601493457, -27.482094005996164], [153.0293149852365, -27.48208301612433], [153.02926300512092, -27.482077006361454], [153.02923099545242, -27.482066015690997], [153.02919898488557, -27.482059996363834], [153.0290129851128, -27.482090006129223], [153.0289679750254, -27.482090006129223], [153.02875500513278, -27.482052006190724], [153.02869700540654, -27.482040005787944], [153.0286399956236, -27.482035005752582], [153.028581994999, -27.482023995951238], [153.02850399518115, -27.482019006275426], [153.0284100053513, -27.481973016133512], [153.02827900493173, -27.48195099572037], [153.02820199505743, -27.481923006175787], [153.02815997546165, -27.481921005840753], [153.027987005752, -27.481874995734294], [153.0279309751328, -27.48185300638245], [153.0278679753836, -27.481843015857844], [153.02781698521142, -27.481832006037315], [153.02776698498272, -27.481815006362147], [153.02767799517574, -27.4818160057337], [153.0275709752827, -27.481806016002704], [153.02752699556302, -27.481807016171253], [153.02746998488183, -27.48181300602518], [153.027431985247, -27.48182501601601], [153.02740698513267, -27.481831005868973], [153.02739398561218, -27.481784995724908], [153.02710498500886, -27.481843015857844], [153.02706600531207, -27.481688006408973], [153.027118015072, -27.48167701569966], [153.02710498500886, -27.481625006064103], [153.02663197529938, -27.48137699624773], [153.0265670055448, -27.48136900602505], [153.02649700522454, -27.481322995688018], [153.02642998551443, -27.481280005775574], [153.02648200515597, -27.481122015730875], [153.02581499527767, -27.480654996079206], [153.02556898534894, -27.480365016305395], [153.02521399540316, -27.47989100569123], [153.025047984942, -27.47972700615413], [153.02480398544287, -27.47985100621538], [153.02420797570971, -27.478966005928406], [153.02418301512122, -27.478852006028305], [153.0242540053849, -27.478833006299137], [153.0241589950689, -27.478544995825526], [153.02412198537746, -27.47855500577653], [153.0240909952968, -27.47846700584333], [153.02405799568484, -27.478385015804452], [153.02401098504942, -27.478281006151693], [153.02395598569612, -27.478181016334112], [153.02389400553477, -27.47808299574851], [153.02382600486442, -27.47798900617372], [153.02375198548165, -27.477898995816638], [153.02367098529078, -27.477813006129768], [153.02361299544594, -27.47775800600856], [153.02354199530083, -27.477695995652176], [153.02351900561604, -27.477674006263157], [153.0235460152617, -27.47764800568376], [153.02329799490334, -27.477440015970608], [153.02324200560665, -27.47749299591065], [153.02270100510822, -27.47684399626515], [153.02258098569467, -27.47669200593043], [153.02258701518687, -27.47664601595551], [153.02258599559903, -27.476599005820958], [153.02257598567184, -27.476553015807234], [153.0225589850551, -27.47650800606634], [153.0225350054269, -27.476466005725115], [153.02250499540818, -27.47642800623752], [153.0224679857168, -27.47639500623141], [153.0224260155284, -27.476366015854204], [153.02237998495494, -27.476343006056858], [153.0223310052124, -27.476326996189137], [153.02228001504022, -27.47631700596037], [153.02220500571397, -27.476205006148955], [153.02213401545035, -27.47609201636412], [153.02206498531066, -27.475977015659566], [153.02199698553858, -27.47586601572503], [153.02191800565885, -27.475746005696852], [153.02169699494607, -27.47542301589215], [153.02164399524267, -27.47534901584181], [153.0215960054435, -27.475286006292773], [153.02154501527139, -27.47522500593132], [153.02149201556793, -27.47516601635471], [153.02143700543485, -27.47510801581801], [153.02138097571395, -27.47505201571054], [153.02133601503402, -27.47498700632772], [153.02141401575014, -27.474939996282274], [153.02127899536967, -27.474742015739313], [153.02119698547244, -27.474785005812105], [153.02102400498305, -27.474602006185236], [153.0207559854315, -27.474203015718096], [153.02057797527473, -27.473945016283114], [153.0205199854299, -27.473919006056686], [153.02045555556282, -27.473830235701975], [153.02013585503468, -27.473358965777862], [153.0201209951032, -27.473357005934776], [153.02009482538236, -27.473317026402885], [153.02011191493227, -27.4733067760764], [153.02002000560066, -27.47317100638344], [153.0200469056518, -27.47312977627564], [153.01992889487133, -27.472960946351165], [153.0188018855838, -27.4713147762733], [153.01867490512515, -27.47138377612312], [153.01864490498795, -27.471272776343564], [153.01862887545002, -27.47122277587496], [153.01860690535307, -27.4711697761824], [153.01858588567376, -27.471132775930784], [153.01855890567248, -27.471039775911233], [153.018519895433, -27.470947776080354], [153.01849988546005, -27.47091376619526], [153.01846889537933, -27.470885776237637], [153.01827289556076, -27.470699795628843], [153.01819591533084, -27.47065178587565], [153.01814401516526, -27.470595015965323], [153.01801400558745, -27.470474006301075], [153.0179989956374, -27.4704609963953], [153.01792800537373, -27.470435006069298], [153.01784693511428, -27.470381805943397], [153.01780492540001, -27.470343805951618], [153.01768893493053, -27.47021280602634], [153.01763392569578, -27.470167796086624], [153.01760191512898, -27.470092796217287], [153.01753493494476, -27.469971805927376], [153.01750989530453, -27.469933785868406], [153.0173060154643, -27.46979000581355], [153.01725399492452, -27.469775005632936], [153.01716300546767, -27.46970199569176], [153.0170629951288, -27.469603006338467], [153.0168760054125, -27.46950900634181], [153.0167989856567, -27.469487016115924], [153.01666401558188, -27.469460006150655], [153.0164849750575, -27.46945300577998], [153.01636201545807, -27.469527005804725], [153.0162479851125, -27.469469015849448], [153.0161319856599, -27.46945400606071], [153.0159929956242, -27.469451016377047], [153.01594098496585, -27.46945400606071], [153.0158540055885, -27.469468016365916], [153.0157169855582, -27.469512006385333], [153.01550699537736, -27.469604005820752], [153.01519401514585, -27.469767005801476], [153.0150910053322, -27.46979000581355], [153.01500797494884, -27.469842826040107], [153.01496394492352, -27.469871815742476], [153.01492496522673, -27.46988082620463], [153.01483495493355, -27.469905816384752], [153.0147709751224, -27.4699348259964], [153.01469396524803, -27.469963815674596], [153.0146429651944, -27.469974816319734], [153.01455898529179, -27.470026825875905], [153.01453996526223, -27.470044806125443], [153.01450897518157, -27.470049005687734], [153.01440101565072, -27.46991600565604], [153.0141639754001, -27.46997000622758], [153.01407097551365, -27.470041016237552], [153.01391399491774, -27.470108995887333], [153.0138259950542, -27.470159005628602], [153.01362998535413, -27.47023300597629], [153.01351599543278, -27.470290006414846], [153.01307200490027, -27.47051599617387], [153.0126549952673, -27.470740996358774], [153.01221385508913, -27.470990466357854], [153.0118840053949, -27.471177005986917], [153.0097329957353, -27.472600005756572], [153.00797398571282, -27.474065005956863], [153.00789298552195, -27.474114005694368], [153.0082010852065, -27.474395875703387], [153.0084620655595, -27.474626866180856], [153.00876606533316, -27.474982865931356], [153.00941806526126, -27.475694856402683], [153.01006002561783, -27.47629874619488], [153.01032907553696, -27.476551845833146], [153.01069556571505, -27.476865576170702], [153.01070694557302, -27.476875316097168], [153.01071228515912, -27.476879885996045], [153.01080108542158, -27.476956836243136], [153.01270909540693, -27.47723201630102]]]}, "properties": {"sa2_code_2021": "305011110", "sa2_name_2021": "South Brisbane", "sa3_name_2021": "Brisbane Inner", "sa4_name_2021": "Brisbane Inner City", "mapped_location": "Brisbane", "geography_type": "CBD and inner Brisbane SA2 demonstration subset", "fill_color": [35, 117, 150, 90], "line_color": [15, 76, 100, 220]}}, {"type": "Feature", "geometry": {"type": "Polygon", "coordinates": [[[153.04097268498666, -27.48103361618416], [153.04092070487098, -27.48130423626721], [153.04083266548162, -27.481762635774576], [153.04058768502213, -27.483029625790532], [153.04056267502634, -27.483136625850598], [153.04048066512908, -27.483564625848345], [153.0403757257342, -27.48410663629538], [153.04032670556748, -27.48436963577043], [153.04016968544573, -27.485182636130684], [153.0397976751203, -27.4871326263903], [153.0396547450737, -27.487849616201416], [153.0395911748943, -27.488181805652086], [153.03958655485886, -27.488205906324268], [153.039517715162, -27.488565616378185], [153.03919473488472, -27.490054605727714], [153.03981274525745, -27.490541605636487], [153.0408017149268, -27.48982161633132], [153.04139600528444, -27.49000896638444], [153.041559124967, -27.490067026013687], [153.04169592491004, -27.490165035934375], [153.04206771514828, -27.490810595842916], [153.0418769650842, -27.490895006323296], [153.04241768530824, -27.49190059579957], [153.04280669535217, -27.49196158612927], [153.04349917516365, -27.49206600600244], [153.044617645066, -27.49224156571025], [153.04475667552592, -27.492262565664177], [153.04574965527465, -27.49241256624312], [153.04591598553608, -27.49244301624725], [153.04593799515882, -27.492314015653886], [153.0459950049417, -27.4917559957424], [153.04586401530193, -27.49170201620926], [153.04565501506457, -27.49154400605274], [153.04557000569255, -27.491433005868007], [153.04547700490787, -27.491248005842696], [153.04560599489784, -27.491222015639543], [153.04592000549695, -27.491076016166836], [153.04610399573846, -27.49106200621892], [153.046909005709, -27.49123200611018], [153.0470689848813, -27.49121700566159], [153.04723998548383, -27.49116199629609], [153.04733901486244, -27.49106400638793], [153.0475549851281, -27.490588005782786], [153.04761998542543, -27.490514996087683], [153.04769200515838, -27.49049599597975], [153.04779099501113, -27.49051100608919], [153.04802199498982, -27.490585006313164], [153.04836900520093, -27.490639006316048], [153.04942400553523, -27.490607996400865], [153.04975399536661, -27.490659005690553], [153.04999398568464, -27.490560005683086], [153.05044998489595, -27.48986400603999], [153.05054499521196, -27.48966399634319], [153.05057097538827, -27.489586006265117], [153.050748005483, -27.48902800599763], [153.05078899560942, -27.488849996288803], [153.05084100536945, -27.48847899590562], [153.05089798550793, -27.488039016053964], [153.0509549952908, -27.487748006198032], [153.05099200498213, -27.487663005986455], [153.05103898507488, -27.487564005676127], [153.05110398537227, -27.487231006297307], [153.05112599499503, -27.487080016070912], [153.0511350149788, -27.486901006278472], [153.05113654570806, -27.486810545777054], [153.05110698574532, -27.486686995836678], [153.0510500056068, -27.485935005827873], [153.05112099497217, -27.4857599962988], [153.05122498574602, -27.48560101573375], [153.05139701491956, -27.485403005738213], [153.0515749855504, -27.485206995662104], [153.05167200539773, -27.48505300622814], [153.05176598534615, -27.484900006359283], [153.0518209954792, -27.48475600596043], [153.05194399550285, -27.484388005768146], [153.05206999500118, -27.484020005940117], [153.052303995353, -27.48348000573369], [153.05251701555122, -27.482878016160832], [153.05264100551832, -27.482788016174037], [153.0529000050861, -27.482674016244655], [153.0533860053329, -27.482718005773297], [153.0539350053289, -27.482823016177637], [153.05512300573253, -27.48316999600686], [153.05634998493477, -27.483549005934158], [153.05657198559095, -27.483584016056096], [153.05670498566028, -27.48354401632743], [153.05683799561115, -27.483429995663247], [153.05692697553664, -27.4832520159556], [153.0569430050746, -27.482960006043303], [153.05683999526096, -27.482546016323102], [153.05675400492873, -27.48218300638485], [153.056714985706, -27.481820996215642], [153.05674298529513, -27.481495006174654], [153.05682098511292, -27.481331005837784], [153.05715499490523, -27.4808209961837], [153.05725299571287, -27.480671006114935], [153.05728599532483, -27.48045000621027], [153.0572670157195, -27.480188006325896], [153.05725098528322, -27.48009300640857], [153.05721000503829, -27.47989699564935], [153.0570969951789, -27.479722006013755], [153.0569309954976, -27.479622015910127], [153.05683040574527, -27.479570505797223], [153.05668998559167, -27.479551016059485], [153.0566460049737, -27.479553006077005], [153.0565420150981, -27.479553006077005], [153.0564399952279, -27.479571006290122], [153.0562439954093, -27.47966700604868], [153.0559419952855, -27.479840996382134], [153.05583500503687, -27.47989699564935], [153.0557340155343, -27.47996000574906], [153.05551800574278, -27.480037005647127], [153.05494999559875, -27.48022700629338], [153.054531995124, -27.48044500610272], [153.05423999504595, -27.480668006375222], [153.0541299855596, -27.480827016375464], [153.0539020057169, -27.481102016218287], [153.05386097516634, -27.481163006153114], [153.05364500490063, -27.48137699624773], [153.05339301488704, -27.481542996061087], [153.05325701534295, -27.481647005821756], [153.05308798564408, -27.481721006423456], [153.05292198506444, -27.481684005730354], [153.05283299525746, -27.481598996056935], [153.05276200499384, -27.481398015806416], [153.05276400554195, -27.481163006153114], [153.05277900561057, -27.480925005829132], [153.05279999564547, -27.480668006375222], [153.05279401556066, -27.480475016308095], [153.05286201533266, -27.480107005797525], [153.05295099525827, -27.479882015971665], [153.05307699565492, -27.47966500567268], [153.053144995427, -27.479569016272908], [153.05324799535916, -27.479439016347964], [153.05344400505922, -27.479270015977107], [153.05363099567384, -27.479102995809033], [153.05385298555018, -27.478926006116712], [153.05411600507884, -27.47870500589913], [153.05425901507544, -27.478541006190355], [153.05436800497395, -27.47836401639211], [153.05441899514605, -27.478208005831288], [153.05439800511115, -27.478020006093487], [153.05429700572714, -27.477821006174096], [153.05413100514744, -27.477638006011038], [153.05407099499155, -27.47756699611496], [153.0539459854366, -27.47746300641135], [153.05383499498996, -27.477342005883436], [153.0537289955831, -27.477222006229795], [153.0535759855408, -27.477112006166816], [153.0534060054244, -27.47698100631805], [153.0531359754432, -27.476819006064517], [153.0527829851473, -27.476688005867363], [153.05236699510215, -27.476603995742284], [153.05204400494344, -27.476594006335628], [153.05193801541796, -27.47664601595551], [153.0517739857421, -27.476741006093672], [153.05163900488748, -27.476840005771376], [153.05148300525187, -27.477034015967146], [153.05145800513753, -27.477093006137583], [153.05142299509592, -27.477221016380337], [153.0513839749749, -27.47738401625147], [153.05135799569695, -27.477545995749697], [153.0513470057077, -27.47777601607865], [153.05129999507227, -27.47796200626221], [153.0512340057298, -27.47823501604314], [153.05120498565458, -27.478314006389855], [153.05119600519666, -27.478392006044043], [153.05114599508653, -27.478521006209153], [153.05104598564594, -27.478673005975107], [153.0510170050965, -27.47876699576333], [153.0509940154118, -27.478819005951333], [153.05091101557107, -27.478867016130824], [153.0507650150829, -27.47894001601455], [153.05053900524564, -27.47901600607109], [153.05033000500825, -27.47910801590166], [153.05004099542182, -27.479239006048537], [153.04985598559242, -27.47928599592942], [153.0496949751541, -27.479281006129593], [153.04960201569193, -27.47926100628274], [153.04948597491673, -27.479246005797506], [153.04939998548284, -27.479222005973256], [153.04934497534978, -27.47914500630251], [153.0493399753269, -27.47903700615611], [153.0492529950512, -27.478811016340064], [153.04922799493684, -27.47863899608355], [153.0492379949826, -27.47849900582717], [153.04930399510482, -27.478368016394313], [153.04942998562007, -27.478241006091285], [153.04953598502695, -27.47808000629901], [153.04972801519028, -27.477814006334597], [153.04982499551176, -27.47763300577586], [153.04986999571761, -27.477497015869005], [153.04988999491079, -27.477389006137226], [153.049955995033, -27.477244006069835], [153.04997599512453, -27.47711300637801], [153.0500219852738, -27.47700000636662], [153.05006198545672, -27.47685101609087], [153.05011301515478, -27.47660701631425], [153.0501279756975, -27.47641899631074], [153.0501364854382, -27.476000565891926], [153.04958701562327, -27.476132006046914], [153.04945699526573, -27.476185016104523], [153.04912597506666, -27.476324005895005], [153.0490969954156, -27.476343006056858], [153.04891698560908, -27.47639300579602], [153.0488520149561, -27.476410006307876], [153.0487470054927, -27.476443015873336], [153.04853599572402, -27.476471995869467], [153.04843499544168, -27.476459016160337], [153.0483610155848, -27.476499005709954], [153.04835298554448, -27.476506006430007], [153.04831199541806, -27.476527996052177], [153.0482719853536, -27.47654500610702], [153.0482399756851, -27.47655101617169], [153.0481709949527, -27.476576006433085], [153.04814398530712, -27.47658801619792], [153.0481059856722, -27.476595005754533], [153.04808098555787, -27.47660499595808], [153.0480349954086, -27.476641995966165], [153.04802700489415, -27.47667400604392], [153.04801900539653, -27.47669799606249], [153.04798400523643, -27.47671100602882], [153.0479339951263, -27.476748006001337], [153.04779500509056, -27.476839006354687], [153.04774598492384, -27.47690401623871], [153.04765400552355, -27.477010995948568], [153.04757199562633, -27.477075006316564], [153.04739299552617, -27.477164016339174], [153.04735200539974, -27.47717699596525], [153.04730200517105, -27.477207006263907], [153.04723600504883, -27.47727900624096], [153.04717998520937, -27.477326996370135], [153.04715800523104, -27.477339006053086], [153.04700098510926, -27.477454995980295], [153.04699200554967, -27.47746300641135], [153.04695999498284, -27.477473995947115], [153.04686900552602, -27.477529996417548], [153.0468245452077, -27.477552585959653], [153.0467539951185, -27.477592006070346], [153.0466375150672, -27.477641586032675], [153.04654754519825, -27.47767459602606], [153.04652754510673, -27.47768659610745], [153.0464625349279, -27.47770258585315], [153.0463725255331, -27.477747595902965], [153.04634055539043, -27.477752585772258], [153.04632756485316, -27.477769586074327], [153.0462755452116, -27.47778659593747], [153.04623653497214, -27.477802596029388], [153.046191565309, -27.477830585823938], [153.04616553572535, -27.477841596044428], [153.04610753510067, -27.477823605909446], [153.04604355528954, -27.477823605909446], [153.0459925255915, -27.477845606426307], [153.04594759545427, -27.4778566158483], [153.04589558569427, -27.47786660593745], [153.04583459547638, -27.4778676061418], [153.04579958543476, -27.477871615725768], [153.04570257546894, -27.47789261602892], [153.04563157532385, -27.477903606318833], [153.04552259530684, -27.477913616328127], [153.04533556516634, -27.477944616269067], [153.04529658546954, -27.477944616269067], [153.04523956490686, -27.477949615693152], [153.04521358562886, -27.477960605977337], [153.0450915656672, -27.47795860636734], [153.04496257567723, -27.477968616371626], [153.04489858508626, -27.477967616168193], [153.04482759572096, -27.477949615693152], [153.04476357548563, -27.47794861628651], [153.04466757522613, -27.477935605669337], [153.0445715857464, -27.477917605986022], [153.0444415653889, -27.477902606114814], [153.04431860489112, -27.477882606017765], [153.04412956521932, -27.477835616335224], [153.04404660490448, -27.47781761583858], [153.04389658535376, -27.477775605635905], [153.04381358551308, -27.477757605926435], [153.04376661530185, -27.477751606288283], [153.04367660500867, -27.477728615907765], [153.04356560557892, -27.47769061605868], [153.04346559524, -27.477662626228557], [153.04337160541016, -27.47762162573709], [153.04342099568277, -27.477322005684584], [153.0431159951859, -27.477170005648563], [153.04283797558864, -27.47715000621549], [153.0425479850419, -27.476930005835904], [153.0421629850774, -27.476599005820958], [153.0419070056456, -27.476446006164235], [153.04178101513045, -27.476943015774882], [153.04168983523078, -27.477341095733006], [153.04161066490815, -27.477688615646777], [153.04155416536835, -27.477976036207036], [153.04147693540676, -27.478369136139886], [153.0413661857086, -27.47893203597568], [153.0412536250069, -27.479544296064095], [153.04109466542243, -27.48040863617109], [153.04097268498666, -27.48103361618416]]]}, "properties": {"sa2_code_2021": "305021115", "sa2_name_2021": "East Brisbane", "sa3_name_2021": "Brisbane Inner - East", "sa4_name_2021": "Brisbane Inner City", "mapped_location": "Brisbane", "geography_type": "CBD and inner Brisbane SA2 demonstration subset", "fill_color": [35, 117, 150, 90], "line_color": [15, 76, 100, 220]}}, {"type": "Feature", "geometry": {"type": "Polygon", "coordinates": [[[145.70905299254298, -16.89651800919122], [145.7088159621738, -16.89648102936444], [145.70870003278975, -16.89647797972962], [145.7088490623971, -16.89680303975365], [145.70899200232512, -16.897138019951225], [145.7091338427152, -16.897398039772156], [145.70916986246317, -16.897608009600873], [145.7091658829264, -16.89773005954913], [145.70909712228132, -16.897848029229202], [145.70858302273243, -16.897930029239973], [145.70835011293545, -16.898037049252636], [145.7081341022456, -16.89825698975702], [145.70803008272554, -16.898500989888984], [145.70803187216967, -16.8987459695649], [145.7080981121421, -16.89896602957609], [145.7081899127776, -16.899220989438742], [145.7080628523688, -16.899564959382843], [145.70803008272554, -16.89969897948248], [145.70804701237546, -16.899787999258045], [145.70815713235453, -16.89993099947036], [145.70837891292345, -16.900103979627016], [145.70850706298867, -16.900158979431033], [145.70857185218185, -16.900146989133038], [145.70866010267537, -16.900079059568046], [145.70882713272437, -16.899636969283648], [145.7090650721886, -16.899706989364446], [145.70911405282948, -16.899954039777683], [145.70909785261162, -16.900081039901885], [145.7084959328623, -16.900918029925187], [145.7081049429315, -16.901456049265978], [145.7080588827136, -16.901666029188384], [145.70814994223903, -16.902150039922024], [145.70828386218327, -16.903149039414796], [145.7081740727842, -16.903611999673178], [145.70805599283332, -16.903746019474912], [145.70788393221875, -16.903699029570063], [145.7077251621788, -16.903601009197725], [145.70744002253457, -16.903594979778116], [145.70720496217083, -16.903159029451736], [145.70682696277737, -16.903138049771872], [145.7066840327308, -16.903434979624972], [145.70659906288475, -16.90378101930109], [145.7064698528075, -16.904230029166666], [145.70624702300634, -16.904495969757285], [145.7058790622862, -16.90450704956851], [145.70561593226472, -16.904387989910482], [145.70531389261504, -16.90408504934433], [145.70514001291207, -16.903697049274214], [145.7049898828685, -16.90281098941977], [145.70453195227938, -16.902988039277012], [145.7042670022712, -16.903302039140726], [145.70378713212784, -16.903809989708048], [145.70351784235854, -16.904683009707444], [145.7034681628284, -16.905093039237617], [145.7034919223693, -16.90525602989028], [145.70369997218913, -16.905688039743108], [145.7037781229239, -16.90588601986232], [145.70380907258036, -16.906088989127692], [145.70377199282035, -16.906214969200157], [145.70360098233638, -16.906523019452866], [145.70352791247285, -16.90669297933121], [145.70349806235424, -16.906887999174852], [145.70352609248607, -16.90707403974561], [145.7036161324236, -16.90722900966899], [145.70377308247683, -16.907310009454786], [145.7039779226161, -16.907337019689486], [145.70421298297987, -16.90732702987395], [145.7045820028137, -16.90728003914273], [145.70475084296805, -16.90732296965797], [145.70497499239434, -16.907449019383616], [145.70518607223158, -16.907616989577484], [145.70526706254103, -16.90767297989532], [145.70541792291485, -16.907857029125374], [145.70559396216785, -16.908036039882692], [145.70561195272805, -16.908092019762265], [145.70560115228335, -16.908491969613305], [145.70570700256994, -16.9090170399141], [145.70563714238693, -16.909388019116484], [145.70551187232056, -16.909918019448327], [145.70545102223983, -16.91040699909439], [145.7053948928059, -16.910703019349857], [145.7052918829923, -16.910925039608042], [145.70517997267083, -16.911119989753047], [145.70509391226994, -16.911233019421516], [145.7051255922568, -16.91135432914184], [145.70550362219296, -16.91158089951298], [145.70560907272923, -16.91131919922313], [145.71127150251132, -16.91200482964465], [145.71354559214467, -16.912282419617814], [145.71449937300773, -16.912395919575133], [145.7152368925509, -16.912488189861666], [145.71540140282553, -16.911200929422748], [145.71563901260808, -16.91109600969111], [145.71574399242715, -16.910956999873754], [145.71602799300757, -16.911234999638193], [145.71712898259284, -16.91248200946076], [145.71732900237228, -16.912644019093136], [145.71769499218874, -16.912870009495983], [145.71796202269513, -16.912988009237488], [145.71850499230064, -16.913140999258122], [145.71884499295757, -16.913194999144167], [145.7192170023847, -16.913211009166325], [145.71959802281245, -16.91318001961343], [145.72016399288256, -16.91316401990219], [145.72076299220893, -16.91318700960288], [145.7213840029547, -16.91323100965962], [145.7218639826925, -16.913278009220583], [145.72226898274846, -16.913342009737573], [145.72258799247217, -16.913412009257573], [145.72298099283253, -16.91352799924553], [145.7237189821946, -16.913800659705924], [145.7238129729228, -16.91352600959889], [145.72368099244125, -16.912503009587226], [145.72349619281766, -16.91209560981016], [145.72327098248095, -16.911598949188352], [145.7231534927233, -16.91067180935982], [145.7231334126817, -16.910493209355298], [145.72336599279694, -16.909645389468082], [145.72347830286876, -16.909236019605764], [145.72347520278268, -16.90752388922106], [145.7238942929139, -16.90757020949258], [145.72376899230483, -16.907381009938728], [145.723782022368, -16.90723100969597], [145.72390699239708, -16.906900009671872], [145.72359798271913, -16.90648701968858], [145.72347297226582, -16.906518999615642], [145.72284200279682, -16.905652019191468], [145.722872982996, -16.905301019359616], [145.7229400027061, -16.9045660095212], [145.72156698259155, -16.904452019231314], [145.71875805220776, -16.904217819954795], [145.71880010234622, -16.903914679710677], [145.71884109247264, -16.903593689662788], [145.71886711217482, -16.90340067937143], [145.7193015724805, -16.900041799376417], [145.71938702292528, -16.899381549278967], [145.71948706290857, -16.898608699777522], [145.72023462292174, -16.89868953995671], [145.7216690330045, -16.898844679221906], [145.72210802261586, -16.898390679867966], [145.7238890027352, -16.89655567921811], [145.72494695223858, -16.895467679755342], [145.72526592243636, -16.895141689124337], [145.72573991220784, -16.89465267934357], [145.72782490288057, -16.892507679529867], [145.72784188283612, -16.89238867934192], [145.7279276126569, -16.891373769138998], [145.72827885213636, -16.887572729197753], [145.72404157260303, -16.88711029947444], [145.72384786259013, -16.8870901896228], [145.72209495212843, -16.886898749229392], [145.7204859625551, -16.886719759669656], [145.7202859427756, -16.886697749243112], [145.72012596270494, -16.88670277951032], [145.7176749822158, -16.886423779130745], [145.71706598284368, -16.886353799677792], [145.7153060224036, -16.88614579952382], [145.71384405290624, -16.88598381956104], [145.71369207233323, -16.88596681956507], [145.71353508275416, -16.88722878982274], [145.71263908242855, -16.88713181989286], [145.71268711265185, -16.887232809211532], [145.7134236126072, -16.8880056099026], [145.71335028223228, -16.88864388961517], [145.71319169275367, -16.88830630959836], [145.71309120271442, -16.88841635990778], [145.71299831242243, -16.888684829306357], [145.71255768248736, -16.889033709416296], [145.71179217233828, -16.88965830993494], [145.71177067295855, -16.888264739757503], [145.71175866248322, -16.888065569541304], [145.71147571293167, -16.88796617947794], [145.7110047927035, -16.888126629416174], [145.7109573023677, -16.888247459745916], [145.70822141220302, -16.88724123995664], [145.70800909269065, -16.889040149316354], [145.70760540237842, -16.889531509949574], [145.70737297228175, -16.888053709130027], [145.706350312196, -16.88798027994728], [145.7053113027721, -16.889223779209626], [145.7052020227178, -16.88929200923495], [145.705999002648, -16.890172009915073], [145.7068670024862, -16.890919009143534], [145.70716798212382, -16.891151019301425], [145.70777085229076, -16.891395049254182], [145.70771698211985, -16.891512009475907], [145.7076480022858, -16.89167999988196], [145.70773600214937, -16.89171400915776], [145.70766000287966, -16.891899009161786], [145.7070660026778, -16.891673009954708], [145.70660899286187, -16.891773999421783], [145.70614799272946, -16.891226009930918], [145.7057520027758, -16.89118601974579], [145.70538700290282, -16.891470009702132], [145.7053460127764, -16.89185201974352], [145.70605400289952, -16.892695009864937], [145.70644601241818, -16.892888019938134], [145.70663998294253, -16.8930370198973], [145.70644897236704, -16.893708009919234], [145.70639499260164, -16.893789999696043], [145.70631399241077, -16.89374500919967], [145.70624899301177, -16.89379700931449], [145.7062130029082, -16.893815019434054], [145.70614500223786, -16.893855009921516], [145.70607598287793, -16.89391899984109], [145.7059466928507, -16.894048129689605], [145.70688602251576, -16.894600009879184], [145.70791598231142, -16.89525401924984], [145.70857199231907, -16.89583001974228], [145.70905299254298, -16.89651800919122]]]}, "properties": {"sa2_code_2021": "306011138", "sa2_name_2021": "Brinsmead", "sa3_name_2021": "Cairns - North", "sa4_name_2021": "Cairns", "mapped_location": "Cairns", "geography_type": "LGA approximation from 2021 SA2 names", "fill_color": [180, 61, 31, 90], "line_color": [127, 42, 25, 220]}}, {"type": "Feature", "geometry": {"type": "MultiPolygon", "coordinates": [[[[145.64719965265675, -16.758619069649768], [145.64912265282928, -16.76173805957212], [145.6485616127135, -16.76660677947865], [145.64857161275927, -16.76878634928042], [145.64971151287108, -16.771021209240747], [145.65036212220716, -16.77240432940112], [145.6517337921538, -16.77299667999435], [145.6519965529677, -16.774748499448478], [145.65220979235488, -16.77695437948047], [145.65220413296856, -16.7770449896522], [145.65219836219123, -16.77713665939716], [145.65225304264254, -16.77740179984256], [145.65174354246793, -16.779413729651793], [145.6525577125594, -16.78102589958009], [145.65198871247188, -16.78367381958457], [145.65247613295517, -16.784790699605285], [145.65372921270787, -16.78660201939474], [145.6545944124974, -16.78878201952412], [145.6550261625859, -16.789438919667568], [145.655792122791, -16.790646009984062], [145.65616657294072, -16.792186409628336], [145.6562066827182, -16.794308009240577], [145.65487516297313, -16.795810689952276], [145.65447757222165, -16.797558179684213], [145.6541334824335, -16.799518159763053], [145.65450535262184, -16.801429769610838], [145.6539422221264, -16.80322920939757], [145.6545925826292, -16.80466534937122], [145.65491013259054, -16.806470559662547], [145.65589713225444, -16.807007339407164], [145.6566594722489, -16.808179029591063], [145.6576139025939, -16.809065659367256], [145.6579718228442, -16.809918899948002], [145.6579799328345, -16.810299539741564], [145.65830372249383, -16.810485479312675], [145.6586403921977, -16.810836819445786], [145.65970430292128, -16.812365099744497], [145.65983128248166, -16.814313469407942], [145.6599721023856, -16.815104399936484], [145.659834052886, -16.815784729891174], [145.66030023270437, -16.817120819516866], [145.66162814212032, -16.817828499761788], [145.6629282325085, -16.81805958922823], [145.66306310287032, -16.81801270958377], [145.66316409237288, -16.81802004963088], [145.66318621248843, -16.818171219625906], [145.66341653244245, -16.818354349951], [145.66506903281493, -16.818791089209558], [145.66594434224464, -16.819788429464484], [145.66478302270318, -16.824644749283113], [145.66525759278633, -16.826867249879605], [145.66538640221492, -16.829465319704553], [145.6643425724312, -16.83153627951847], [145.66431979295217, -16.831704799577302], [145.66414598241946, -16.832257009710897], [145.66401808298423, -16.832640749888032], [145.6637929229532, -16.833043999574286], [145.6639808226629, -16.83422604955733], [145.6629413029959, -16.83563547932645], [145.66185528293653, -16.83671450985951], [145.65986909257197, -16.83816771940282], [145.6693919828803, -16.845346139800572], [145.67429349290435, -16.849040539623736], [145.67876281266547, -16.849552579822628], [145.67949562234168, -16.849631169541233], [145.68394088252452, -16.851591319477585], [145.68576019285877, -16.851783769732993], [145.68778780274442, -16.853066469536948], [145.68807910213653, -16.8505368894037], [145.68821299243638, -16.84937366923071], [145.685322002748, -16.84848675953189], [145.68573000227872, -16.845126009582422], [145.6836389928935, -16.844894999565916], [145.6831809922358, -16.84188201979069], [145.68327669245792, -16.841700109892603], [145.68333560217766, -16.84116989918231], [145.6832609926017, -16.841068019441696], [145.68342999265616, -16.840952009875338], [145.6835409929842, -16.839897999419154], [145.68349000281205, -16.83919499981079], [145.6844360024681, -16.839099009479003], [145.68475698219723, -16.838997019429485], [145.68502697265248, -16.838786009450935], [145.68506599277345, -16.838584999567633], [145.683487002439, -16.838317009272494], [145.68334498238588, -16.83829301996587], [145.680381002784, -16.838385019512], [145.68030599255948, -16.83848200929358], [145.67968301270653, -16.83871300994133], [145.67904897279584, -16.839251999179165], [145.67784107291203, -16.83900652965292], [145.6781669825954, -16.836277019174325], [145.67833401264443, -16.834884999446533], [145.67864199285304, -16.832301019163843], [145.67877799239716, -16.830923009587014], [145.6787911024104, -16.830805089270164], [145.67895900292686, -16.829388009656004], [145.6791889824194, -16.827466999760585], [145.67942601278858, -16.825487999550365], [145.6801948925184, -16.819468939778954], [145.680203322309, -16.81939666974767], [145.68021401226088, -16.819304009184506], [145.67104401253556, -16.818321009374237], [145.6728690127988, -16.80301199969084], [145.67293431223507, -16.80293254958938], [145.67687481265304, -16.79813800960511], [145.67678597286476, -16.798032999610655], [145.67692000240342, -16.797923999231728], [145.6770130022899, -16.79785401972912], [145.67954099265341, -16.795873019706757], [145.68014798249425, -16.796591999517428], [145.68042929262043, -16.79626933952807], [145.68132489229745, -16.796530659848056], [145.6819310125691, -16.79622900935583], [145.68204299295914, -16.79610400950318], [145.6821680429383, -16.795940039843405], [145.68225896232653, -16.795793359358065], [145.6807572028519, -16.794747529200613], [145.68082199294352, -16.794697009439947], [145.68099420267842, -16.794559939347497], [145.68315000215514, -16.792874329630273], [145.6832570229465, -16.79278799952591], [145.68361899280205, -16.79250801960661], [145.68409199263002, -16.792137019239814], [145.68424040239984, -16.792021519813268], [145.6857065724194, -16.790874819979294], [145.68581165284982, -16.790795399197982], [145.68591600294985, -16.790716529654226], [145.6869246124862, -16.789928449909528], [145.68779572229195, -16.789247979938324], [145.68785862232812, -16.789198699728527], [145.68837899211775, -16.788791009371035], [145.68843986285967, -16.78874244974421], [145.68874906208214, -16.788495749481935], [145.68881207261114, -16.78844594962056], [145.68920301223625, -16.78813699926221], [145.68964630208288, -16.787780429401113], [145.68970219256497, -16.787735829955402], [145.69061899248263, -16.78700500920749], [145.6906519920946, -16.786978009310676], [145.69114602238173, -16.786585019933725], [145.69121099213635, -16.786532019378356], [145.69210797252398, -16.785818009481183], [145.69212699255345, -16.785802009315375], [145.69218608283452, -16.785754929911917], [145.69214598293857, -16.785705609233926], [145.69205461259605, -16.785598659853544], [145.6904159525672, -16.783661529488448], [145.69034282251656, -16.783624089842963], [145.69045482266952, -16.78352827951013], [145.69098790272204, -16.783103429279876], [145.69135899227433, -16.78280999934196], [145.6925536024819, -16.78186227922108], [145.69288896244205, -16.781599009605387], [145.69292700250108, -16.781412009665626], [145.69211849269425, -16.780440579227577], [145.69200388293535, -16.780290889447766], [145.69190241283414, -16.780348579951923], [145.69166194281573, -16.78038695943227], [145.69097837249524, -16.78041557976536], [145.6903209323697, -16.780364999428038], [145.6891834127934, -16.780209589300664], [145.68885641255523, -16.780106619786498], [145.68815043286165, -16.77983660998077], [145.68810538235016, -16.77979360925331], [145.68780141222098, -16.779697619815096], [145.68763738254503, -16.77961759919388], [145.68758541231088, -16.779616609256706], [145.68737042210722, -16.77950060939787], [145.6869024223021, -16.77919561972978], [145.6867694123512, -16.77915162977774], [145.68633043262133, -16.77891861969914], [145.6857813922011, -16.778555629300246], [145.68538139216804, -16.778243649160228], [145.68526244264802, -16.778177639385678], [145.68484042221237, -16.77777263977349], [145.68436643244095, -16.777294649690123], [145.684239562475, -16.77717868969767], [145.68405783239473, -16.777010449748925], [145.68384839288117, -16.776816669585592], [145.68324139226053, -16.77618666960473], [145.68270842270078, -16.775578679700534], [145.6824724128178, -16.775274669397668], [145.68239748254328, -16.775164489678975], [145.68223640293473, -16.774927689463407], [145.6818514029703, -16.774507679513302], [145.68152743274962, -16.773944709237572], [145.68124539229314, -16.773647709528436], [145.68112140232603, -16.773351709646192], [145.68095142220963, -16.773077709716304], [145.68046342231304, -16.77243371986535], [145.6803904225181, -16.772217719500652], [145.6799939923899, -16.77163000931734], [145.6798444121154, -16.77142972988294], [145.67944539214423, -16.77088770956957], [145.67934341269822, -16.77064972997953], [145.67913642289048, -16.770388729280764], [145.67889242249302, -16.769998729743914], [145.67869441224482, -16.769594729358094], [145.67838438208068, -16.769088739181893], [145.67804536238404, -16.768582759700806], [145.67770639209473, -16.767961749928386], [145.6775733821439, -16.767766759812652], [145.67754436296693, -16.767665749794894], [145.67750593214075, -16.76759357959791], [145.6769633928283, -16.766575769356503], [145.67677838210057, -16.76628677968421], [145.676602372492, -16.765925769265372], [145.6765832123253, -16.765898599508745], [145.6764544028967, -16.76571577983695], [145.67644039277158, -16.76564377920578], [145.6762343821275, -16.765253799181814], [145.6762053629505, -16.765153789883627], [145.67605735293105, -16.764907789252966], [145.67598439266197, -16.76471979922082], [145.67560038264094, -16.764112789329488], [145.67550434285562, -16.76390253985792], [145.67518238216618, -16.76319681928458], [145.67514537247484, -16.76305980990219], [145.67490337262552, -16.762590819502993], [145.67477836217222, -16.762279809213673], [145.6746163321461, -16.76199079925168], [145.67454334223265, -16.761803809268734], [145.67446935249427, -16.761687809723274], [145.67441135276795, -16.76150080998082], [145.6742493326233, -16.761211829800793], [145.67405836247204, -16.76073583922572], [145.6737633728007, -16.76021581958044], [145.67361036275832, -16.759803829922372], [145.67359503210966, -16.75974721956236], [145.6734933428196, -16.75937184928664], [145.67320035279806, -16.758678839719643], [145.67289233216525, -16.757856849299237], [145.67283499270064, -16.75756001972329], [145.6725600022225, -16.75673999942119], [145.67245532244073, -16.75638586000375], [145.67226398218358, -16.755595999285728], [145.67220832256854, -16.755361869638435], [145.67197530227878, -16.754626879866457], [145.6719253029484, -16.754331880019294], [145.67194030211868, -16.75430288932295], [145.67186131235744, -16.753834889774915], [145.6717733124939, -16.75353187951753], [145.67173032271768, -16.75325787942205], [145.67166126293355, -16.752465889655202], [145.67159998255983, -16.752069009689116], [145.67146128267999, -16.751154909364942], [145.67142828216967, -16.750585909657147], [145.67144328223833, -16.75055689946584], [145.67139236213472, -16.74957735969821], [145.67134499217318, -16.748665009973877], [145.67131425272245, -16.748058919185105], [145.67135499221894, -16.747652009426773], [145.6713772524717, -16.747439929300523], [145.67139360270812, -16.74709687966506], [145.67140225258603, -16.7469149098862], [145.67139528255768, -16.746321559371196], [145.6713812329067, -16.745129939200815], [145.67138999237898, -16.744736650004413], [145.67141025208358, -16.74382694981696], [145.6714155422623, -16.74374147917701], [145.6714422222263, -16.743308949390805], [145.67147628274856, -16.74299385933892], [145.67159921270365, -16.7418559393434], [145.67173765207207, -16.74090335953841], [145.67179222292896, -16.740525939994708], [145.67177722286036, -16.740496949776897], [145.67185321224852, -16.740129969368517], [145.67188321238575, -16.740086949342736], [145.67194771232147, -16.739697249868893], [145.6719522021013, -16.739669939588666], [145.67202020277165, -16.73950493971642], [145.6719912222223, -16.739389949418296], [145.67191720283952, -16.73928893982406], [145.67191822242737, -16.739115939295544], [145.67205320238364, -16.738943949404778], [145.67203122240522, -16.738835949171193], [145.67195720212413, -16.73869193958845], [145.67184818258127, -16.738280939955708], [145.67171418268697, -16.738099939863417], [145.67146222231776, -16.73787593972027], [145.671344222317, -16.737694939243223], [145.67099623294217, -16.73735596000191], [145.67073620210854, -16.737195959670434], [145.6705502328784, -16.737129969204727], [145.67022323264024, -16.737041959514805], [145.6700672321063, -16.737019969559725], [145.66977622287004, -16.737039969734532], [145.669605212386, -16.737003959267323], [145.66946421281904, -16.73690896936872], [145.669279232634, -16.73667797992403], [145.66911622254597, -16.73641797957478], [145.66899822254516, -16.73627396988493], [145.66872505295208, -16.73599110918352], [145.66863523220348, -16.7358979795325], [145.66842721292636, -16.735730979717427], [145.66816021296265, -16.735571969908264], [145.66762622291677, -16.735136999918026], [145.66720224235718, -16.734904989766562], [145.66709825248157, -16.734875999553736], [145.6670092222504, -16.734817999328644], [145.66689027273037, -16.734788999639612], [145.66680125238068, -16.73473099938803], [145.66660823227386, -16.73465799944677], [145.66640026240412, -16.73449798996759], [145.66629623210437, -16.73448300920775], [145.66613224285257, -16.734511019631736], [145.6660502625998, -16.734554009946834], [145.66593025216937, -16.734647009493617], [145.66571223284654, -16.734963009751347], [145.66544326287746, -16.73523500937932], [145.6653682625344, -16.73535701938422], [145.66533723292787, -16.735501019443912], [145.66535223209814, -16.735587009940833], [145.6653212429158, -16.73574601973748], [145.66522426259434, -16.73588200957823], [145.66508228206703, -16.735989019601586], [145.66454098242968, -16.736260690004745], [145.6640421021383, -16.736413219743216], [145.66365031270695, -16.736342019255705], [145.66350230268745, -16.73625502947382], [145.66327830238146, -16.736182029256184], [145.66317530244928, -16.736109029870814], [145.66305529291725, -16.736080039841138], [145.66288527237666, -16.735986039646132], [145.6623166729378, -16.735616209950408], [145.66212728292308, -16.73549302928874], [145.66156328285848, -16.735080059623048], [145.66082229222502, -16.734457049666133], [145.66051033247967, -16.73424004957641], [145.6599393228609, -16.733784079834038], [145.6594213129456, -16.733170079622788], [145.65925031234303, -16.73302507987961], [145.6587313223657, -16.73261908947492], [145.65787130226218, -16.73189609976117], [145.65724832240926, -16.73143908948814], [145.65698030285776, -16.731287109792177], [145.656758312083, -16.73111309976521], [145.65635732210652, -16.73076611932262], [145.65571934218497, -16.730288109243183], [145.65517038261316, -16.729961119613613], [145.65492433226018, -16.72996711928632], [145.65482735283706, -16.73002411960871], [145.6545433423752, -16.730239129485668], [145.6542213421599, -16.730511129833666], [145.65402033243697, -16.730546129828127], [145.6538043325269, -16.73055212948241], [145.65372932230238, -16.73065211996481], [145.65367734218674, -16.73066611943684], [145.65337235246972, -16.730607129458967], [145.65331234231374, -16.730564129650688], [145.65313437258126, -16.730592139790417], [145.6530443622881, -16.730649139925895], [145.6529773524595, -16.730663149721625], [145.6528953722067, -16.730648139410537], [145.65272436262097, -16.73056113928694], [145.65241236245143, -16.730372139771585], [145.6522643928562, -16.730249149285665], [145.65196739275524, -16.72996713993331], [145.65122538253394, -16.729489170004584], [145.65036537231185, -16.728729159303693], [145.65011337241677, -16.728534159974924], [145.64986138240315, -16.72837415997962], [145.6482084023303, -16.726847190013924], [145.64765338272363, -16.726183199884083], [145.64760842294197, -16.726168199543945], [145.64717841289018, -16.725756199891833], [145.6470974225808, -16.725712189844963], [145.6465194025095, -16.7251191896921], [145.6463114227583, -16.72494619952947], [145.64576341270578, -16.72441021964286], [145.645645412705, -16.72420121939223], [145.64556343245215, -16.724107229685064], [145.64541546285685, -16.724005219183702], [145.64471743235524, -16.723599219892936], [145.64432444277463, -16.72329521948933], [145.64356943213454, -16.722457229174346], [145.64313143246665, -16.72209523920031], [145.6429014520758, -16.721871239175673], [145.64238344216045, -16.72123524925539], [145.64202848275738, -16.72088024974431], [145.64171746264986, -16.72051224992438], [145.64152547291073, -16.72022325917436], [145.6404444924001, -16.718894279796825], [145.63992648248475, -16.71831527947087], [145.6395054528909, -16.71773726936714], [145.63936445242553, -16.71762927002388], [145.63909745246184, -16.717318299885285], [145.6389354727414, -16.717072289949737], [145.6387524625618, -16.716737289297377], [145.63858047291419, -16.716502299724596], [145.6380545021288, -16.715989299408786], [145.6372924927143, -16.71500631947402], [145.6369524929557, -16.71450129928806], [145.63665652232405, -16.714125309877605], [145.6362285227019, -16.713490319688415], [145.63602149246998, -16.71313631927736], [145.63589651255938, -16.712797329926833], [145.63589750250287, -16.712682329542446], [145.63593550213767, -16.712517329543232], [145.635802532611, -16.712416339265914], [145.63529649274685, -16.712240329724317], [145.635214512494, -16.712182329497022], [145.63489751230162, -16.711909329925916], [145.6346225523662, -16.711647329847352], [145.63451054233175, -16.711574329672704], [145.63416054252735, -16.711566329911165], [145.63379652271635, -16.71145634993326], [145.63367056274387, -16.711376339347627], [145.63323953220592, -16.711064359260153], [145.63306254253538, -16.71091233923674], [145.63287654276257, -16.710710339722322], [145.63238854286593, -16.71010335992227], [145.63176752223865, -16.709207359571042], [145.63133956214236, -16.708500369506424], [145.63120758255906, -16.708226359733583], [145.63102957240235, -16.70793737962816], [145.6309005824124, -16.707796369264628], [145.63055558263096, -16.707460389548153], [145.63030358273585, -16.70714238976339], [145.62982956242166, -16.706427389492315], [145.62932757216285, -16.70589937994869], [145.6292545723679, -16.70577738981608], [145.62919559257963, -16.705489399767444], [145.6291200029417, -16.705341009644208], [145.62798598230344, -16.706372019455628], [145.62732701234697, -16.707081009216942], [145.62216700221842, -16.71125401974996], [145.61707277212486, -16.71587446957783], [145.6176017325035, -16.7167129396378], [145.61897081260716, -16.717630709384576], [145.61970968231827, -16.71831097000759], [145.62042106268333, -16.71858584973174], [145.62156599246242, -16.71878993928235], [145.62245356209914, -16.71936067977067], [145.62275535291548, -16.719902950006503], [145.6230807424743, -16.720715489985572], [145.6231037429388, -16.721059439703993], [145.62414432261784, -16.721606639958267], [145.62511047238405, -16.72188320977887], [145.62579580250414, -16.722231570005302], [145.62676173218313, -16.722532669367965], [145.6277528227748, -16.722883059631663], [145.62869068279602, -16.723552319532036], [145.62970633242938, -16.724025659486475], [145.63077264255307, -16.724548409656165], [145.63130689221205, -16.724650199626197], [145.6314808527635, -16.725265269979584], [145.63190714289163, -16.72622582988763], [145.63245748227578, -16.72764641992331], [145.63178318256897, -16.72931182985715], [145.63111279233033, -16.729715059745367], [145.63085258273185, -16.730474589915193], [145.63082276225765, -16.731088329540633], [145.63132733247807, -16.731779269886985], [145.63170547290702, -16.732346609517688], [145.63205566225588, -16.73325752934041], [145.63250723277284, -16.734242799866507], [145.63291206214888, -16.734638409370906], [145.63300940269474, -16.735277539287935], [145.63353829210644, -16.736140529284928], [145.63495930291842, -16.73587242966967], [145.6354669525636, -16.736145919696508], [145.6360980729496, -16.736960469694015], [145.63639857288686, -16.737699169984975], [145.63734228273722, -16.737558059469976], [145.6381331226825, -16.737415939768006], [145.6392572923953, -16.736981339597705], [145.64037685285243, -16.73718516944371], [145.6416220921094, -16.73763538969339], [145.64266252266808, -16.738231609548322], [145.64326948286453, -16.73887408927423], [145.64335748272805, -16.73997598964977], [145.64410266220568, -16.74070410930308], [145.64627580276064, -16.741780589380948], [145.64762521245459, -16.74230533993273], [145.64649027283983, -16.74341080934192], [145.646023402217, -16.744310189657348], [145.6453365826901, -16.745277499214918], [145.64532800288083, -16.74610745969028], [145.64518551211043, -16.74716014926223], [145.64484956285546, -16.74767313966332], [145.64421647246405, -16.748203509208032], [145.6424039929192, -16.748728009805266], [145.6422279922938, -16.750612009793414], [145.64186200247735, -16.750968009376972], [145.643323642293, -16.753101149978963], [145.64512459285947, -16.754036119313376], [145.64628365223965, -16.757139089742225], [145.64719965265675, -16.758619069649768]]], [[[145.69450018253232, -16.731502119965015], [145.69480080284384, -16.731698149458193], [145.69515970225774, -16.731700379313402], [145.6953300129541, -16.731648549798372], [145.69548156233586, -16.731561249892202], [145.69553916231186, -16.731438129410282], [145.69544590281234, -16.731261099918704], [145.69527672219647, -16.731136449654077], [145.69512620228417, -16.731064929749284], [145.6948808822615, -16.731045729874182], [145.69469133234668, -16.731150399193893], [145.6945016126502, -16.731272700009583], [145.69450018253232, -16.731502119965015]]], [[[145.67948328218463, -16.728470489315065], [145.67953387260647, -16.728490139385467], [145.67975590290703, -16.728408659672745], [145.68009550291535, -16.728029319279813], [145.68048400271618, -16.727830999333253], [145.68084659240924, -16.727611269703857], [145.68115681211788, -16.727435689709782], [145.68143468259487, -16.727171399320294], [145.68174708251468, -16.726781509976547], [145.68219308257852, -16.72646188974655], [145.68259713221687, -16.726275369876568], [145.68281277280084, -16.72628616932404], [145.68311240227055, -16.726395789746356], [145.68335929254832, -16.726492819511133], [145.6836155926787, -16.726484879736443], [145.68371889264813, -16.726448249574222], [145.68382583259114, -16.726245749465868], [145.68390000289088, -16.7260360492149], [145.68412499224198, -16.72582185963494], [145.68434713213705, -16.7258018797907], [145.68456346262712, -16.72584759925293], [145.68481834252106, -16.72584921921677], [145.68497423256215, -16.72576776934652], [145.68501310266447, -16.725690359460803], [145.6852276922196, -16.72541198936699], [145.68557039231393, -16.725448089776187], [145.68606398242656, -16.72545122991439], [145.68612697229432, -16.72556715001626], [145.68625728280776, -16.7255830098546], [145.68641565219903, -16.725544659756647], [145.68676470248414, -16.725452030004384], [145.6870588225863, -16.725565079246927], [145.68714708206298, -16.725923719470565], [145.68723840209978, -16.72620521947968], [145.68739057221737, -16.72648186952162], [145.68759588217551, -16.72667748950981], [145.68769502294523, -16.726710969186875], [145.68777867226785, -16.726665999258522], [145.68794610206712, -16.726468419478643], [145.6881671127799, -16.726258169735647], [145.68841089219183, -16.726058639212436], [145.6884380123302, -16.725998739322115], [145.68842567217314, -16.725966619669318], [145.6883918020937, -16.72551747993626], [145.6882535028624, -16.72524082935529], [145.68804680231216, -16.724854979541988], [145.68797971253352, -16.724613499425963], [145.68779948263975, -16.724288059818257], [145.6875442721658, -16.723980799905878], [145.68720219280732, -16.72359617952137], [145.68709857213932, -16.72340769961772], [145.6868865427828, -16.723079379312967], [145.68662914221625, -16.722799759658592], [145.68630119245879, -16.722560979220383], [145.68606500291276, -16.722393939330082], [145.685979002699, -16.722400769455106], [145.68588980268626, -16.722590819586287], [145.68581194210728, -16.72272009968069], [145.6857470828455, -16.722847489556536], [145.68575581267345, -16.72302619932836], [145.68576698232567, -16.723290969500784], [145.68576479223302, -16.72358491965021], [145.6856038626431, -16.72371613995185], [145.68526835266425, -16.723944649320376], [145.6850192022253, -16.72413036965415], [145.6847074922116, -16.72426071979974], [145.68446666286707, -16.724305639536702], [145.68420748273792, -16.724351460014738], [145.6840375322659, -16.72439372995518], [145.68363538256435, -16.72469172962927], [145.68329374248202, -16.724907909525427], [145.6830327621291, -16.725016979278983], [145.6827693024259, -16.725028669222443], [145.6825193929105, -16.725065359879334], [145.6823302822719, -16.72512856968813], [145.68207628272697, -16.72530363992094], [145.68175296288652, -16.725405239358828], [145.68144048211832, -16.725396439226756], [145.68120210247955, -16.725382449691487], [145.68092569266324, -16.725357549675486], [145.68080509293804, -16.72536592997701], [145.6807287029013, -16.725500439744923], [145.68050269216567, -16.725568240030668], [145.68022978218573, -16.72560468969659], [145.6798697823356, -16.725373659882123], [145.67948963237538, -16.725240549753646], [145.67936042229812, -16.725227139197493], [145.67933086233535, -16.72528139998122], [145.67923727225585, -16.72560864970875], [145.67924377246524, -16.72589835925948], [145.67911741274244, -16.726087369232424], [145.67899378210146, -16.725948979882343], [145.6789477928505, -16.72598633968284], [145.67880851265895, -16.726076419219634], [145.67902561210693, -16.726150369647392], [145.6789111424852, -16.726223089805572], [145.67882938231963, -16.726304339889854], [145.67879190280934, -16.726375229254568], [145.67880237267397, -16.7264499693286], [145.6788942829039, -16.726511039955028], [145.679004072303, -16.726646869485506], [145.6791134323074, -16.726832479649026], [145.67918471272685, -16.726994739238513], [145.6791598527497, -16.726976209991342], [145.67895228263026, -16.72694604941792], [145.67897882245703, -16.72700535970181], [145.6789420624973, -16.727006709520055], [145.67894096206106, -16.727033539844452], [145.6789427928276, -16.72705863923224], [145.67896330226384, -16.727060899252365], [145.67896692247442, -16.727112730014785], [145.6789895824775, -16.727114529771434], [145.67899068291374, -16.727165919183268], [145.67901371212432, -16.727167719799723], [145.67901546294084, -16.72721956945979], [145.67902703234336, -16.727221369215435], [145.67902813277956, -16.72727580923508], [145.6790702520883, -16.727274369947146], [145.67912890219492, -16.727379669359], [145.6791440127563, -16.727418469886597], [145.6791598527497, -16.72747183963335], [145.67915449250245, -16.727513689914705], [145.67912857251318, -16.72759323949189], [145.67932841262962, -16.727559749646147], [145.67953212268827, -16.727836139632224], [145.6795070821497, -16.72807661943926], [145.67948328218463, -16.728470489315065]]]]}, "properties": {"sa2_code_2021": "306011139", "sa2_name_2021": "Clifton Beach - Kewarra Beach", "sa3_name_2021": "Cairns - North", "sa4_name_2021": "Cairns", "mapped_location": "Cairns", "geography_type": "LGA approximation from 2021 SA2 names", "fill_color": [180, 61, 31, 90], "line_color": [127, 42, 25, 220]}}, {"type": "Feature", "geometry": {"type": "Polygon", "coordinates": [[[145.72332704274461, -16.876557749206224], [145.72262701259316, -16.876614009208673], [145.72188300272197, -16.876649009769558], [145.72148051255894, -16.876681699648], [145.7203720022781, -16.876769999599297], [145.71950900246276, -16.87680901974199], [145.7187049824357, -16.87686901990071], [145.7177199923031, -16.877034019809177], [145.71723399295462, -16.87722200935956], [145.71632799258325, -16.87769399994935], [145.715125502354, -16.878346629760838], [145.71481743231382, -16.878515699529782], [145.7146443925356, -16.87860954917512], [145.71370400285855, -16.879117999465837], [145.7116959924157, -16.880226999771622], [145.7110480124485, -16.88062800928706], [145.71054701213305, -16.88093501993638], [145.70955698245166, -16.881462009937742], [145.7091680029505, -16.881658019481684], [145.70870299273858, -16.881339999324435], [145.70835854272607, -16.88107004955224], [145.70807297278887, -16.881300009623462], [145.70799902257633, -16.881945009174206], [145.70769698292665, -16.88223600932969], [145.70761500267386, -16.882311009518595], [145.70753499242645, -16.88238001912171], [145.70745199258576, -16.882445009208904], [145.7073649727842, -16.882507019900306], [145.70727697292062, -16.88256700965249], [145.70718602298967, -16.882622009410973], [145.70707933277833, -16.88268004955573], [145.70699800290578, -16.882722009165246], [145.7069000029965, -16.882766019768166], [145.70680098260107, -16.882807019186934], [145.70437639281826, -16.883749789322767], [145.70436610261666, -16.88391882932522], [145.70444647219023, -16.88426732970936], [145.70454017276253, -16.88454286912598], [145.7045321723666, -16.88465086978804], [145.70453571262715, -16.884709909871685], [145.70449451229496, -16.884808399940397], [145.7043709921468, -16.88485566961938], [145.7041591828775, -16.884822869409508], [145.70395091297044, -16.884623969770605], [145.70385192221943, -16.884522999686258], [145.7037028629677, -16.884521999122583], [145.70359317238328, -16.884618869821182], [145.70359306278883, -16.88476303939829], [145.7036521225272, -16.884864009354242], [145.70386320236446, -16.885038869491797], [145.70392507293133, -16.88527886986641], [145.70401519281896, -16.885620869271257], [145.70403716291582, -16.885879869164754], [145.7040212124296, -16.886138859247435], [145.7041461923402, -16.88697483923182], [145.70426423276513, -16.88740684969629], [145.70436822264074, -16.887651849795322], [145.70458791283002, -16.88764720980118], [145.7047289824656, -16.88820199946014], [145.70504299216643, -16.889017999910045], [145.7052020227178, -16.88929200923495], [145.7053113027721, -16.889223779209626], [145.706350312196, -16.88798027994728], [145.70737297228175, -16.888053709130027], [145.70760540237842, -16.889531509949574], [145.70800909269065, -16.889040149316354], [145.70822141220302, -16.88724123995664], [145.7109573023677, -16.888247459745916], [145.7110047927035, -16.888126629416174], [145.71147571293167, -16.88796617947794], [145.71175866248322, -16.888065569541304], [145.71177067295855, -16.888264739757503], [145.71179217233828, -16.88965830993494], [145.71255768248736, -16.889033709416296], [145.71299831242243, -16.888684829306357], [145.71309120271442, -16.88841635990778], [145.71319169275367, -16.88830630959836], [145.71335028223228, -16.88864388961517], [145.7134236126072, -16.8880056099026], [145.71268711265185, -16.887232809211532], [145.71263908242855, -16.88713181989286], [145.71353508275416, -16.88722878982274], [145.71369207233323, -16.88596681956507], [145.71384405290624, -16.88598381956104], [145.7153060224036, -16.88614579952382], [145.71706598284368, -16.886353799677792], [145.7176749822158, -16.886423779130745], [145.72012596270494, -16.88670277951032], [145.7202859427756, -16.886697749243112], [145.7204859625551, -16.886719759669656], [145.72209495212843, -16.886898749229392], [145.72384786259013, -16.8870901896228], [145.72404157260303, -16.88711029947444], [145.72827885213636, -16.887572729197753], [145.73545479225533, -16.88909976995586], [145.74214747288732, -16.88795265922077], [145.7439199827919, -16.888150019292755], [145.74591098273643, -16.88872987946017], [145.74787837226037, -16.88894693921959], [145.74776007222238, -16.88994077989899], [145.74766798232932, -16.88993001985022], [145.74579199279225, -16.88972401955248], [145.74567402243588, -16.890717009470116], [145.74764298221496, -16.890934449448707], [145.74773697294316, -16.89094501947712], [145.7486599829144, -16.893388019347498], [145.75215902245566, -16.893792019635153], [145.75223899227893, -16.893812019609904], [145.75255551277095, -16.89391352967769], [145.7525989121789, -16.893713009915345], [145.75281463271298, -16.893631509188584], [145.75306316241608, -16.893512609417265], [145.7532120429031, -16.893441389683645], [145.7535129524721, -16.89330013975398], [145.75392737226215, -16.89321322969331], [145.7542055724208, -16.893218669792724], [145.75444399248374, -16.8933055798509], [145.75462568213982, -16.893408789522137], [145.75503445242504, -16.893674969714677], [145.75529561244107, -16.893805319429543], [145.75568167241755, -16.893810759511872], [145.75600527253235, -16.89370210997521], [145.75636294215263, -16.89353913942089], [145.7569590623785, -16.893272969351344], [145.75746433238652, -16.892957889523938], [145.75777658228768, -16.892539609394728], [145.7581853525729, -16.892246269943186], [145.75860546229188, -16.892148479136964], [145.75904262293338, -16.892039809732776], [145.75949110234737, -16.89195289995109], [145.7600701725492, -16.89183882983484], [145.76050733229235, -16.891768209440695], [145.76080999267785, -16.891704019374146], [145.76113185275594, -16.89163781963831], [145.76171158232117, -16.8914351898179], [145.7621878322539, -16.89133362942178], [145.7624682629294, -16.891284459159063], [145.7628974627008, -16.89134446932957], [145.76317563231675, -16.89147483956483], [145.76360713267357, -16.891768189670888], [145.76386263240497, -16.891820839296475], [145.7640539627807, -16.891820839296475], [145.7640313728463, -16.891689479948862], [145.7643013624032, -16.89130147930549], [145.76445039290886, -16.89117247994941], [145.7647203824658, -16.890812479340973], [145.76470538239724, -16.890769469425756], [145.7647723625814, -16.89061846919192], [145.7648103523348, -16.890452469450036], [145.7647869628997, -16.89028398971846], [145.76476736255856, -16.89015047952853], [145.76480433272403, -16.889970469309787], [145.76481232234025, -16.889775479248353], [145.76478334268913, -16.889545469332802], [145.76475436213977, -16.889430479742135], [145.76469436276363, -16.88934346990819], [145.764680342757, -16.889213469534344], [145.7646953428256, -16.88902646925607], [145.76475633214514, -16.8887524698605], [145.76481634230112, -16.888580479837028], [145.76487634257558, -16.888350489954277], [145.76495234274356, -16.88813347936417], [145.76496734281216, -16.887975469765344], [145.76494285294086, -16.887922019661815], [145.7647790424539, -16.887863969954388], [145.76455036282357, -16.88781549934186], [145.76446835292634, -16.887762499610904], [145.7645558425468, -16.887705039523738], [145.76500296280977, -16.887749049824393], [145.76513236243156, -16.88771748962625], [145.76516134298092, -16.887731469773477], [145.7654153425258, -16.887645489788493], [145.76549035275036, -16.887588489539308], [145.76562434276318, -16.88745948936421], [145.76568435291907, -16.887358479536978], [145.7656703724383, -16.887243479158368], [145.76556532255066, -16.887228479514913], [145.76552134283105, -16.88717049922004], [145.7656113127, -16.887041499618817], [145.76591032233222, -16.88686948998496], [145.76605931241363, -16.88675446953803], [145.76640332225168, -16.8864964894491], [145.76656732228324, -16.886395479966083], [145.76697031280787, -16.88613747961604], [145.76706032220272, -16.886138479311537], [145.76725432237149, -16.88615347990122], [145.7673063321315, -16.886175479216625], [145.76754431291823, -16.886175479216625], [145.7678052923729, -16.886125469516053], [145.76796932294718, -16.886068469667375], [145.76799932218606, -16.88608347971805], [145.76820828289755, -16.886012469497718], [145.76826829215517, -16.885969479978137], [145.76846229232396, -16.88589747947358], [145.7686412825426, -16.885825479801124], [145.7686562924927, -16.88584047955605], [145.76883528271136, -16.885783479621335], [145.76901428281155, -16.88568348922513], [145.76919429261804, -16.885554489467143], [145.7694772825938, -16.885382469882238], [145.769507282731, -16.885338479659865], [145.76968730241902, -16.885180469440282], [145.7697912922946, -16.88509448915278], [145.7698062923632, -16.885051469338556], [145.76994127231947, -16.884951479414156], [145.77008110228, -16.884926999182415], [145.7702600224301, -16.884912959515805], [145.7703432827822, -16.884923449939667], [145.77049322238287, -16.884751459865306], [145.77058327220192, -16.88469345989855], [145.7706132328133, -16.88469345989855], [145.77076226242056, -16.884564459464], [145.7710520427616, -16.88425298913649], [145.7710622628946, -16.884104459315772], [145.77097896211825, -16.883835039567938], [145.7708842527379, -16.88371547947287], [145.7702798428585, -16.883357059191], [145.7701459229143, -16.883270019909684], [145.76981224280365, -16.883121479860023], [145.769738252167, -16.883106469573832], [145.76970825292804, -16.88307748997031], [145.76955010272565, -16.88300901958991], [145.7692380226061, -16.8828069796454], [145.76908896245604, -16.882691059301553], [145.76893306253345, -16.882553969524842], [145.76862227239457, -16.882253499634285], [145.76902348245835, -16.8821828395502], [145.7692032425332, -16.882341499558237], [145.76938227227774, -16.88237048958993], [145.76959127251516, -16.882313489467027], [145.76978424231626, -16.882516469482358], [145.76984425247215, -16.882530479241243], [145.76990327268467, -16.882487479473088], [145.7700682527782, -16.882459469403557], [145.77011223249784, -16.882539489566657], [145.77024382221225, -16.88265099939959], [145.77044508256515, -16.882752979654274], [145.77057425221813, -16.882821479353893], [145.7706032722934, -16.882850469311876], [145.77075106222563, -16.882875999382378], [145.77096122218805, -16.88289447988481], [145.7710502524192, -16.882865469303233], [145.7713492629497, -16.882650489657234], [145.7714162323542, -16.882629469874303], [145.7716161425392, -16.882597979307324], [145.77177309259235, -16.88261301971989], [145.77204097290507, -16.882772049853475], [145.77228022211295, -16.88284745985788], [145.77254919298042, -16.882877459839857], [145.7729719428481, -16.88289003920052], [145.77357722229664, -16.88286645956047], [145.77387622294566, -16.882794449276346], [145.77413720240034, -16.88268746961562], [145.77429422252206, -16.882601459825842], [145.77459319262843, -16.882400459561683], [145.77517519223636, -16.882085459576874], [145.7756831922245, -16.881698459539123], [145.77593716212502, -16.88146846986704], [145.7761762029238, -16.881325439329807], [145.77639319277725, -16.88122544915109], [145.7764832021721, -16.881131449515223], [145.77655718292735, -16.88099543999148], [145.77672917257502, -16.880844439674696], [145.77687119262822, -16.880765449463027], [145.77693215230337, -16.880578449411438], [145.7769911725159, -16.880492439520488], [145.77702913262482, -16.880369439729524], [145.77703486297798, -16.87982697967774], [145.7769951529509, -16.87942644984492], [145.77701015212114, -16.87922444990707], [145.7769591628473, -16.878785469855465], [145.77693116235992, -16.878194469418233], [145.77689196257592, -16.877939059932718], [145.77677615266776, -16.877660459220344], [145.7766421626549, -16.877495479630532], [145.77661314257966, -16.877393469887977], [145.7765438321656, -16.87726098986617], [145.77642016289707, -16.87711948971195], [145.77644017287, -16.87709502995535], [145.7763601626226, -16.87700446934227], [145.77633114254735, -16.87690347970993], [145.77593818261118, -16.87616047988868], [145.77591614244568, -16.875994479467835], [145.77591716293185, -16.875836469165076], [145.775953072187, -16.875479979274292], [145.77590314292522, -16.875418489791254], [145.7757590423738, -16.875479979274292], [145.77565016296816, -16.87547549973215], [145.77550489281026, -16.875464049434033], [145.7751178824162, -16.875348039478745], [145.77508317241194, -16.87532949978274], [145.7749101622781, -16.875261009400162], [145.77453315282813, -16.875068499662564], [145.7743741222767, -16.87501503988748], [145.7742099425821, -16.87502800918613], [145.7739259024758, -16.875056979709413], [145.7737431429262, -16.875023489230486], [145.7735941528448, -16.87503749954527], [145.77351115210578, -16.875051499543407], [145.77336683236547, -16.87501899936195], [145.77309217246733, -16.87495302931469], [145.77291288221136, -16.874937999467235], [145.77270410295955, -16.8749090091541], [145.7724809021542, -16.874778979928625], [145.77233184290242, -16.874648019628147], [145.7721562025015, -16.87447050992399], [145.7720049423773, -16.874359029645763], [145.771866212853, -16.8743115192195], [145.77180718275906, -16.874297519166507], [145.7715691723279, -16.87416651984851], [145.7714942025276, -16.8741525094691], [145.7714641925089, -16.874123519895058], [145.77135009299303, -16.874098029903855], [145.77112690296744, -16.874039979384587], [145.77096312212487, -16.873953049281056], [145.77084395251757, -16.8738370298013], [145.77078493230513, -16.873700059963944], [145.77058692295526, -16.873471009594528], [145.77012417290464, -16.87306452958796], [145.7699832128635, -16.872977539720114], [145.76968518239494, -16.87291853980998], [145.76962518212048, -16.87287452949098], [145.76958116287489, -16.87287452949098], [145.7694321727935, -16.872787549851378], [145.7693330329221, -16.87274704942992], [145.76912721272086, -16.872648549631585], [145.76893883241246, -16.872507989912656], [145.76868917262874, -16.872394549343007], [145.76864417242288, -16.87239354957474], [145.7684511927403, -16.872292559196318], [145.76831716230328, -16.872291559427502], [145.76822719243432, -16.8723625593342], [145.768156932501, -16.872490989563058], [145.76812517256408, -16.872351559301944], [145.7681241925021, -16.872088559825503], [145.7680409725742, -16.87194099957595], [145.76786518215462, -16.871792559790492], [145.76744916246508, -16.87155257924006], [145.76723209266146, -16.871382009165444], [145.76676409285633, -16.870991049986483], [145.76625521251924, -16.870487569832985], [145.76600989249664, -16.870159009534692], [145.76548721224012, -16.869396589264824], [145.7654731922335, -16.869252579888705], [145.7655032022522, -16.86922358956277], [145.76562682211335, -16.869228029708754], [145.76585217258722, -16.869405599357155], [145.76599693250196, -16.869582989170006], [145.76618418272975, -16.869968589581884], [145.76632200226055, -16.870146039901762], [145.76667010212816, -16.870521979227096], [145.76716008280997, -16.870964059478993], [145.76731487241491, -16.871079979284247], [145.76745708291088, -16.871131999396667], [145.7682908524452, -16.871252049722866], [145.76855182291672, -16.87131801934332], [145.76867786283927, -16.87139001938951], [145.76913108266308, -16.87168098938799], [145.76916320282436, -16.871742549719233], [145.7691739323021, -16.87196898971442], [145.7692329525146, -16.872027049466574], [145.7693471921676, -16.872038549832613], [145.76957919286951, -16.871931549464698], [145.7698411829289, -16.87175355924308], [145.76989316214613, -16.87175355924308], [145.76994517280448, -16.871797549191644], [145.76996017287308, -16.871869559370836], [145.7698531628615, -16.872257559547492], [145.77002208296582, -16.87223303984564], [145.77018918218513, -16.87215852995134], [145.77029419254688, -16.872087539424086], [145.77078602285985, -16.87167604984342], [145.77100199222718, -16.871626979338203], [145.7714649623651, -16.871615009578463], [145.77181817274828, -16.871584529842128], [145.7723991428869, -16.871588539248176], [145.77269505243308, -16.871672979176253], [145.77283583281113, -16.871745979718533], [145.77319185222626, -16.872006969815494], [145.77336216292264, -16.872173009845877], [145.77351316253535, -16.872386519389682], [145.77358014271957, -16.872437529918155], [145.77366916217096, -16.872452509245473], [145.77372913280107, -16.872394509799285], [145.77376716297857, -16.872287509632976], [145.7740211328791, -16.872187519826934], [145.77406511259875, -16.8723605099378], [145.77407814266195, -16.872605519245056], [145.7741371323317, -16.87274950973214], [145.7741581529094, -16.872879509407475], [145.77412716282873, -16.873080509489856], [145.77395415269487, -16.8734825193287], [145.77392513261964, -16.87379950997537], [145.77394013268824, -16.873928509167943], [145.77403390243086, -16.874034039282474], [145.7741181823708, -16.87408751996653], [145.77420815223977, -16.874073499265602], [145.77431214211538, -16.873987489850567], [145.77452713231904, -16.873660989319816], [145.7745311423985, -16.8734825193287], [145.77466105226333, -16.87198698988142], [145.77464214272655, -16.871759519188814], [145.774729122104, -16.870953509823256], [145.77479814236216, -16.87067350960671], [145.7748431129236, -16.870616509392065], [145.7749249126151, -16.870290049456525], [145.77486698295735, -16.870015989345035], [145.77464484216395, -16.869675969840745], [145.77439281262448, -16.86939399996999], [145.77394105256303, -16.868973969803147], [145.77334810249178, -16.86848103922698], [145.77276889215284, -16.86795201944091], [145.77203593245795, -16.867229049959228], [145.77120683236652, -16.86628097999764], [145.77099192211287, -16.86609298987579], [145.77053903286912, -16.86578797964032], [145.7704940227818, -16.865786979837065], [145.76999616297667, -16.865468019981122], [145.76917210243388, -16.865017029187783], [145.76900796226516, -16.86497301960737], [145.76894785239625, -16.864928999700577], [145.76874695226778, -16.864877979407915], [145.76831497221062, -16.864818039916926], [145.7681000323126, -16.864751979480047], [145.76795892225277, -16.864664049592392], [145.7676248325104, -16.864417999228596], [145.7674088227189, -16.864365979846916], [145.7672450526561, -16.864364979176464], [145.76709489296815, -16.86439296957747], [145.76474410248093, -16.86374596978399], [145.76304813263184, -16.864415019569797], [145.7614018728556, -16.864335009781858], [145.76026822232328, -16.86367464941562], [145.75781221216684, -16.862172689215598], [145.75660077292073, -16.862234979943985], [145.75569554240553, -16.862549999275217], [145.75412929287677, -16.862935699146714], [145.75317229245172, -16.863752699400663], [145.7527393323326, -16.864692699324483], [145.75252529254647, -16.866242689262922], [145.75246930235144, -16.867697679287446], [145.75219836237693, -16.86850467997981], [145.75184026246362, -16.869100419957334], [145.7512295428177, -16.869531779289556], [145.74987736271945, -16.869684849251716], [145.74794352257643, -16.869030859617027], [145.74728922296114, -16.868098569260223], [145.74715041258844, -16.86733172971479], [145.747097412885, -16.86697271955479], [145.7471633725831, -16.866608709718314], [145.7472383828076, -16.866201709459716], [145.7479113628892, -16.864141719494857], [145.7478903423116, -16.862843739909447], [145.74606640295872, -16.861482749487305], [145.74536918273745, -16.8609118591479], [145.74508937279782, -16.860682749432833], [145.74475448265653, -16.860616319599334], [145.7443433821415, -16.860534749567485], [145.74333043284398, -16.860639779939348], [145.74129245280662, -16.862073769533243], [145.739122532712, -16.864993769696426], [145.73724011213582, -16.867323019548053], [145.7366601723648, -16.867973969296717], [145.73618165238935, -16.868800499478855], [145.7360115626785, -16.869015819842133], [145.73583355252183, -16.86923576923113], [145.73560061218205, -16.87007877952764], [145.73497259278048, -16.87129475976788], [145.73409465218532, -16.87217975979395], [145.73354161246544, -16.87264575922445], [145.73320263229465, -16.872875769957012], [145.73147852271936, -16.873893009512216], [145.72929104235746, -16.874359729390324], [145.7279928824488, -16.874654879521163], [145.72673060215098, -16.874936279338762], [145.7259769830012, -16.87555700915792], [145.72600498259033, -16.875880999729823], [145.72338300239687, -16.87609800979037], [145.72334701229335, -16.876399999841922], [145.72332704274461, -16.876557749206224]]]}, "properties": {"sa2_code_2021": "306011140", "sa2_name_2021": "Freshwater - Stratford", "sa3_name_2021": "Cairns - North", "sa4_name_2021": "Cairns", "mapped_location": "Cairns", "geography_type": "LGA approximation from 2021 SA2 names", "fill_color": [180, 61, 31, 90], "line_color": [127, 42, 25, 220]}}, {"type": "Feature", "geometry": {"type": "Polygon", "coordinates": [[[145.66332586278588, -16.881056619919427], [145.6634458723179, -16.881822949875666], [145.6639185927699, -16.883399919506537], [145.66400673277064, -16.88401665963921], [145.66404630266058, -16.88427633909226], [145.6657527827985, -16.884270349455846], [145.66674051279273, -16.885372429907434], [145.66712299298283, -16.88659040991075], [145.66812444294638, -16.88802282976609], [145.66927098250645, -16.889658599609163], [145.67110931287016, -16.891033209609578], [145.6732890928734, -16.891988919681015], [145.67363021283123, -16.894065999678983], [145.67300001232005, -16.895208929395736], [145.67227971258248, -16.896522469324168], [145.67150168261324, -16.898469079083227], [145.67131527231035, -16.89970047934772], [145.67137459256006, -16.901385419579725], [145.67060177281948, -16.90257875981736], [145.66977180226053, -16.904319589148006], [145.66922879223085, -16.90570273967418], [145.6686864730056, -16.90697289946593], [145.66853547249457, -16.908221649578987], [145.66804568225552, -16.909622259240635], [145.66609829282308, -16.910979149281808], [145.6659285022512, -16.911150129629444], [145.6656292725318, -16.911441719878567], [145.66506772217292, -16.91197555968422], [145.66390336273258, -16.91254986923728], [145.66302550298576, -16.91363811992289], [145.66226433259777, -16.915304359410104], [145.66134519256875, -16.91622842970749], [145.66123109215462, -16.91638380979333], [145.6662460126867, -16.916742009172232], [145.68092500275714, -16.91836101923994], [145.6826360122007, -16.91854199929893], [145.68154699266657, -16.926174009344713], [145.68137898255563, -16.927347009687978], [145.6807030029993, -16.93289100976366], [145.67809599233175, -16.93259600922203], [145.67697299222542, -16.941795999683627], [145.67627500214797, -16.947112019807342], [145.68064898280966, -16.94759201937316], [145.68425000269525, -16.947836009724437], [145.6847816229855, -16.947897859690045], [145.68513928272424, -16.947939499725184], [145.68433501296553, -16.954933999335932], [145.68420499260796, -16.9560799992694], [145.68428898239205, -16.956219009270463], [145.68418999253936, -16.9564260091992], [145.68390398242764, -16.95702801969246], [145.6835730026527, -16.957768019751732], [145.68332202234552, -16.95831500963626], [145.68302199222717, -16.958799999483148], [145.68279401238445, -16.959109009381848], [145.68242398284417, -16.959453019417403], [145.6822239927091, -16.959702009800452], [145.68198200274128, -16.95991201927043], [145.68167098263368, -16.960140009081737], [145.68133901291537, -16.960417009065313], [145.68103599230548, -16.96062600984344], [145.68063000230606, -16.960885009704025], [145.68016098291304, -16.96116400976144], [145.67978601263871, -16.96145300923616], [145.6795389822238, -16.961601009776192], [145.6783649928436, -16.96217001932395], [145.67805500220533, -16.962340009717717], [145.6778460028663, -16.962531009107742], [145.6776889827445, -16.962653019543573], [145.67754499268597, -16.96292599976692], [145.67741402280907, -16.96313500978292], [145.67737300303827, -16.96322199926854], [145.67730299283662, -16.963487009303424], [145.67747199289101, -16.963494009453182], [145.67845599218188, -16.96354001951412], [145.67880602252896, -16.963709009384353], [145.67922399246103, -16.963963019752207], [145.67935101244552, -16.964134009523303], [145.68003801253383, -16.964791999572665], [145.6803329725607, -16.96549100911965], [145.68064701280423, -16.965605999518303], [145.68068800293065, -16.96553801968386], [145.68101800264353, -16.965115009245324], [145.6811380121756, -16.96464801928333], [145.68083699301212, -16.96431000928916], [145.68079002280086, -16.964143009071076], [145.68075801223404, -16.964020019223952], [145.6809220023841, -16.963828999867296], [145.68107899286144, -16.963653009102245], [145.6815390021521, -16.963252009647903], [145.6826360122007, -16.962303009309608], [145.68309802293783, -16.961938009885703], [145.68783839226796, -16.962573629724265], [145.69566099272893, -16.963622009813495], [145.7052259727016, -16.96488801959424], [145.70633600293183, -16.95618200937543], [145.70780097280223, -16.956366009455007], [145.70768701252533, -16.955487999636524], [145.7081690026927, -16.955018009236316], [145.70822601247556, -16.954106019176088], [145.7076140127304, -16.953556009574974], [145.70759200220934, -16.953026999125015], [145.7078419925731, -16.952569019606052], [145.70675298292048, -16.95244500909065], [145.70749900232286, -16.946468009807436], [145.70964100277854, -16.946715009192033], [145.70998797256541, -16.943932009243916], [145.7110269828877, -16.935728999200965], [145.71143100288165, -16.932348019347707], [145.71252498291275, -16.932484009871185], [145.71312489223254, -16.928751689873405], [145.71372258271353, -16.924161269691083], [145.71450051296983, -16.918186079132777], [145.71483028271396, -16.915652789767208], [145.71487368302027, -16.91538412928971], [145.7149388027936, -16.9148728391424], [145.71501881214266, -16.914255719472635], [145.71504852302235, -16.913996999195376], [145.71520660225784, -16.9127566499165], [145.7152368925509, -16.912488189861666], [145.71449937300773, -16.912395919575133], [145.71354559214467, -16.912282419617814], [145.71127150251132, -16.91200482964465], [145.70560907272923, -16.91131919922313], [145.70550362219296, -16.91158089951298], [145.7051255922568, -16.91135432914184], [145.70509391226994, -16.911233019421516], [145.70517997267083, -16.911119989753047], [145.7052918829923, -16.910925039608042], [145.7053948928059, -16.910703019349857], [145.70545102223983, -16.91040699909439], [145.70551187232056, -16.909918019448327], [145.70563714238693, -16.909388019116484], [145.70570700256994, -16.9090170399141], [145.70560115228335, -16.908491969613305], [145.70561195272805, -16.908092019762265], [145.70559396216785, -16.908036039882692], [145.70541792291485, -16.907857029125374], [145.70526706254103, -16.90767297989532], [145.70518607223158, -16.907616989577484], [145.70497499239434, -16.907449019383616], [145.70475084296805, -16.90732296965797], [145.7045820028137, -16.90728003914273], [145.70421298297987, -16.90732702987395], [145.7039779226161, -16.907337019689486], [145.70377308247683, -16.907310009454786], [145.7036161324236, -16.90722900966899], [145.70352609248607, -16.90707403974561], [145.70349806235424, -16.906887999174852], [145.70352791247285, -16.90669297933121], [145.70360098233638, -16.906523019452866], [145.70377199282035, -16.906214969200157], [145.70380907258036, -16.906088989127692], [145.7037781229239, -16.90588601986232], [145.70369997218913, -16.905688039743108], [145.7034919223693, -16.90525602989028], [145.7034681628284, -16.905093039237617], [145.70351784235854, -16.904683009707444], [145.70378713212784, -16.903809989708048], [145.7042670022712, -16.903302039140726], [145.70453195227938, -16.902988039277012], [145.7049898828685, -16.90281098941977], [145.70514001291207, -16.903697049274214], [145.70531389261504, -16.90408504934433], [145.70561593226472, -16.904387989910482], [145.7058790622862, -16.90450704956851], [145.70624702300634, -16.904495969757285], [145.7064698528075, -16.904230029166666], [145.70659906288475, -16.90378101930109], [145.7066840327308, -16.903434979624972], [145.70682696277737, -16.903138049771872], [145.70720496217083, -16.903159029451736], [145.70744002253457, -16.903594979778116], [145.7077251621788, -16.903601009197725], [145.70788393221875, -16.903699029570063], [145.70805599283332, -16.903746019474912], [145.7081740727842, -16.903611999673178], [145.70828386218327, -16.903149039414796], [145.70814994223903, -16.902150039922024], [145.7080588827136, -16.901666029188384], [145.7081049429315, -16.901456049265978], [145.7084959328623, -16.900918029925187], [145.70909785261162, -16.900081039901885], [145.70911405282948, -16.899954039777683], [145.7090650721886, -16.899706989364446], [145.70882713272437, -16.899636969283648], [145.70866010267537, -16.900079059568046], [145.70857185218185, -16.900146989133038], [145.70850706298867, -16.900158979431033], [145.70837891292345, -16.900103979627016], [145.70815713235453, -16.89993099947036], [145.70804701237546, -16.899787999258045], [145.70803008272554, -16.89969897948248], [145.7080628523688, -16.899564959382843], [145.7081899127776, -16.899220989438742], [145.7080981121421, -16.89896602957609], [145.70803187216967, -16.8987459695649], [145.70803008272554, -16.898500989888984], [145.7081341022456, -16.89825698975702], [145.70835011293545, -16.898037049252636], [145.70858302273243, -16.897930029239973], [145.70909712228132, -16.897848029229202], [145.7091658829264, -16.89773005954913], [145.70916986246317, -16.897608009600873], [145.7091338427152, -16.897398039772156], [145.70899200232512, -16.897138019951225], [145.7088490623971, -16.89680303975365], [145.70870003278975, -16.89647797972962], [145.7088159621738, -16.89648102936444], [145.70905299254298, -16.89651800919122], [145.70857199231907, -16.89583001974228], [145.70791598231142, -16.89525401924984], [145.70688602251576, -16.894600009879184], [145.7059466928507, -16.894048129689605], [145.70607598287793, -16.89391899984109], [145.70614500223786, -16.893855009921516], [145.7062130029082, -16.893815019434054], [145.70624899301177, -16.89379700931449], [145.70631399241077, -16.89374500919967], [145.70639499260164, -16.893789999696043], [145.70644897236704, -16.893708009919234], [145.70663998294253, -16.8930370198973], [145.70644601241818, -16.892888019938134], [145.70605400289952, -16.892695009864937], [145.7053460127764, -16.89185201974352], [145.70538700290282, -16.891470009702132], [145.7057520027758, -16.89118601974579], [145.70614799272946, -16.891226009930918], [145.70660899286187, -16.891773999421783], [145.7070660026778, -16.891673009954708], [145.70766000287966, -16.891899009161786], [145.70773600214937, -16.89171400915776], [145.7076480022858, -16.89167999988196], [145.70771698211985, -16.891512009475907], [145.70777085229076, -16.891395049254182], [145.70716798212382, -16.891151019301425], [145.7068670024862, -16.890919009143534], [145.705999002648, -16.890172009915073], [145.7052020227178, -16.88929200923495], [145.70504299216643, -16.889017999910045], [145.7047289824656, -16.88820199946014], [145.70458791283002, -16.88764720980118], [145.70436822264074, -16.887651849795322], [145.70426423276513, -16.88740684969629], [145.7041461923402, -16.88697483923182], [145.7040212124296, -16.886138859247435], [145.70403716291582, -16.885879869164754], [145.70401519281896, -16.885620869271257], [145.70392507293133, -16.88527886986641], [145.70386320236446, -16.885038869491797], [145.7036521225272, -16.884864009354242], [145.70359306278883, -16.88476303939829], [145.70359317238328, -16.884618869821182], [145.7037028629677, -16.884521999122583], [145.70385192221943, -16.884522999686258], [145.70395091297044, -16.884623969770605], [145.7041591828775, -16.884822869409508], [145.7043709921468, -16.88485566961938], [145.70449451229496, -16.884808399940397], [145.70453571262715, -16.884709909871685], [145.7045321723666, -16.88465086978804], [145.70454017276253, -16.88454286912598], [145.70444647219023, -16.88426732970936], [145.70436610261666, -16.88391882932522], [145.70437639281826, -16.883749789322767], [145.70680098260107, -16.882807019186934], [145.7069000029965, -16.882766019768166], [145.70699800290578, -16.882722009165246], [145.70707933277833, -16.88268004955573], [145.70718602298967, -16.882622009410973], [145.70727697292062, -16.88256700965249], [145.7073649727842, -16.882507019900306], [145.70745199258576, -16.882445009208904], [145.70753499242645, -16.88238001912171], [145.70761500267386, -16.882311009518595], [145.70769698292665, -16.88223600932969], [145.70799902257633, -16.881945009174206], [145.70807297278887, -16.881300009623462], [145.70835854272607, -16.88107004955224], [145.70870299273858, -16.881339999324435], [145.7091680029505, -16.881658019481684], [145.70955698245166, -16.881462009937742], [145.71054701213305, -16.88093501993638], [145.7110480124485, -16.88062800928706], [145.7116959924157, -16.880226999771622], [145.71370400285855, -16.879117999465837], [145.7146443925356, -16.87860954917512], [145.71481743231382, -16.878515699529782], [145.715125502354, -16.878346629760838], [145.71632799258325, -16.87769399994935], [145.71723399295462, -16.87722200935956], [145.7177199923031, -16.877034019809177], [145.7187049824357, -16.87686901990071], [145.71950900246276, -16.87680901974199], [145.7203720022781, -16.876769999599297], [145.72148051255894, -16.876681699648], [145.72188300272197, -16.876649009769558], [145.72262701259316, -16.876614009208673], [145.72332704274461, -16.876557749206224], [145.72334701229335, -16.876399999841922], [145.72338300239687, -16.87609800979037], [145.72600498259033, -16.875880999729823], [145.7259769830012, -16.87555700915792], [145.72673060215098, -16.874936279338762], [145.7279928824488, -16.874654879521163], [145.72929104235746, -16.874359729390324], [145.73147852271936, -16.873893009512216], [145.73320263229465, -16.872875769957012], [145.73354161246544, -16.87264575922445], [145.73409465218532, -16.87217975979395], [145.73497259278048, -16.87129475976788], [145.73560061218205, -16.87007877952764], [145.73583355252183, -16.86923576923113], [145.7360115626785, -16.869015819842133], [145.73618165238935, -16.868800499478855], [145.73553998218864, -16.868170019487852], [145.73246299272742, -16.865123009593493], [145.73200897250467, -16.864552009893057], [145.73176300210184, -16.863912999692857], [145.73144300243467, -16.863382009612305], [145.73114096278505, -16.863216009140114], [145.73085499219917, -16.8628939999263], [145.73028701259784, -16.862034009590385], [145.73012798294477, -16.86177101982573], [145.7287161627965, -16.859456629470913], [145.7283270027339, -16.858799009146008], [145.72801901264384, -16.857970009981834], [145.72755601286153, -16.857410009351348], [145.7271819921065, -16.857024009342048], [145.72681601217155, -16.85677601982938], [145.7256199727444, -16.856189009289892], [145.71962397244607, -16.8530480093299], [145.71740258247894, -16.85172249951205], [145.71728400216648, -16.85164699970938], [145.71549498212534, -16.850522019246856], [145.71489098277604, -16.850208019311694], [145.71425198236838, -16.849966019323638], [145.71367801280076, -16.849802019745496], [145.71262700278294, -16.84963099931081], [145.71158098290653, -16.84962200976979], [145.71058599272814, -16.84974299970554], [145.70786999216216, -16.850341009211608], [145.70715598242828, -16.850442999165693], [145.7065550023167, -16.850442999165693], [145.7058769826863, -16.850348009265677], [145.70490900215356, -16.850110999430264], [145.70303399267848, -16.849035009697584], [145.7020049922835, -16.848885009529045], [145.70098799248234, -16.848556999758813], [145.70002899240748, -16.848481009492332], [145.69880799239186, -16.84812800934569], [145.69746300240914, -16.847709019527723], [145.69720301289792, -16.847455009803497], [145.6963250022342, -16.848409999756413], [145.69584999287486, -16.850565009953776], [145.6958109727539, -16.851386999435245], [145.69555299277397, -16.851356019506596], [145.69333598299207, -16.851120009955157], [145.69294499216304, -16.851079019136442], [145.69049351221054, -16.85080602992697], [145.68807910213653, -16.8505368894037], [145.68778780274442, -16.853066469536948], [145.68576019285877, -16.851783769732993], [145.68394088252452, -16.851591319477585], [145.67949562234168, -16.849631169541233], [145.67876281266547, -16.849552579822628], [145.67429349290435, -16.849040539623736], [145.6693919828803, -16.845346139800572], [145.66864588262948, -16.847231479107016], [145.666584982976, -16.846877329706565], [145.66438648298058, -16.847217989465722], [145.66233828281028, -16.848124419862945], [145.65990950238674, -16.846172349330356], [145.65819688226384, -16.84728860931789], [145.65618391222236, -16.84771658969888], [145.65377812238185, -16.84971054933662], [145.6530137027875, -16.84987710932479], [145.65217409240717, -16.8493116597031], [145.6481855923086, -16.850953179382405], [145.6473696022304, -16.85128904991769], [145.64675859242865, -16.851993639820314], [145.64650648293912, -16.85203579968531], [145.64627518292315, -16.85205969955647], [145.64593420220422, -16.8524622097645], [145.64568669298728, -16.852667869833073], [145.6453073829518, -16.85268510925264], [145.64466188233467, -16.85267097949711], [145.6442749123648, -16.85260716990347], [145.64392407263566, -16.853031859226487], [145.64453449224428, -16.853538519596725], [145.64483529221883, -16.853706349475818], [145.64546506243698, -16.853920099110905], [145.64652739212568, -16.854455689516], [145.64678709237938, -16.85464901979621], [145.6471028924225, -16.854984049835178], [145.64753031263135, -16.855361159309783], [145.64776007293497, -16.855674099250127], [145.6478952029099, -16.85590493963466], [145.64806470242755, -16.85606803981214], [145.64821220220398, -16.8561775191358], [145.64840109275536, -16.85635548963729], [145.64854168269065, -16.856570979786213], [145.64862629231226, -16.85681206948036], [145.64864640289656, -16.85690371957444], [145.6487345923046, -16.85713074991867], [145.6488882922531, -16.857322669251694], [145.64909389236712, -16.857462459644356], [145.65035219222997, -16.85807077933066], [145.65052349286984, -16.858134229441088], [145.65070442255123, -16.858164389814824], [145.6508877929552, -16.85816008954177], [145.651086502991, -16.858153789581383], [145.65126637266036, -16.858183519236974], [145.65160860293585, -16.85830919943229], [145.65178967275438, -16.858338789790416], [145.65202711275535, -16.85832727913388], [145.65228469298492, -16.85833015916229], [145.65248398243406, -16.858338399482108], [145.65268071258302, -16.858305859458667], [145.652865692768, -16.858234039265586], [145.65302279283986, -16.858153429362584], [145.65322960298457, -16.85807595994994], [145.65344951236276, -16.858047369394857], [145.65367019249544, -16.858069319541148], [145.6538793723958, -16.85814049931223], [145.65467058244695, -16.858494759159935], [145.6548744029984, -16.858605349541648], [145.65505788299689, -16.85874509943944], [145.65524951251157, -16.858915999870714], [145.65536200224645, -16.859036139628905], [145.6555510023923, -16.8593313893478], [145.6556780223769, -16.859470339183495], [145.65581270229583, -16.859619579575394], [145.65591698232726, -16.859789889459748], [145.65598746234784, -16.85997558958513], [145.65603641244596, -16.860153599496787], [145.65608729212533, -16.86029184979125], [145.6561606925689, -16.860420409441303], [145.65627297299628, -16.860554769398885], [145.65645120234194, -16.860759709695287], [145.65660771222056, -16.860980549883045], [145.6567994827708, -16.86131874958005], [145.65828700215147, -16.862905769930848], [145.65849600238883, -16.86319138940091], [145.6588018023863, -16.863379369513556], [145.65960549273163, -16.863284669808635], [145.66049240300492, -16.86342234956024], [145.6606854222134, -16.86351158932794], [145.6609308123046, -16.863650759609367], [145.66118798290245, -16.863820829448557], [145.6613943923985, -16.863991739905895], [145.66161011293258, -16.864216289289473], [145.66182889223015, -16.864369769327393], [145.662084102704, -16.86445673994673], [145.66235438241682, -16.86446995927792], [145.6625088827642, -16.864455959355393], [145.66280001237476, -16.86447336963653], [145.66307138264233, -16.86457598985194], [145.66329706279788, -16.864753829513035], [145.663529682439, -16.865004719435895], [145.66383500273605, -16.865254159607773], [145.66403280277848, -16.865443929237003], [145.66425530289797, -16.865602129623564], [145.66451609280813, -16.865690979788265], [145.66479240291142, -16.86570279947992], [145.6651650627188, -16.865665509291638], [145.6654882028962, -16.86571572987268], [145.66578461280392, -16.86590748918724], [145.66604887290603, -16.866190479535796], [145.6661577927359, -16.86657072939178], [145.66618122259513, -16.866925119584618], [145.66638828247147, -16.868083489866496], [145.66638967216525, -16.868381829700848], [145.6662902825622, -16.86866433923107], [145.6661005925102, -16.8689002899166], [145.66584159294243, -16.869063919608436], [145.66527018267504, -16.869306229560042], [145.66488569295362, -16.869508459318055], [145.66447890255535, -16.869769359662932], [145.6642901224967, -16.869851479328688], [145.66408718229422, -16.86989177921106], [145.66388000294194, -16.869888169509707], [145.66367867252043, -16.869840899522817], [145.66313161288545, -16.869648719528527], [145.6628960827028, -16.869597809686773], [145.6626548122855, -16.869606409712336], [145.66215929259164, -16.869686369127606], [145.66188499291795, -16.86977405941279], [145.66165146238507, -16.869937919595706], [145.66148079236254, -16.870162379386787], [145.66138906269393, -16.870426219708275], [145.66138497266448, -16.870704429632703], [145.66142177215013, -16.87118201994536], [145.66140739281732, -16.871435119231354], [145.661340882452, -16.871680389352814], [145.66122500247528, -16.87190795985988], [145.661157212909, -16.87201305956006], [145.66092070266438, -16.872266469784385], [145.66060807277586, -16.872426039892176], [145.66025760225426, -16.87247224928919], [145.659992902876, -16.872462129540526], [145.6598265726146, -16.872479499540336], [145.6594642030088, -16.872571279580548], [145.65914709232362, -16.8727539893389], [145.6588130825313, -16.87301425938154], [145.65863039215202, -16.873125739593792], [145.65842610267995, -16.873194009822534], [145.65816199259652, -16.873214839815127], [145.65801161282135, -16.873224259774723], [145.65786612257625, -16.87325629949685], [145.65703458266043, -16.87350781942234], [145.65689829296045, -16.873560679594778], [145.65677218296932, -16.87363336993704], [145.65652989296413, -16.873799139470698], [145.6563252028435, -16.873905199195203], [145.65609981284376, -16.873959589413637], [145.6555841825656, -16.874020109699288], [145.65532010212664, -16.874089869357935], [145.65508807267858, -16.874230079746532], [145.65492798301355, -16.874361839799267], [145.65480257281, -16.874448879748165], [145.65466398252454, -16.874514929917684], [145.65442578254894, -16.874605759930855], [145.654291712586, -16.874665889734885], [145.65412852283487, -16.874776409619564], [145.6540143128263, -16.87487713991997], [145.65307378301196, -16.875854989899477], [145.6528989124672, -16.87607611933324], [145.65277119269507, -16.876325389295598], [145.65269538296994, -16.876593589632964], [145.65267421237363, -16.876712859385908], [145.65256479218212, -16.87700744966214], [145.6523575822871, -16.8772484892159], [145.65209569283908, -16.87746317930214], [145.65185358249695, -16.877741479437976], [145.651720512359, -16.878081099314258], [145.65162842246596, -16.87853502976161], [145.65146260244768, -16.878958549340666], [145.65100959282964, -16.87970605971602], [145.65091148242757, -16.879994069295822], [145.65094459253234, -16.880295489212784], [145.65110311284062, -16.880557359769544], [145.65135919288372, -16.88073364912624], [145.65166791240583, -16.880793359209758], [145.65197480295802, -16.880726019245206], [145.65266728276953, -16.880431649672406], [145.65310718237424, -16.880266759324353], [145.65340640221223, -16.880098729533227], [145.6536581128498, -16.87994226910592], [145.65393241252352, -16.87982638912418], [145.65440727276246, -16.879667949642357], [145.65465438222915, -16.87961056961418], [145.65490827217954, -16.8796000797547], [145.6552230122107, -16.879652269443135], [145.6554398924698, -16.879679719461553], [145.65565751294062, -16.879658109653427], [145.65583048265026, -16.879620949442597], [145.65604269256812, -16.879595399160817], [145.6562560729908, -16.879608899385836], [145.6576942029972, -16.87983348952049], [145.65795460214014, -16.879912949470075], [145.65818017270124, -16.880061209232043], [145.65835201233028, -16.880265759597727], [145.65853998300685, -16.88054928976165], [145.65892809293885, -16.8809578493807], [145.65924370253913, -16.88114356910293], [145.65959732255416, -16.88123132971421], [145.66022026288115, -16.88127458936932], [145.66049949250916, -16.881233409100545], [145.66084810261978, -16.881116059124874], [145.66107750269893, -16.880962079506748], [145.66120521258958, -16.880909139743228], [145.66152481250646, -16.88087485946334], [145.66190240226814, -16.88087744946039], [145.66219159241595, -16.880957679178522], [145.66246921226292, -16.881049439625713], [145.66272292255027, -16.881113299788645], [145.66302850246052, -16.88111977950084], [145.66332586278588, -16.881056619919427]]]}, "properties": {"sa2_code_2021": "306011141", "sa2_name_2021": "Redlynch", "sa3_name_2021": "Cairns - North", "sa4_name_2021": "Cairns", "mapped_location": "Cairns", "geography_type": "LGA approximation from 2021 SA2 names", "fill_color": [180, 61, 31, 90], "line_color": [127, 42, 25, 220]}}, {"type": "Feature", "geometry": {"type": "Polygon", "coordinates": [[[145.67687481265304, -16.79813800960511], [145.67293431223507, -16.80293254958938], [145.6728690127988, -16.80301199969084], [145.67104401253556, -16.818321009374237], [145.68021401226088, -16.819304009184506], [145.680203322309, -16.81939666974767], [145.6801948925184, -16.819468939778954], [145.67942601278858, -16.825487999550365], [145.6791889824194, -16.827466999760585], [145.67895900292686, -16.829388009656004], [145.6787911024104, -16.830805089270164], [145.67877799239716, -16.830923009587014], [145.67864199285304, -16.832301019163843], [145.67833401264443, -16.834884999446533], [145.6781669825954, -16.836277019174325], [145.67784107291203, -16.83900652965292], [145.67904897279584, -16.839251999179165], [145.67968301270653, -16.83871300994133], [145.68030599255948, -16.83848200929358], [145.680381002784, -16.838385019512], [145.68334498238588, -16.83829301996587], [145.683487002439, -16.838317009272494], [145.68506599277345, -16.838584999567633], [145.68502697265248, -16.838786009450935], [145.68475698219723, -16.838997019429485], [145.6844360024681, -16.839099009479003], [145.68349000281205, -16.83919499981079], [145.6835409929842, -16.839897999419154], [145.68342999265616, -16.840952009875338], [145.6832609926017, -16.841068019441696], [145.68333560217766, -16.84116989918231], [145.68327669245792, -16.841700109892603], [145.6831809922358, -16.84188201979069], [145.6836389928935, -16.844894999565916], [145.68573000227872, -16.845126009582422], [145.685322002748, -16.84848675953189], [145.68821299243638, -16.84937366923071], [145.68807910213653, -16.8505368894037], [145.69049351221054, -16.85080602992697], [145.69294499216304, -16.851079019136442], [145.69333598299207, -16.851120009955157], [145.69555299277397, -16.851356019506596], [145.6958109727539, -16.851386999435245], [145.69584999287486, -16.850565009953776], [145.6963250022342, -16.848409999756413], [145.69720301289792, -16.847455009803497], [145.69679399288106, -16.846489019511665], [145.6967019721583, -16.84623900949562], [145.69629098213605, -16.845123019302402], [145.69689999228794, -16.845483009813496], [145.69728200265916, -16.845568009933], [145.6987599927113, -16.845733019968623], [145.69910499249275, -16.84291499929797], [145.6993830129884, -16.840533019645452], [145.6996750121681, -16.84023601928262], [145.6999839823202, -16.83970201965537], [145.70044600293883, -16.839565999238445], [145.70061101267675, -16.839855009727977], [145.7010450022652, -16.83986199985243], [145.70113099259748, -16.839459019186194], [145.7010279926653, -16.838738019776123], [145.70150497292832, -16.83870201912899], [145.7017009826284, -16.838584999567633], [145.702047982958, -16.838410009614734], [145.70265998270324, -16.83868401923276], [145.70272900296143, -16.838713999570103], [145.70306199226758, -16.838690009453977], [145.70335100275233, -16.838095009408036], [145.7038970023753, -16.83778899964059], [145.70379498250512, -16.83737700982221], [145.70293402276377, -16.836467009612864], [145.70269699239458, -16.836148019230986], [145.70226202274415, -16.835834019521467], [145.7020940126332, -16.835597009565507], [145.7023760126655, -16.83499100963143], [145.7025079922487, -16.83484000954323], [145.70357000213718, -16.834928019499998], [145.70379998252798, -16.834680009625888], [145.70284898284908, -16.83355701939561], [145.70283901244778, -16.83346701917138], [145.70821999286488, -16.832886999790514], [145.7082559829684, -16.833827009493767], [145.7075489729072, -16.834440999147457], [145.70841099266053, -16.835587999582156], [145.70848698294708, -16.835534999823135], [145.70891298291943, -16.83530100916182], [145.70965298271113, -16.83508700978431], [145.71077999289693, -16.83403299934907], [145.71127599229118, -16.832602009533055], [145.7109759927155, -16.831728019310187], [145.71086000224602, -16.829602009454376], [145.71087299278338, -16.829490019498316], [145.70871299278437, -16.829257009326682], [145.70888681230025, -16.82774414990344], [145.70896017231962, -16.827119629432577], [145.7091174924787, -16.825754309779946], [145.7059644022382, -16.825414149673016], [145.70574109273664, -16.825390049529837], [145.7059197227309, -16.82385391961506], [145.70680974297167, -16.82297834986331], [145.70688398244172, -16.822905009771155], [145.7084269826726, -16.821436999858573], [145.7088940024158, -16.817706009555504], [145.70891208280753, -16.817532629816373], [145.7089471027306, -16.81719670972142], [145.71350920229082, -16.81773142975378], [145.71361786250762, -16.8176108699488], [145.71392490218014, -16.817404949947676], [145.71421270263423, -16.817389419368567], [145.7146976823949, -16.817444419161923], [145.71500300269196, -16.81754999969953], [145.71537910214863, -16.81770848949111], [145.71557642249064, -16.81777901974036], [145.7157746824705, -16.81769363997332], [145.71588371279316, -16.817521119258284], [145.71588550223717, -16.817261309455176], [145.71577881292416, -16.817087449486653], [145.71561770277293, -16.81698251963398], [145.71538468248318, -16.816877119358917], [145.71507940261023, -16.816823269945118], [145.71484660240776, -16.816683239728214], [145.7147937823674, -16.816527029533784], [145.71479491244799, -16.816353829295505], [145.7149402922003, -16.816129569668075], [145.71519331258153, -16.815923299797348], [145.71526602222065, -16.81581984919345], [145.71519579283006, -16.815559589908563], [145.71507049222095, -16.81547218922605], [145.71469341270233, -16.815417900001805], [145.71451299236577, -16.815503369363974], [145.71424081271613, -16.815882709813167], [145.7142397122799, -16.81603856969849], [145.71418361249042, -16.816367339193228], [145.7141099928579, -16.816609349444196], [145.71394749211464, -16.816712269919552], [145.71376810214565, -16.81665916943114], [145.71353588225477, -16.816432569516493], [145.7134297822366, -16.816172089218185], [145.7134321924165, -16.81582566987685], [145.71356048261882, -16.815462739734276], [145.7137247027376, -16.81510004967067], [145.7140684224198, -16.814790429843182], [145.71441119258282, -16.814602049773406], [145.71477199283186, -16.814413769265904], [145.71486310266286, -16.814241129478294], [145.7147926127609, -16.81403285997948], [145.71439820294378, -16.81387451931953], [145.7140565224373, -16.81388968988354], [145.71357111238362, -16.813886649235503], [145.71306737220658, -16.813935459541803], [145.7128342827465, -16.81384739941806], [145.7128010729288, -16.813431499962523], [145.712676602363, -16.813240189673113], [145.7121391025993, -16.81295968958544], [145.7118175021343, -16.812663229877764], [145.71182060222037, -16.812212899236116], [145.7119501024534, -16.811659459479625], [145.71213308209022, -16.81119293924556], [145.71227182239434, -16.811073509523425], [145.71245778264128, -16.811021799674016], [145.71264941215597, -16.811029719581015], [145.71279891248054, -16.811093189755386], [145.7130668925062, -16.8113373694455], [145.71347858231604, -16.811599759393506], [145.71383777278413, -16.81165393964096], [145.7142698624358, -16.811570059399845], [145.71444211259484, -16.811511109998], [145.7145685028604, -16.811398369817905], [145.7146508523208, -16.811291969787163], [145.7147329026422, -16.811080039790244], [145.71473688217895, -16.810904989176574], [145.71465804243638, -16.810689959572926], [145.71449207239942, -16.81040799985561], [145.71433009267895, -16.810201009160103], [145.71346285281547, -16.80964002967651], [145.71331418253425, -16.809593039598965], [145.71311183252493, -16.80958404987745], [145.71286308273451, -16.809634979301464], [145.71248399278633, -16.809805999734227], [145.7117910027317, -16.81020000992319], [145.71155196283127, -16.81025598954047], [145.7112340822899, -16.81023097938566], [145.71090610288806, -16.809975989817254], [145.7106818025448, -16.809670979452033], [145.71057489224623, -16.80956001995588], [145.71029917233605, -16.809245019942193], [145.7101720822829, -16.809080059815507], [145.7100651423399, -16.808792049782824], [145.71000217223516, -16.808260059779936], [145.71007809245305, -16.80781204997818], [145.7101828827276, -16.807366989577073], [145.71033914287463, -16.807014009984687], [145.71046908238384, -16.80683905967146], [145.7107279427127, -16.80666498978008], [145.7109471621848, -16.80661098955579], [145.71116097290047, -16.806573009231162], [145.71229211264165, -16.80675499929246], [145.71261002282745, -16.806803059843336], [145.7129048328357, -16.80675904962923], [145.7131208120845, -16.806569049184677], [145.71330301288202, -16.806267999413315], [145.71341496272936, -16.805940029359764], [145.71339193262042, -16.805539989814385], [145.7131561024004, -16.804725049920044], [145.71275402276746, -16.80289300941793], [145.71266795248513, -16.802397009562945], [145.71278314255574, -16.80190497973488], [145.71345701286782, -16.801728009807864], [145.71446098260574, -16.801804009367885], [145.7148159725515, -16.801126019979655], [145.7130261628912, -16.800215039920587], [145.71227017218914, -16.799527009785344], [145.71153130247805, -16.798777349259048], [145.71075498290108, -16.797638009569383], [145.71023898251704, -16.797090999562748], [145.70979701229558, -16.796502019583702], [145.70940000275408, -16.79589301971306], [145.70898598271435, -16.795330009614684], [145.70875533218035, -16.79474438934594], [145.70868131279758, -16.79462137941361], [145.70841534230317, -16.79430337985768], [145.70822331213984, -16.793978379352787], [145.70809231261856, -16.79361838990624], [145.70787032274222, -16.793264409493876], [145.70772231272275, -16.793111409337612], [145.70746929234147, -16.79303840943882], [145.70729230267094, -16.792828399229773], [145.70712331249803, -16.79248240940642], [145.7068932826998, -16.792250399531778], [145.70679032229356, -16.792098409930738], [145.7065843125478, -16.791658419431084], [145.70648032267212, -16.791521429706087], [145.7063692926997, -16.79143441957588], [145.70629899234214, -16.79131100931245], [145.70614000221502, -16.791113009882643], [145.70596498254983, -16.79099101929598], [145.7051773127593, -16.790189429789635], [145.70508931289575, -16.7901304092441], [145.70501437273975, -16.7901304092441], [145.70495437246535, -16.790173429992084], [145.70466335244927, -16.79025743923428], [145.70443837208126, -16.79044342940481], [145.70428135285783, -16.7905434494755], [145.70415436251767, -16.790578449607644], [145.70388532247995, -16.790634449633664], [145.7036463526481, -16.790719439951033], [145.70346736242942, -16.79071843975153], [145.7033333328907, -16.790571439605536], [145.7033021622487, -16.79052567979144], [145.70286588285455, -16.789870989360303], [145.7023449525162, -16.789213999548956], [145.70212715238233, -16.788932999530413], [145.7019780922323, -16.788678029505636], [145.70195697283995, -16.78864754932078], [145.70152941249395, -16.788030119193216], [145.70141507222968, -16.78786497980057], [145.70126050271196, -16.787653889691555], [145.70105113236875, -16.787367989482668], [145.70087935292682, -16.787030619286373], [145.7008489925652, -16.786970999175633], [145.7005956928079, -16.78654298999397], [145.70051133291787, -16.786401479668083], [145.70035368217873, -16.78607475932365], [145.70033135275574, -16.78602847982314], [145.7000420521151, -16.78552705979244], [145.70001289280097, -16.78542597922971], [145.69983820281755, -16.785121259666443], [145.6996658529455, -16.78478302973603], [145.69959755223778, -16.784671729732874], [145.69936414207922, -16.784291979431362], [145.69928847249125, -16.784152329429187], [145.69918237247308, -16.783956499316062], [145.69905633255044, -16.783768509201106], [145.6988781822566, -16.78340403932141], [145.69885459249724, -16.783321289601616], [145.69883000291296, -16.783234999877234], [145.69868235221963, -16.782866519409993], [145.69864851268284, -16.782805139184696], [145.6983873625483, -16.782331519658367], [145.69830615215164, -16.78212507974161], [145.6981093025268, -16.781624519786316], [145.69806700265673, -16.781542969932875], [145.6980314527277, -16.781465259346415], [145.69802221265667, -16.7814162497561], [145.6979878026897, -16.78134753963772], [145.69797239209097, -16.781284839590384], [145.69795031239966, -16.781230359973577], [145.69791866295552, -16.781163349266638], [145.6978801926035, -16.781104519429984], [145.69785220289586, -16.781064099170987], [145.6978415021642, -16.78101642945177], [145.69782782261902, -16.780968509442875], [145.69780464249146, -16.780922649268298], [145.69777872250228, -16.78089123983289], [145.69776938271826, -16.780865599684244], [145.69776179285245, -16.780848849987763], [145.69773500239566, -16.780793959996505], [145.69772186273806, -16.78077090948091], [145.6977113820936, -16.780737869342893], [145.6976854728842, -16.780690359513393], [145.69767240239682, -16.780652719747916], [145.69765882256468, -16.780619439631934], [145.69763688211216, -16.780560589845443], [145.69760914213623, -16.78050413961656], [145.69757889226727, -16.78045185981777], [145.6975762925429, -16.780432599559916], [145.69755669220166, -16.78039876982481], [145.69754184215174, -16.780379949914114], [145.69753282216794, -16.780347000014807], [145.69752658246998, -16.780315809800516], [145.69750187251148, -16.78027277993934], [145.6974812121582, -16.780234489882588], [145.69746088238506, -16.780175769846597], [145.69744508281585, -16.780118880010292], [145.69741548242897, -16.780046189901558], [145.6973898921214, -16.7799636692168], [145.69736799209312, -16.77992235940724], [145.69731919291195, -16.779843619518978], [145.69730568225003, -16.779794259463404], [145.69729459254788, -16.77973487962034], [145.69728200265916, -16.779691439375792], [145.69723820260253, -16.779592669288817], [145.69722396250862, -16.779535929789734], [145.69719991281187, -16.77948421994942], [145.69716673263855, -16.77944773931645], [145.69712494211316, -16.77937987995367], [145.69709041267035, -16.779343249648793], [145.6970493821197, -16.779263679554322], [145.69701624237058, -16.77919509938802], [145.69698602214612, -16.77915228945076], [145.69700832282302, -16.778926539225466], [145.69712932229854, -16.778725529538395], [145.69715932243577, -16.778596530012845], [145.69715089264514, -16.778499040004156], [145.69691400241314, -16.778260000012367], [145.6967220827426, -16.777999979927003], [145.696619152879, -16.77780504999193], [145.69648330245522, -16.777196549218253], [145.6964322727572, -16.777102549549777], [145.69634088265175, -16.77696902920726], [145.69612593287226, -16.776773029995493], [145.6957198728043, -16.776331019788643], [145.69572096246068, -16.776144009504215], [145.69563026226143, -16.776043759950543], [145.69562052272713, -16.77602007927773], [145.69560778281974, -16.77600752980147], [145.69549992210358, -16.775755029793803], [145.69534403296072, -16.775609039850025], [145.69503429295247, -16.77543156978936], [145.69488395270315, -16.775369019165243], [145.69468429224978, -16.775342569790293], [145.69454231262085, -16.77537057936175], [145.69453318214428, -16.77537601940732], [145.69449369220442, -16.77537869943603], [145.69444689267303, -16.775392149464032], [145.69441696260438, -16.775404119282882], [145.6943725427102, -16.775451699240865], [145.6940559422681, -16.77551500929338], [145.69396031211454, -16.7756115796816], [145.69394433288224, -16.775733569823544], [145.69395882270783, -16.77584332949129], [145.69394976229984, -16.77587599978408], [145.69393520240575, -16.775918529212], [145.69392940288222, -16.77594721988484], [145.69393520240575, -16.77598279982227], [145.6939442924581, -16.776014269414752], [145.69396228211997, -16.776049399516126], [145.69397641261938, -16.776092969605674], [145.69399159235107, -16.776157089642492], [145.69400627261945, -16.776194859310813], [145.6940178725647, -16.776248479428883], [145.69405518229343, -16.77635245990957], [145.6940637926454, -16.776405779814716], [145.6940655820894, -16.776467289399253], [145.6940637225768, -16.776535759599536], [145.6940432823108, -16.77660842954907], [145.69399521256165, -16.7767166895918], [145.6939295825453, -16.776819019323376], [145.69388315222153, -16.77686174979889], [145.69384760229244, -16.776884909158685], [145.69364013278434, -16.77699243969703], [145.69359447231676, -16.77701181985452], [145.69352374256454, -16.777065439742138], [145.69343497284484, -16.777095039344733], [145.69342044259514, -16.77711022918989], [145.6933725929332, -16.777131199620165], [145.69328827256905, -16.777205649703408], [145.69319374285166, -16.777309879942965], [145.69314946219635, -16.77734396997136], [145.6931036921343, -16.777411529894295], [145.69308190259878, -16.777464410003063], [145.693069352236, -16.777477579498434], [145.69303836215533, -16.777549559306546], [145.69303836215533, -16.777613569622282], [145.69304628260113, -16.77767622959738], [145.6930299323647, -16.777825659974038], [145.69301916246275, -16.777877329842184], [145.69302383280387, -16.777908369943646], [145.69302383280387, -16.777956529824987], [145.69303139212695, -16.77800393970935], [145.69301916246275, -16.77813426931119], [145.69302274224913, -16.778194469304463], [145.69302058269918, -16.77831255993789], [145.69301160224134, -16.77845781932369], [145.69300657257403, -16.778511449984205], [145.6929839026895, -16.77858753968349], [145.69294401210098, -16.77865820918246], [145.692916192175, -16.77868314953095], [145.69288988231696, -16.778720299446043], [145.6928598022297, -16.77876732984858], [145.69279417221333, -16.778852109598034], [145.69276611243706, -16.778893509947668], [145.69270128281966, -16.77896963991724], [145.6926713922769, -16.779013759781947], [145.69265058280334, -16.77907471979805], [145.69263306296034, -16.77913160994694], [145.6926170828298, -16.779188639409956], [145.69262018291585, -16.77923709999095], [145.69262259219738, -16.77929133936008], [145.6926302224874, -16.779340199846626], [145.69266000253745, -16.779458149577014], [145.692681322254, -16.779506729638662], [145.6927069026801, -16.77958925998256], [145.69277534262662, -16.779656569687862], [145.69252535226283, -16.779719579896458], [145.6923304025748, -16.7798835799024], [145.69223237212282, -16.77999155941817], [145.69220138294048, -16.780178579677354], [145.69200388293535, -16.780290889447766], [145.69211849269425, -16.780440579227577], [145.69292700250108, -16.781412009665626], [145.69288896244205, -16.781599009605387], [145.6925536024819, -16.78186227922108], [145.69135899227433, -16.78280999934196], [145.69098790272204, -16.783103429279876], [145.69045482266952, -16.78352827951013], [145.69034282251656, -16.783624089842963], [145.6904159525672, -16.783661529488448], [145.69205461259605, -16.785598659853544], [145.69214598293857, -16.785705609233926], [145.69218608283452, -16.785754929911917], [145.69212699255345, -16.785802009315375], [145.69210797252398, -16.785818009481183], [145.69121099213635, -16.786532019378356], [145.69114602238173, -16.786585019933725], [145.6906519920946, -16.786978009310676], [145.69061899248263, -16.78700500920749], [145.68970219256497, -16.787735829955402], [145.68964630208288, -16.787780429401113], [145.68920301223625, -16.78813699926221], [145.68881207261114, -16.78844594962056], [145.68874906208214, -16.788495749481935], [145.68843986285967, -16.78874244974421], [145.68837899211775, -16.788791009371035], [145.68785862232812, -16.789198699728527], [145.68779572229195, -16.789247979938324], [145.6869246124862, -16.789928449909528], [145.68591600294985, -16.790716529654226], [145.68581165284982, -16.790795399197982], [145.6857065724194, -16.790874819979294], [145.68424040239984, -16.792021519813268], [145.68409199263002, -16.792137019239814], [145.68361899280205, -16.79250801960661], [145.6832570229465, -16.79278799952591], [145.68315000215514, -16.792874329630273], [145.68099420267842, -16.794559939347497], [145.68082199294352, -16.794697009439947], [145.6807572028519, -16.794747529200613], [145.68225896232653, -16.795793359358065], [145.6821680429383, -16.795940039843405], [145.68204299295914, -16.79610400950318], [145.6819310125691, -16.79622900935583], [145.68132489229745, -16.796530659848056], [145.68042929262043, -16.79626933952807], [145.68014798249425, -16.796591999517428], [145.67954099265341, -16.795873019706757], [145.6770130022899, -16.79785401972912], [145.67692000240342, -16.797923999231728], [145.67678597286476, -16.798032999610655], [145.67687481265304, -16.79813800960511]]]}, "properties": {"sa2_code_2021": "306011142", "sa2_name_2021": "Trinity Beach - Smithfield", "sa3_name_2021": "Cairns - North", "sa4_name_2021": "Cairns", "mapped_location": "Cairns", "geography_type": "LGA approximation from 2021 SA2 names", "fill_color": [180, 61, 31, 90], "line_color": [127, 42, 25, 220]}}, {"type": "Feature", "geometry": {"type": "Polygon", "coordinates": [[[145.71330301288202, -16.806267999413315], [145.7131208120845, -16.806569049184677], [145.7129048328357, -16.80675904962923], [145.71261002282745, -16.806803059843336], [145.71229211264165, -16.80675499929246], [145.71116097290047, -16.806573009231162], [145.7109471621848, -16.80661098955579], [145.7107279427127, -16.80666498978008], [145.71046908238384, -16.80683905967146], [145.71033914287463, -16.807014009984687], [145.7101828827276, -16.807366989577073], [145.71007809245305, -16.80781204997818], [145.71000217223516, -16.808260059779936], [145.7100651423399, -16.808792049782824], [145.7101720822829, -16.809080059815507], [145.71029917233605, -16.809245019942193], [145.71057489224623, -16.80956001995588], [145.7106818025448, -16.809670979452033], [145.71090610288806, -16.809975989817254], [145.7112340822899, -16.81023097938566], [145.71155196283127, -16.81025598954047], [145.7117910027317, -16.81020000992319], [145.71248399278633, -16.809805999734227], [145.71286308273451, -16.809634979301464], [145.71311183252493, -16.80958404987745], [145.71331418253425, -16.809593039598965], [145.71346285281547, -16.80964002967651], [145.71433009267895, -16.810201009160103], [145.71449207239942, -16.81040799985561], [145.71465804243638, -16.810689959572926], [145.71473688217895, -16.810904989176574], [145.7147329026422, -16.811080039790244], [145.7146508523208, -16.811291969787163], [145.7145685028604, -16.811398369817905], [145.71444211259484, -16.811511109998], [145.7142698624358, -16.811570059399845], [145.71383777278413, -16.81165393964096], [145.71347858231604, -16.811599759393506], [145.7130668925062, -16.8113373694455], [145.71279891248054, -16.811093189755386], [145.71264941215597, -16.811029719581015], [145.71245778264128, -16.811021799674016], [145.71227182239434, -16.811073509523425], [145.71213308209022, -16.81119293924556], [145.7119501024534, -16.811659459479625], [145.71182060222037, -16.812212899236116], [145.7118175021343, -16.812663229877764], [145.7121391025993, -16.81295968958544], [145.712676602363, -16.813240189673113], [145.7128010729288, -16.813431499962523], [145.7128342827465, -16.81384739941806], [145.71306737220658, -16.813935459541803], [145.71357111238362, -16.813886649235503], [145.7140565224373, -16.81388968988354], [145.71439820294378, -16.81387451931953], [145.7147926127609, -16.81403285997948], [145.71486310266286, -16.814241129478294], [145.71477199283186, -16.814413769265904], [145.71441119258282, -16.814602049773406], [145.7140684224198, -16.814790429843182], [145.7137247027376, -16.81510004967067], [145.71356048261882, -16.815462739734276], [145.7134321924165, -16.81582566987685], [145.7134297822366, -16.816172089218185], [145.71353588225477, -16.816432569516493], [145.71376810214565, -16.81665916943114], [145.71394749211464, -16.816712269919552], [145.7141099928579, -16.816609349444196], [145.71418361249042, -16.816367339193228], [145.7142397122799, -16.81603856969849], [145.71424081271613, -16.815882709813167], [145.71451299236577, -16.815503369363974], [145.71469341270233, -16.815417900001805], [145.71507049222095, -16.81547218922605], [145.71519579283006, -16.815559589908563], [145.71526602222065, -16.81581984919345], [145.71519331258153, -16.815923299797348], [145.7149402922003, -16.816129569668075], [145.71479491244799, -16.816353829295505], [145.7147937823674, -16.816527029533784], [145.71484660240776, -16.816683239728214], [145.71507940261023, -16.816823269945118], [145.71538468248318, -16.816877119358917], [145.71561770277293, -16.81698251963398], [145.71577881292416, -16.817087449486653], [145.71588550223717, -16.817261309455176], [145.71588371279316, -16.817521119258284], [145.7157746824705, -16.81769363997332], [145.71557642249064, -16.81777901974036], [145.71537910214863, -16.81770848949111], [145.71500300269196, -16.81754999969953], [145.7146976823949, -16.817444419161923], [145.71421270263423, -16.817389419368567], [145.71392490218014, -16.817404949947676], [145.71361786250762, -16.8176108699488], [145.71350920229082, -16.81773142975378], [145.7089471027306, -16.81719670972142], [145.70891208280753, -16.817532629816373], [145.7088940024158, -16.817706009555504], [145.7084269826726, -16.821436999858573], [145.70688398244172, -16.822905009771155], [145.70680974297167, -16.82297834986331], [145.7059197227309, -16.82385391961506], [145.70574109273664, -16.825390049529837], [145.7059644022382, -16.825414149673016], [145.7091174924787, -16.825754309779946], [145.70896017231962, -16.827119629432577], [145.70888681230025, -16.82774414990344], [145.70871299278437, -16.829257009326682], [145.71087299278338, -16.829490019498316], [145.71086000224602, -16.829602009454376], [145.7109759927155, -16.831728019310187], [145.71127599229118, -16.832602009533055], [145.71077999289693, -16.83403299934907], [145.70965298271113, -16.83508700978431], [145.70891298291943, -16.83530100916182], [145.70848698294708, -16.835534999823135], [145.70841099266053, -16.835587999582156], [145.7075489729072, -16.834440999147457], [145.7082559829684, -16.833827009493767], [145.70821999286488, -16.832886999790514], [145.70283901244778, -16.83346701917138], [145.70284898284908, -16.83355701939561], [145.70379998252798, -16.834680009625888], [145.70357000213718, -16.834928019499998], [145.7025079922487, -16.83484000954323], [145.7023760126655, -16.83499100963143], [145.7020940126332, -16.835597009565507], [145.70226202274415, -16.835834019521467], [145.70269699239458, -16.836148019230986], [145.70293402276377, -16.836467009612864], [145.70379498250512, -16.83737700982221], [145.7038970023753, -16.83778899964059], [145.70335100275233, -16.838095009408036], [145.70306199226758, -16.838690009453977], [145.70272900296143, -16.838713999570103], [145.70265998270324, -16.83868401923276], [145.702047982958, -16.838410009614734], [145.7017009826284, -16.838584999567633], [145.70150497292832, -16.83870201912899], [145.7010279926653, -16.838738019776123], [145.70113099259748, -16.839459019186194], [145.7010450022652, -16.83986199985243], [145.70061101267675, -16.839855009727977], [145.70044600293883, -16.839565999238445], [145.6999839823202, -16.83970201965537], [145.6996750121681, -16.84023601928262], [145.6993830129884, -16.840533019645452], [145.69910499249275, -16.84291499929797], [145.6987599927113, -16.845733019968623], [145.69728200265916, -16.845568009933], [145.69689999228794, -16.845483009813496], [145.69629098213605, -16.845123019302402], [145.6967019721583, -16.84623900949562], [145.69679399288106, -16.846489019511665], [145.69720301289792, -16.847455009803497], [145.69746300240914, -16.847709019527723], [145.69880799239186, -16.84812800934569], [145.70002899240748, -16.848481009492332], [145.70098799248234, -16.848556999758813], [145.7020049922835, -16.848885009529045], [145.70303399267848, -16.849035009697584], [145.70490900215356, -16.850110999430264], [145.7058769826863, -16.850348009265677], [145.7065550023167, -16.850442999165693], [145.70715598242828, -16.850442999165693], [145.70786999216216, -16.850341009211608], [145.71058599272814, -16.84974299970554], [145.71158098290653, -16.84962200976979], [145.71262700278294, -16.84963099931081], [145.71367801280076, -16.849802019745496], [145.71425198236838, -16.849966019323638], [145.71489098277604, -16.850208019311694], [145.71549498212534, -16.850522019246856], [145.71728400216648, -16.85164699970938], [145.71740258247894, -16.85172249951205], [145.71962397244607, -16.8530480093299], [145.7256199727444, -16.856189009289892], [145.72681601217155, -16.85677601982938], [145.7271819921065, -16.857024009342048], [145.72755601286153, -16.857410009351348], [145.72801901264384, -16.857970009981834], [145.7283270027339, -16.858799009146008], [145.7287161627965, -16.859456629470913], [145.73012798294477, -16.86177101982573], [145.73028701259784, -16.862034009590385], [145.73085499219917, -16.8628939999263], [145.73114096278505, -16.863216009140114], [145.73144300243467, -16.863382009612305], [145.73176300210184, -16.863912999692857], [145.73200897250467, -16.864552009893057], [145.73246299272742, -16.865123009593493], [145.73553998218864, -16.868170019487852], [145.73618165238935, -16.868800499478855], [145.7366601723648, -16.867973969296717], [145.73724011213582, -16.867323019548053], [145.739122532712, -16.864993769696426], [145.74129245280662, -16.862073769533243], [145.74333043284398, -16.860639779939348], [145.7443433821415, -16.860534749567485], [145.74475448265653, -16.860616319599334], [145.74508937279782, -16.860682749432833], [145.74536918273745, -16.8609118591479], [145.74606640295872, -16.861482749487305], [145.7478903423116, -16.862843739909447], [145.7479113628892, -16.864141719494857], [145.7472383828076, -16.866201709459716], [145.7471633725831, -16.866608709718314], [145.747097412885, -16.86697271955479], [145.74715041258844, -16.86733172971479], [145.74728922296114, -16.868098569260223], [145.74794352257643, -16.869030859617027], [145.74987736271945, -16.869684849251716], [145.7512295428177, -16.869531779289556], [145.75184026246362, -16.869100419957334], [145.75219836237693, -16.86850467997981], [145.75246930235144, -16.867697679287446], [145.75252529254647, -16.866242689262922], [145.7527393323326, -16.864692699324483], [145.75317229245172, -16.863752699400663], [145.75412929287677, -16.862935699146714], [145.75569554240553, -16.862549999275217], [145.75660077292073, -16.862234979943985], [145.75781221216684, -16.862172689215598], [145.76026822232328, -16.86367464941562], [145.7614018728556, -16.864335009781858], [145.76304813263184, -16.864415019569797], [145.76474410248093, -16.86374596978399], [145.76295820228876, -16.863095649378984], [145.7618521722564, -16.862411649188598], [145.7611632021627, -16.861986669723162], [145.76085919250767, -16.861855669607483], [145.7605771628309, -16.861681659738718], [145.76041316279944, -16.86155065941167], [145.76030220289547, -16.86143466928391], [145.76012419273877, -16.861304669472343], [145.75997523230174, -16.861274659186808], [145.75991720293106, -16.861161659775846], [145.75961823282472, -16.8609466597287], [145.7588812226263, -16.860332679568405], [145.758566222982, -16.860032679839055], [145.75846815210582, -16.859928209656125], [145.75835223260324, -16.85980468925192], [145.75758423232412, -16.859143699229417], [145.7573922021608, -16.858989709440664], [145.7569162127395, -16.858597689536897], [145.75590519212489, -16.857674729766536], [145.75551249270012, -16.857256279503922], [145.75515720271702, -16.85687770971125], [145.75486122220397, -16.85652370990769], [145.75447523229602, -16.856290729577637], [145.75394919234037, -16.85561872970389], [145.7538312327638, -16.855524729364856], [145.75355620275977, -16.85539372993026], [145.7533482221103, -16.855168739345913], [145.7530232323017, -16.85467774928108], [145.75278820248064, -16.85421574971391], [145.75250723281601, -16.853825769510554], [145.75219719277038, -16.853319749550995], [145.75204922227684, -16.85316775991797], [145.7518782225726, -16.85308074971634], [145.75171521248453, -16.852942759807643], [145.75124024265105, -16.852479759567665], [145.75109624271101, -16.852309779256892], [145.75093915252063, -16.85216318968646], [145.75078125294823, -16.852015779811754], [145.75039625298373, -16.851589779682186], [145.74992923234225, -16.851169779596038], [145.74955715284656, -16.850774989721078], [145.74917985234237, -16.850355039410633], [145.74915225250356, -16.850307789472232], [145.74895811219764, -16.850066049255545], [145.74836590233812, -16.84941499916065], [145.74765597275226, -16.84853198950205], [145.74746727264372, -16.848276729938252], [145.7468870328354, -16.847492049954113], [145.7465180525274, -16.846941969183415], [145.7460291327559, -16.846335009962406], [145.7459330624278, -16.8462549899455], [145.74548200215398, -16.845860019580943], [145.74534399218024, -16.84579999926215], [145.74483628234796, -16.845445859219264], [145.744511282658, -16.84493384917554], [145.74442744289252, -16.844601759814154], [145.74438024271254, -16.844414849509977], [145.7443072429176, -16.844312839970737], [145.74421030212204, -16.84423384996777], [145.7440702924985, -16.84405284939262], [145.74398225221074, -16.843749849875977], [145.74392327242245, -16.84365584965776], [145.74377526240298, -16.84346787917347], [145.74361323237682, -16.843207879696585], [145.74339036215147, -16.84279062949768], [145.7432499527776, -16.84253998953427], [145.7430591622894, -16.84211400933939], [145.74296988232655, -16.84198404955541], [145.74252707218034, -16.841420019929252], [145.74195106253865, -16.84055304933182], [145.74176382219238, -16.84024781993007], [145.741375052897, -16.839613989563134], [145.74100608247045, -16.83908703937987], [145.74094702273214, -16.838928009464613], [145.7408581020954, -16.83877699961932], [145.74062195297356, -16.83848700989125], [145.74037105261638, -16.83809001997747], [145.740311992878, -16.83793799919565], [145.7402553127768, -16.837852389488425], [145.7399868826952, -16.837446979894697], [145.73978227252465, -16.83709691948102], [145.73942026224495, -16.836590929588844], [145.73924327257436, -16.836229919627076], [145.73872727219032, -16.835312949406813], [145.73844823210686, -16.83469994965068], [145.73812327284102, -16.834150939151584], [145.73790325297006, -16.83371796950505], [145.73760825251898, -16.833233949405656], [145.73729924284103, -16.832540959236844], [145.73721026291554, -16.832395959652924], [145.7371372226964, -16.832208959912965], [145.73693125247652, -16.83183397967251], [145.7368872727568, -16.831688979547362], [145.73665827242792, -16.831248979436733], [145.73646825269424, -16.830757989221816], [145.7362727622204, -16.830300959591042], [145.7359682324408, -16.82958898974944], [145.73570299227674, -16.828834009561234], [145.73522024213463, -16.827727999360665], [145.7351322422711, -16.827440009921766], [145.73506026296226, -16.827123009509762], [145.73497927265288, -16.8269140198521], [145.73493525250905, -16.82685601934068], [145.73479527252988, -16.826459009344433], [145.73473026235106, -16.82617801978414], [145.73462726241894, -16.82600501925386], [145.7344432622959, -16.825521029317], [145.73402724260637, -16.824144029773485], [145.73392420225, -16.82396402979608], [145.73377623265475, -16.82376903958778], [145.73283559234767, -16.8215804892878], [145.73212322293747, -16.81992306935194], [145.73202222265513, -16.819519069433255], [145.73190020269345, -16.818705089917746], [145.73191524228795, -16.81867609958653], [145.73185921256703, -16.81810007985868], [145.731875242105, -16.81790608969257], [145.73184724251593, -16.81764009949366], [145.73186224258453, -16.81761108922203], [145.73182622283656, -16.817388089969494], [145.73173920213668, -16.817013099314988], [145.7315851725065, -16.81660207985427], [145.73143818297316, -16.816335089480944], [145.73109118264355, -16.81582911980762], [145.73077421209553, -16.815244109714907], [145.730686212232, -16.815035109537344], [145.73053119265833, -16.814847119248743], [145.73010820294056, -16.814470119979887], [145.72996019292103, -16.814282129990982], [145.72975418227693, -16.81395012963248], [145.7294881722567, -16.81358811944639], [145.72930319297, -16.813409129302517], [145.7292291726889, -16.813342119636328], [145.72894020262834, -16.813024129958656], [145.72867422225247, -16.812648149506945], [145.72839321216367, -16.8123151496414], [145.72778724280894, -16.811520149503707], [145.7274376023307, -16.810979489650567], [145.72732920262536, -16.810812159357393], [145.7269012021049, -16.810082159265377], [145.72688722252244, -16.80999615946297], [145.72681320224135, -16.809859169216438], [145.72647422296885, -16.809303189229635], [145.72641524228226, -16.809151189208105], [145.72623825261175, -16.808891189929838], [145.72613521225534, -16.80868918950371], [145.72589924279652, -16.80834217947424], [145.7256995428173, -16.80798897983247], [145.72542722213217, -16.80751119996594], [145.72536922240585, -16.807338209917912], [145.72523271261866, -16.80708362923289], [145.7251252229067, -16.806883199718467], [145.72494122278368, -16.806587199182175], [145.7248382228515, -16.806328199946403], [145.72442522239962, -16.80563422995073], [145.7241831929059, -16.805021209873217], [145.72411617229753, -16.804664219392198], [145.72411420229207, -16.80427221945939], [145.72413716233245, -16.80413522937879], [145.72418917209245, -16.804042209635945], [145.72427918238557, -16.803971229679966], [145.72478621219324, -16.803945219426684], [145.7248542128636, -16.803881219706764], [145.72473518249518, -16.803851219239384], [145.72463820217374, -16.803865219343404], [145.72413118224756, -16.80384022984495], [145.72390017238743, -16.803789219749007], [145.72381217252394, -16.80370221954231], [145.72377519247692, -16.803579209396247], [145.72376917286618, -16.803414249502286], [145.72378621211044, -16.80305423925476], [145.7237411723788, -16.803010239350485], [145.72347520278268, -16.802786249451906], [145.72334219283186, -16.802605239381045], [145.72325200287568, -16.802514019651312], [145.7230001925251, -16.802430229964447], [145.72290321220365, -16.802322249448864], [145.7228902126832, -16.802019239956774], [145.72285419293524, -16.801897249499433], [145.72276516270404, -16.801781229712308], [145.72266917232605, -16.801723249890983], [145.72246919297075, -16.801542249985634], [145.72235118219018, -16.801376249478796], [145.72226318232666, -16.80108725942438], [145.72214517244444, -16.800878249666937], [145.72187920284833, -16.80056725990737], [145.7217521828638, -16.800530259601345], [145.72135820244145, -16.800491269311717], [145.7212392124972, -16.800361279262447], [145.7210832128616, -16.800346279611066], [145.7208892126928, -16.80041727984243], [145.72080723244005, -16.800402279335493], [145.7204882227163, -16.800163279812764], [145.72042121288771, -16.8000832695352], [145.72038423284073, -16.800075269193588], [145.72025024282786, -16.800075269193588], [145.72006321268745, -16.800138269187375], [145.71991824256685, -16.800282269217497], [145.71958222234497, -16.80071827955932], [145.71944720286285, -16.800962279970843], [145.71931226243237, -16.801113269209488], [145.71924426266037, -16.80113426966818], [145.71887926278737, -16.801211269610253], [145.71875126274082, -16.801325279998956], [145.71869925208253, -16.801339269969755], [145.71858124220023, -16.801209269321784], [145.71844725218745, -16.801223269620746], [145.7182822720939, -16.801308279276356], [145.7181772222063, -16.80140826954321], [145.7181462725498, -16.801566279202902], [145.71817525220092, -16.801753279933678], [145.7183372427011, -16.80205027955208], [145.7186322323724, -16.802505269524115], [145.7186832629688, -16.802685269234328], [145.718682272127, -16.80287226972229], [145.7186452327912, -16.802976279483836], [145.71855325249268, -16.80305826989143], [145.71844882244258, -16.802990019944165], [145.7183462626849, -16.80290626916579], [145.7182202928309, -16.80291226997749], [145.71785431289595, -16.803018269667017], [145.71771805284035, -16.80298596952694], [145.71742105273947, -16.802898039333403], [145.71660093220757, -16.80288499973518], [145.7161032924896, -16.80284229919403], [145.715738042885, -16.80272902928445], [145.7154990020862, -16.802728030008172], [145.7151723225466, -16.802772300006016], [145.71499212229725, -16.802724969402092], [145.71492898241087, -16.80177900927835], [145.7148159725515, -16.801126019979655], [145.71446098260574, -16.801804009367885], [145.71345701286782, -16.801728009807864], [145.71278314255574, -16.80190497973488], [145.71266795248513, -16.802397009562945], [145.71275402276746, -16.80289300941793], [145.7131561024004, -16.804725049920044], [145.71339193262042, -16.805539989814385], [145.71341496272936, -16.805940029359764], [145.71330301288202, -16.806267999413315]]]}, "properties": {"sa2_code_2021": "306011143", "sa2_name_2021": "Yorkeys Knob - Machans Beach", "sa3_name_2021": "Cairns - North", "sa4_name_2021": "Cairns", "mapped_location": "Cairns", "geography_type": "LGA approximation from 2021 SA2 names", "fill_color": [180, 61, 31, 90], "line_color": [127, 42, 25, 220]}}, {"type": "Feature", "geometry": {"type": "Polygon", "coordinates": [[[145.71296798260352, -16.99900301950142], [145.71287100228204, -16.99899700946335], [145.71288699229413, -16.99884500938569], [145.71072498276388, -16.998634019472796], [145.70662198250088, -16.998225019502463], [145.70602798229902, -17.003648019425654], [145.7054129929606, -17.009252019648287], [145.7042429822188, -17.020095019059923], [145.70422499255693, -17.020275999869565], [145.70835201287227, -17.02069200983215], [145.71055697265294, -17.02091500902905], [145.7114551325285, -17.020994039152942], [145.71188316269343, -17.020333999245096], [145.71208187272916, -17.01960696913369], [145.7122399124388, -17.018906059392492], [145.7124828923501, -17.018740979504333], [145.71269598261696, -17.018654009758087], [145.71302999240928, -17.018812999576884], [145.71335499299758, -17.018783009255205], [145.7137198823778, -17.0186879797431], [145.7138821226097, -17.018283159545366], [145.71404495303472, -17.017876999320492], [145.71422208284244, -17.01767402968629], [145.71511414225893, -17.01695700930867], [145.71515473263503, -17.016938099602914], [145.7154428322281, -17.01680400934179], [145.71591298260006, -17.016625009435153], [145.71641416257856, -17.016627249673064], [145.7164688026057, -17.01662698940003], [145.7173468824397, -17.017019999557235], [145.71768093265624, -17.016893019179587], [145.71805104304482, -17.01594999910588], [145.718210152648, -17.015828049110425], [145.7189989129933, -17.015561019669075], [145.71974231290838, -17.015338499424967], [145.7201851230546, -17.015205969668255], [145.72039788274148, -17.01499600921886], [145.7204479323775, -17.014789989604694], [145.72008898265798, -17.014575969072173], [145.72013902241255, -17.01422496909675], [145.7203460526445, -17.01400501910767], [145.72038204274807, -17.013779999042395], [145.72044245265428, -17.013721279512072], [145.72062896267016, -17.013543039451115], [145.7213990425492, -17.01381402918275], [145.72170108219888, -17.013832029523332], [145.72197290252237, -17.01388900954494], [145.72223387299388, -17.01396505933105], [145.72252401266095, -17.01402804972722], [145.72281097229197, -17.014055039469106], [145.7229319322416, -17.013979009476508], [145.72308202275931, -17.01378395989127], [145.7231968930296, -17.0135090195695], [145.72324401236122, -17.013095999296716], [145.7233020129858, -17.013014009148556], [145.72336898239024, -17.013002999300355], [145.7235419925241, -17.01303100968606], [145.72370500261218, -17.0131420092164], [145.72380706290653, -17.01322002985778], [145.72400299265655, -17.013594999559864], [145.72413683265071, -17.01363303954899], [145.7255750129627, -17.014159009209898], [145.72583313218152, -17.014310029630956], [145.725923872805, -17.014422969736444], [145.72599085298918, -17.014544019559764], [145.7261489025803, -17.01466300943256], [145.7263529728634, -17.014781979472854], [145.72659489276265, -17.014835979351265], [145.7267518823417, -17.014706999468245], [145.72686313240143, -17.014501979408212], [145.72698697234986, -17.014222989106464], [145.72716984239227, -17.013933019519484], [145.7273300425501, -17.013787029098143], [145.72750786226402, -17.0136970290743], [145.7277919823204, -17.013602019314547], [145.72813282290213, -17.013503979809226], [145.72872791276038, -17.013215979660675], [145.7295270127146, -17.013446999670457], [145.7297960123282, -17.013425039295463], [145.72987299255814, -17.012865009778057], [145.7303270127808, -17.01328401952421], [145.7306758429787, -17.0134669791856], [145.73072990269415, -17.01347334954005], [145.73077388241384, -17.01347084984596], [145.73115900275258, -17.013426039173336], [145.73132098247297, -17.013426039173336], [145.73137599260605, -17.013485999194152], [145.731544982779, -17.0137609996797], [145.73171599236466, -17.013983999402083], [145.73204386217202, -17.014136059352296], [145.73270411222776, -17.014114979531524], [145.7330399923125, -17.013944989674123], [145.73319405248537, -17.013815019609552], [145.7333521326192, -17.01382500977726], [145.73338812272277, -17.01392500935098], [145.73352890220252, -17.014177989634206], [145.73383704231128, -17.01402399954759], [145.73400012246796, -17.013801959375748], [145.7341808329604, -17.0135980395638], [145.73441699286207, -17.013420009840925], [145.7349188223225, -17.01310500938027], [145.73510205258933, -17.013023019236023], [145.7351809327561, -17.013050009122782], [145.735161842658, -17.013341979833864], [145.73516797276153, -17.01353404914568], [145.73520794240176, -17.013740039217744], [145.73537891246153, -17.01394002981249], [145.73562696246435, -17.01396505933105], [145.7358458522547, -17.01369504907843], [145.73590301295454, -17.01346901931397], [145.73592046272896, -17.013353619310546], [145.7359719927886, -17.01301300926843], [145.73613489238383, -17.012858059575084], [145.7363329825821, -17.013006019556798], [145.73650208234952, -17.013227059075543], [145.73675017277648, -17.01333901971297], [145.73695103248073, -17.013320019446557], [145.73737100296088, -17.012957009103584], [145.7380080028204, -17.012724009342172], [145.73860091246752, -17.012709999831863], [145.73907610238822, -17.012959029480413], [145.73930185261239, -17.013151979662954], [145.73958696261218, -17.013143969461037], [145.74005890242816, -17.01284598970643], [145.7405289827315, -17.01256601938901], [145.74089015218811, -17.012637999745717], [145.741475872618, -17.01331300913031], [145.74250115219107, -17.013248019594943], [145.74305570287726, -17.013431389894276], [145.74337810284283, -17.013537009263494], [145.74404590234025, -17.013616039066125], [145.7441486525407, -17.013625939049387], [145.74421114294512, -17.013627009364253], [145.74421402294394, -17.013522969748966], [145.74425669291995, -17.01142504951486], [145.74436378288158, -17.00664908964073], [145.74439693251222, -17.005292019237313], [145.744306112837, -17.004644999457646], [145.74354801289064, -17.000463959883536], [145.74351490278588, -16.998779979609143], [145.74314016248022, -16.999088039699064], [145.74269482267815, -16.999155009142125], [145.74258218292465, -16.99902702958438], [145.74234993249115, -16.99882704969934], [145.74193307287678, -16.999111979327626], [145.74146689216008, -16.999031989840876], [145.7412591729203, -16.99925202957265], [145.74099538263718, -16.999395439519983], [145.74072995292852, -16.999543999453937], [145.74026195222507, -16.999766009277973], [145.739877862254, -16.99987699948729], [145.73977884275686, -16.999950979465012], [145.73955794253695, -16.99996105971472], [145.7394001130331, -16.999962039905988], [145.73920498278375, -17.000115369765762], [145.73892382267618, -17.00034598928749], [145.73882483282344, -17.000406999831842], [145.738635842559, -17.00065404938044], [145.7385940825764, -17.000820009425063], [145.73859083247171, -17.00118099959043], [145.73840508243055, -17.00150202920212], [145.7379198924641, -17.001453569830346], [145.73781506266369, -17.001513969225147], [145.7378770823509, -17.00167045913944], [145.7375994930467, -17.00182840931623], [145.73727358246495, -17.00182002923648], [145.73692041250592, -17.001841859536686], [145.73678408238183, -17.00196998922474], [145.73671981241483, -17.00210686914451], [145.7366394024171, -17.002112719298907], [145.73658439228407, -17.00211672936057], [145.7363507925809, -17.002213509441027], [145.73622209274683, -17.00233784959454], [145.7358285929231, -17.002481329340736], [145.73552899219942, -17.002665149155458], [145.73527561249213, -17.002742529872865], [145.73460668291412, -17.002843429634638], [145.7343470123048, -17.00293514953692], [145.73428880237273, -17.002992279771], [145.73413590282317, -17.00301007927496], [145.7340599826052, -17.003698999530556], [145.7339421622675, -17.003697039187077], [145.73325311222376, -17.003628999277133], [145.73186560228368, -17.0034901197484], [145.73125660291154, -17.00343855972969], [145.7292159926071, -17.003243009510314], [145.72720900265048, -17.003046009870882], [145.72663300289028, -17.002347999299115], [145.72596497252587, -17.001557019105473], [145.72472897244162, -17.000100009724964], [145.72358364291225, -16.999985389246476], [145.7223271324934, -16.999856019431423], [145.7212759329311, -16.99975997950592], [145.71887200260323, -16.999514009483], [145.7157181829307, -16.99919274967204], [145.71570800232357, -16.999283019538872], [145.713060002428, -16.99901599915559], [145.71296798260352, -16.99900301950142]]]}, "properties": {"sa2_code_2021": "306021144", "sa2_name_2021": "Bentley Park", "sa3_name_2021": "Cairns - South", "sa4_name_2021": "Cairns", "mapped_location": "Cairns", "geography_type": "LGA approximation from 2021 SA2 names", "fill_color": [180, 61, 31, 90], "line_color": [127, 42, 25, 220]}}, {"type": "Feature", "geometry": {"type": "Polygon", "coordinates": [[[145.76119452282344, -16.91375800913051], [145.76105655237558, -16.913846389706567], [145.7608685421731, -16.913974389473303], [145.75964130245953, -16.914815639135334], [145.75965400284102, -16.914859999781797], [145.75936200276297, -16.915074009351127], [145.75924498282416, -16.915268999895066], [145.7590185723383, -16.915127389878254], [145.75821656274078, -16.915679389708547], [145.75814126236043, -16.915730799348697], [145.75775348300846, -16.915995549705983], [145.75722062214484, -16.916359389505658], [145.75630052271512, -16.916992799898807], [145.75519764217617, -16.917753399206774], [145.75700987288766, -16.919969059389206], [145.7584819124993, -16.921593999231142], [145.7599341730051, -16.923301039499616], [145.76010802216538, -16.923494969605212], [145.76071213290578, -16.92421398933495], [145.76131511266712, -16.924937049826806], [145.76253600219005, -16.926369999910676], [145.7626220024038, -16.926483019569], [145.76197500249842, -16.9269170097857], [145.7615524026495, -16.927197579653278], [145.76167599286623, -16.92735985936943], [145.76262864275034, -16.928479299421483], [145.76219162224604, -16.928827299771868], [145.7623203625044, -16.92896064936114], [145.76244862216404, -16.929093289861243], [145.76252140277003, -16.92917813975353], [145.7623776327987, -16.929291299524778], [145.7632066529401, -16.930268299296944], [145.7637426623988, -16.93089526912331], [145.76385697301868, -16.9310469297478], [145.76460435247046, -16.930455989133073], [145.7647165825922, -16.93059626933332], [145.76526058256533, -16.93123427935324], [145.76609559267305, -16.932212259897405], [145.7661596129084, -16.93228825942047], [145.7661777525889, -16.932308709917827], [145.7670270027905, -16.931567999511778], [145.7684580226314, -16.930451009877537], [145.76868300299932, -16.930340009570745], [145.76884660238227, -16.930238999518252], [145.76900898275133, -16.930139009498948], [145.76971197285164, -16.929616009896804], [145.77012399234323, -16.92928999927278], [145.7704439821289, -16.92902500978886], [145.7706419923771, -16.928966009365027], [145.77238202279423, -16.927607999334572], [145.77245298251515, -16.92754800930343], [145.77279663212877, -16.927284659672793], [145.77290051240993, -16.9273272496056], [145.7731245127159, -16.92739223966913], [145.7734505230106, -16.927467239943184], [145.7737765126441, -16.927523239830393], [145.77407453233283, -16.927607239629992], [145.77436251245, -16.92772821911036], [145.77456750260794, -16.92782121924539], [145.7748405221823, -16.927990209420845], [145.77552748274474, -16.928536299337704], [145.7772339323399, -16.929892769530444], [145.7772964622702, -16.92994219956738], [145.77739048264277, -16.930036199790084], [145.77750848264358, -16.930171199397005], [145.77758448281156, -16.93027719991808], [145.77759061291502, -16.930296759454794], [145.77880847242048, -16.930574179810694], [145.77945912218075, -16.930740979533137], [145.77945247285103, -16.930671179814627], [145.7796014728139, -16.930672179273987], [145.77963147295114, -16.93062817985448], [145.77961647288254, -16.93057817936887], [145.7794834629317, -16.930441179413947], [145.77946145241063, -16.93027517951063], [145.77948448251954, -16.930066189684982], [145.77964848255104, -16.929923189140073], [145.78006746218946, -16.928704179399624], [145.78012349280868, -16.92826687948995], [145.78087422297648, -16.924492339940603], [145.78097881292666, -16.923915629507558], [145.7812093026623, -16.922612919207797], [145.781034422236, -16.922587199429447], [145.78104241275045, -16.922444209532753], [145.7810284026253, -16.922242209261835], [145.78105143273424, -16.922040209633682], [145.78215847247296, -16.92221225937279], [145.78228984299838, -16.921680569627043], [145.78343163226725, -16.9170114094124], [145.78219892271184, -16.91701981991841], [145.7811889225834, -16.917013809835797], [145.78075341214716, -16.91735774988926], [145.78063778280045, -16.91764212928543], [145.7805351727371, -16.917762799753703], [145.78034077281805, -16.918206469282456], [145.78011787294827, -16.918479939436015], [145.77990788276742, -16.918584199306483], [145.7796206725065, -16.918252259233704], [145.77937907240747, -16.91844306962825], [145.77864331266392, -16.91868467932389], [145.77679903275805, -16.918235999543782], [145.776543132378, -16.91818901926788], [145.77567805296277, -16.917181029805604], [145.77521742293624, -16.9167482092006], [145.77477544283326, -16.916346279520994], [145.77461144280176, -16.916223269592038], [145.7744624527203, -16.91615126946532], [145.77432141272914, -16.916035269919554], [145.77411344285937, -16.915811269497958], [145.77363744265833, -16.91526228930433], [145.77345943250162, -16.91500328936852], [145.7732964224135, -16.914815289338073], [145.77282042221245, -16.91431628957272], [145.7726274524113, -16.91415729978667], [145.7724854323582, -16.913991319907108], [145.7722624525383, -16.91380431927523], [145.77220792300398, -16.913714669260376], [145.77217416251898, -16.91365914914208], [145.7720528324634, -16.913519009308516], [145.77187500286806, -16.91325900914346], [145.7713918529757, -16.912710009480783], [145.7712730822204, -16.912609039820865], [145.7711089025258, -16.912393029198522], [145.77066287281758, -16.91205301987089], [145.77049187221505, -16.911893969731423], [145.77014304291546, -16.911540009484362], [145.76994218231286, -16.911416989541824], [145.7698381223687, -16.911387999676762], [145.76962894246824, -16.911257059628834], [145.7694511128729, -16.91119899991442], [145.76926394259527, -16.911098029444833], [145.76886288255014, -16.910822969728397], [145.76835709241766, -16.910404039929457], [145.7681259424203, -16.910172989425064], [145.76786602297767, -16.909956009960613], [145.76753917275818, -16.90971696921857], [145.76725238290882, -16.909455819843693], [145.7662230124079, -16.90851699943342], [145.7656279225496, -16.907803029428763], [145.76513002232025, -16.907470029525243], [145.76494394259728, -16.907311009897615], [145.76491511296493, -16.907253049527554], [145.76491511296493, -16.906994029129518], [145.76462493287363, -16.906726999651642], [145.76452883290114, -16.906604049624207], [145.7644989729011, -16.9064890291778], [145.76432111276304, -16.906329009134087], [145.7642469828875, -16.906156029531484], [145.76403885221933, -16.905881969929197], [145.76400900299905, -16.905752029945166], [145.76394994236242, -16.905644029330407], [145.76371309255455, -16.90531903955402], [145.76354891286, -16.904930049303555], [145.7633570327153, -16.904640969891595], [145.7633120325095, -16.904496969355495], [145.76328286241554, -16.904467999913617], [145.76316300290213, -16.904439009839248], [145.76310394226545, -16.904367009507855], [145.76319395255862, -16.904294999694415], [145.76321592265555, -16.90424495955769], [145.76323896264591, -16.90412202939899], [145.76335882215938, -16.903963989358186], [145.7636731229143, -16.903663029266507], [145.76385201252168, -16.903548009604247], [145.76394205245924, -16.903447019565164], [145.7640169225466, -16.903203039585016], [145.76403312276443, -16.903015029502804], [145.76400286211583, -16.902900009445226], [145.76388409225885, -16.902712999528], [145.76387004260778, -16.90263999978891], [145.76382609253253, -16.902439029466713], [145.76372207211415, -16.90225101948217], [145.7636929029186, -16.902107029153882], [145.7636479422386, -16.901934039661025], [145.7635971326278, -16.901595009361873], [145.7635600825122, -16.90150203925615], [145.76329294241137, -16.901069049418894], [145.7631741725544, -16.900851969226544], [145.76304094251626, -16.900491979355113], [145.7629970328652, -16.900318989240127], [145.76286384235297, -16.899900029222252], [145.76271587275767, -16.8996410193509], [145.76268707276967, -16.899366979502606], [145.76268707276967, -16.899237009242974], [145.7626291125692, -16.898892039932296], [145.7625841123634, -16.898733019946015], [145.76252618270564, -16.89837300969869], [145.76249592295528, -16.898200029673415], [145.76243793221212, -16.89788304991927], [145.76243793221212, -16.8977099895083], [145.76246891241135, -16.89733504980938], [145.76248512251067, -16.897176999782808], [145.76250096250408, -16.896860019168905], [145.7625920328092, -16.896327039934636], [145.7626521426782, -16.896184029253906], [145.7626971527655, -16.896040029136177], [145.76265287211018, -16.89578002979121], [145.7626380921288, -16.895621979321188], [145.76271408241533, -16.895247039769544], [145.76274394241537, -16.895075049649307], [145.76285195225185, -16.894152989284688], [145.76286706281323, -16.893995059507212], [145.76298802276293, -16.89360597971347], [145.76304813263184, -16.893461979346895], [145.76307011261022, -16.893340029783154], [145.76316803256944, -16.89308803945869], [145.76322815231978, -16.892944039556323], [145.7632439923132, -16.89245398917525], [145.76331995295527, -16.89230997933384], [145.7634538728996, -16.892196039226416], [145.7636929029186, -16.892153009856813], [145.7638869821391, -16.892154009520453], [145.7639910025574, -16.89211099991104], [145.76406586276332, -16.892025049427303], [145.76406586276332, -16.891953049514], [145.7640539627807, -16.891820839296475], [145.76386263240497, -16.891820839296475], [145.76360713267357, -16.891768189670888], [145.76317563231675, -16.89147483956483], [145.7628974627008, -16.89134446932957], [145.7624682629294, -16.891284459159063], [145.7621878322539, -16.89133362942178], [145.76171158232117, -16.8914351898179], [145.76113185275594, -16.89163781963831], [145.76080999267785, -16.891704019374146], [145.76050733229235, -16.891768209440695], [145.7600701725492, -16.89183882983484], [145.75949110234737, -16.89195289995109], [145.75904262293338, -16.892039809732776], [145.75860546229188, -16.892148479136964], [145.7581853525729, -16.892246269943186], [145.75777658228768, -16.892539609394728], [145.75746433238652, -16.892957889523938], [145.7569590623785, -16.893272969351344], [145.75636294215263, -16.89353913942089], [145.75600527253235, -16.89370210997521], [145.75568167241755, -16.893810759511872], [145.75529561244107, -16.893805319429543], [145.75503445242504, -16.893674969714677], [145.75462568213982, -16.893408789522137], [145.75444399248374, -16.8933055798509], [145.7542055724208, -16.893218669792724], [145.75392737226215, -16.89321322969331], [145.7535129524721, -16.89330013975398], [145.7532120429031, -16.893441389683645], [145.75306316241608, -16.893512609417265], [145.75281463271298, -16.893631509188584], [145.7525989121789, -16.893713009915345], [145.75255551277095, -16.89391352967769], [145.75263658213206, -16.894204899894156], [145.7527940828525, -16.894646699491446], [145.75305538300577, -16.894982329894802], [145.75315561253356, -16.895430969618555], [145.75324507215944, -16.896109069819474], [145.75339863286908, -16.896510579360726], [145.7537283029002, -16.897372809924008], [145.75382137285524, -16.897653639526496], [145.75402541259564, -16.898105699838368], [145.75426879225725, -16.89840363982468], [145.75455513294898, -16.898626249590993], [145.75463028241242, -16.89871529995632], [145.75469354267304, -16.89927149934913], [145.7547086128102, -16.89934329963825], [145.75470157271334, -16.899444099342087], [145.75472029270554, -16.89980275981558], [145.7545953523209, -16.90029293980165], [145.75440168273212, -16.900478249413677], [145.75423298271508, -16.900675519885148], [145.7540330330042, -16.900896699313364], [145.75388937262733, -16.90104614934888], [145.7537081824345, -16.901255359602704], [145.75357697270744, -16.901440679442633], [145.75352587294083, -16.901548239815863], [145.75332650264335, -16.90238674981546], [145.7533126021126, -16.90276813953028], [145.75344590221926, -16.903337339876103], [145.75389547218808, -16.90401468966701], [145.75384561299484, -16.904118919722627], [145.75395857254858, -16.904277489945578], [145.75400314246139, -16.90430598926991], [145.75412089273053, -16.904580029675767], [145.75431460274348, -16.904818479580964], [145.75445556278456, -16.90515047941671], [145.7545285625795, -16.90546745984679], [145.75452560263065, -16.90548368969665], [145.75461802220536, -16.90563699952446], [145.7547085023174, -16.905795839211073], [145.75486257237182, -16.90593644977337], [145.7551285823921, -16.906258469800957], [145.75534557224557, -16.906492449950704], [145.75597655249445, -16.907373439580464], [145.7565980429406, -16.90865001960973], [145.75663895221862, -16.908712309613257], [145.75668855269703, -16.90878743937141], [145.7567333022729, -16.908842549234116], [145.75726230217742, -16.90949425995564], [145.75735658216314, -16.909610429407145], [145.75774257296936, -16.91004341939473], [145.7581026824139, -16.910502329217017], [145.75817356218482, -16.910592419950316], [145.75863357237378, -16.911285399755606], [145.75872358266696, -16.91137940929043], [145.75896152213124, -16.911437409646002], [145.75908755217228, -16.91150940985507], [145.75918454237524, -16.911603409823993], [145.75934754258182, -16.911849409849964], [145.75961454254553, -16.912375399877035], [145.75978554224974, -16.91253440921534], [145.76007554267798, -16.91267938941438], [145.76049288289096, -16.912781009649326], [145.76059752224853, -16.91285337977301], [145.7606415423924, -16.912969379558884], [145.76073057262357, -16.91309238989336], [145.76108753257472, -16.91341738947157], [145.76126551218874, -16.913662389298665], [145.76127485287108, -16.913706569730547], [145.76119452282344, -16.91375800913051]]]}, "properties": {"sa2_code_2021": "306021145", "sa2_name_2021": "Cairns City", "sa3_name_2021": "Cairns - South", "sa4_name_2021": "Cairns", "mapped_location": "Cairns", "geography_type": "LGA approximation from 2021 SA2 names", "fill_color": [180, 61, 31, 90], "line_color": [127, 42, 25, 220]}}, {"type": "Feature", "geometry": {"type": "Polygon", "coordinates": [[[145.721118282192, -16.944818039752413], [145.7176249828854, -16.94452700991225], [145.71575348222981, -16.944377619300248], [145.7153519829085, -16.94914000964592], [145.7150264029068, -16.95287052965305], [145.71449142291746, -16.958771919131717], [145.7139529727362, -16.964710589760774], [145.71964339222592, -16.96524071953262], [145.71928398256895, -16.96886037964379], [145.71958667259887, -16.968888219627893], [145.71968398260205, -16.96963239938015], [145.7214583924434, -16.969457409869943], [145.72303829277126, -16.969300569158957], [145.72265420280016, -16.973187909640274], [145.7282969927152, -16.973694909453314], [145.72828630276334, -16.97380451977798], [145.73193309271102, -16.972940329878806], [145.73212340260056, -16.973176299459617], [145.7327624829583, -16.973028669759692], [145.73275489219415, -16.972746169813078], [145.7337878029556, -16.97250215939989], [145.73436943245767, -16.972400169326622], [145.73477060299558, -16.9723298094183], [145.73545767225414, -16.972209139592326], [145.73559039294744, -16.970631249424915], [145.73586498277695, -16.967298979703347], [145.73580088259152, -16.967081989646317], [145.73580913271914, -16.966849809277274], [145.7355920323728, -16.966881999764244], [145.73514330232882, -16.966836069569784], [145.73516027240288, -16.966658359753904], [145.73532657301985, -16.965047009471014], [145.73533788280923, -16.96496173927789], [145.73534507292482, -16.96486716966427], [145.73557119235656, -16.962670329674836], [145.73561481275013, -16.962660669305453], [145.7359012630363, -16.96268418912058], [145.73584114238764, -16.96262731984708], [145.73567116227127, -16.962427319207], [145.73560214291135, -16.96233531915039], [145.7355021325725, -16.962127319566093], [145.73548961275233, -16.962099379767533], [145.7352057523091, -16.961455359256707], [145.7346121527559, -16.960109339163676], [145.7345811330308, -16.959988329816273], [145.7345741225783, -16.95987233925223], [145.7345811330308, -16.959734329540304], [145.7346121527559, -16.959611339384512], [145.73465814290515, -16.95949531937325], [145.73471216219642, -16.959380329530088], [145.73515074217605, -16.95862552918019], [145.7354791428877, -16.95806032914581], [145.73556312279032, -16.95794633945734], [145.73566313223094, -16.957830319277228], [145.7358011026788, -16.95770032922819], [145.73597010273323, -16.957561329774784], [145.73620111259333, -16.957429339186884], [145.73621016222148, -16.957380979276437], [145.73622666247664, -16.957217969312666], [145.73635988263325, -16.957208979744262], [145.73659571285327, -16.95715938931778], [145.73680898278317, -16.9570380395221], [145.73704177220588, -16.956878459429188], [145.737218102513, -16.956713589587938], [145.73737115297953, -16.956528039739656], [145.73749715247789, -16.956333009458668], [145.73761307287882, -16.956072009830194], [145.73768509261177, -16.955795969255593], [145.73771100271952, -16.9555989696354], [145.73773651217863, -16.954615379359723], [145.73764059276755, -16.954613059328143], [145.7374451723623, -16.954585959638614], [145.73751007294666, -16.954383349422407], [145.7376370929312, -16.954096339462357], [145.73763804245047, -16.953678329162987], [145.73755004258695, -16.953232329556666], [145.73750605298574, -16.952843339487977], [145.73750806251704, -16.952310329654736], [145.7375303326513, -16.9519930895356], [145.73760004281564, -16.95100034960105], [145.73760884271215, -16.950919609213795], [145.737654022581, -16.950503339645103], [145.73764804249623, -16.94977734925369], [145.7376605227904, -16.949655839159657], [145.73767107260514, -16.94955334946272], [145.7376420525299, -16.94935234929649], [145.73750806251704, -16.949164349202988], [145.73736706295003, -16.94904935991318], [145.7371660622103, -16.948919359494536], [145.7371210530213, -16.948919359494536], [145.73696505248736, -16.948839339164], [145.73690504233147, -16.94878135978464], [145.73671908298277, -16.948565379500312], [145.7364820526136, -16.948211359311806], [145.73644503214246, -16.948089369575076], [145.73649705268227, -16.947974379627794], [145.73666903244842, -16.94775836920019], [145.73696797291035, -16.947485009473898], [145.7373718824116, -16.947249049728278], [145.73788704287077, -16.946905369670887], [145.73797701273975, -16.946804359919312], [145.73804483284874, -16.946775979596246], [145.73814900238742, -16.94673237922422], [145.7383430429804, -16.946589369864288], [145.73857401241634, -16.94647437985898], [145.7387570225959, -16.946422409753353], [145.73912289293642, -16.946952049755463], [145.73972482256727, -16.947748009451427], [145.74069502283706, -16.94854504935349], [145.7411881422325, -16.948951299560914], [145.7419302629466, -16.94956266936619], [145.74253389218995, -16.950060009199294], [145.7431581521421, -16.950612969517916], [145.74328897289865, -16.95034031941967], [145.74392808290077, -16.944274079217358], [145.74931640255377, -16.944998719391513], [145.74935848233662, -16.945008529330245], [145.74941199228311, -16.945025809291984], [145.74944940262318, -16.945044919592487], [145.7494845923278, -16.94507231969888], [145.74952897269606, -16.945112149784315], [145.74956609288026, -16.945144119714094], [145.7495985822491, -16.945153369372377], [145.74964311263605, -16.94515948940801], [145.74969249302725, -16.94514525916478], [145.7497316227427, -16.945126359406498], [145.74975268284624, -16.94505806968481], [145.7497633727981, -16.945023529529866], [145.74843448242189, -16.943461739890523], [145.74780489276515, -16.942721889752054], [145.74752282266422, -16.942390299883634], [145.74718100291886, -16.94199367974725], [145.74477722260966, -16.93918579988925], [145.74465677290303, -16.93906689964788], [145.74454738235596, -16.938927619162367], [145.7444102823756, -16.938772639230635], [145.74325787232516, -16.937398369744336], [145.74311289232315, -16.937224379722434], [145.74292660239453, -16.93730290972587], [145.74259386281997, -16.937442119228894], [145.74208388294497, -16.937657869091705], [145.74102520221302, -16.938097929743826], [145.7409529327484, -16.938127379543797], [145.7409378922556, -16.938230389356534], [145.7406979423617, -16.938388379161534], [145.74057194286334, -16.93840237961151], [145.7400949626003, -16.93837938955218], [145.73989293239123, -16.93841538923568], [145.739707002687, -16.938512009664162], [145.73948994276486, -16.938709389830613], [145.73929496253413, -16.93895338912781], [145.73903997214748, -16.939370399235454], [145.73858098244457, -16.94021900993463], [145.73849199263765, -16.940360019307608], [145.73835099217234, -16.94054937993747], [145.73821696263366, -16.940685389454075], [145.7379699726429, -16.940901379648043], [145.7378429921842, -16.94097337976161], [145.73764198246127, -16.941008389856268], [145.7362476129857, -16.941065719398534], [145.73615800244283, -16.941069399921222], [145.73600802241796, -16.941234399491975], [145.73591801302314, -16.941400399179717], [145.73573901292295, -16.941543409907567], [145.73550702300088, -16.941586399639316], [145.73503004273783, -16.941563399657138], [145.73485108216357, -16.94162740946419], [145.73460405264694, -16.941785399853444], [145.73446334233742, -16.94183029981912], [145.73431303263084, -16.941878399915883], [145.7330751029654, -16.942105419935444], [145.73267210255923, -16.942133429733648], [145.73225407244007, -16.94220442911815], [145.73202310300408, -16.942283419360738], [145.731530052779, -16.94253241959693], [145.73143694239977, -16.94256380992022], [145.731396102292, -16.942439419857877], [145.73135785292553, -16.942304239141738], [145.73124999220937, -16.942326009336227], [145.73106800251594, -16.94249400943161], [145.73098602226315, -16.942730009516723], [145.73087700272026, -16.942830009172194], [145.73046301232492, -16.94295101925386], [145.73008097230934, -16.942620009834332], [145.72950299266225, -16.942757999457452], [145.72916898286996, -16.942997009423497], [145.72898601221627, -16.942944999687306], [145.7289160029129, -16.94290599925032], [145.72876299287057, -16.94273300942123], [145.72867397252082, -16.942731049300328], [145.72861801286854, -16.943342009668616], [145.72849402290146, -16.94341500909886], [145.7283909825451, -16.943428019235657], [145.72820100233722, -16.94315700947887], [145.72789498225254, -16.943195009611664], [145.7273900122819, -16.94332100954476], [145.72695401226377, -16.943537999540418], [145.72661799294016, -16.94370399977295], [145.7264910124815, -16.943768009710833], [145.72635129301383, -16.94413388913169], [145.72630391227244, -16.94409714980964], [145.72613597223008, -16.94428700937814], [145.72576798276384, -16.94443800956372], [145.7252159922763, -16.944290009257823], [145.72496900228555, -16.944392019746477], [145.72481099222028, -16.94450201925176], [145.72455998226866, -16.944878009669168], [145.7243670025861, -16.944994009486464], [145.72397700259873, -16.945102009874258], [145.7237849724354, -16.945001019777507], [145.7230020125119, -16.944974009789735], [145.72254299226628, -16.944928019244273], [145.72239600273295, -16.944914009827563], [145.72193001245915, -16.944953009848124], [145.72153099248803, -16.944930019730105], [145.72120399224988, -16.944955009474402], [145.721118282192, -16.944818039752413]]]}, "properties": {"sa2_code_2021": "306021146", "sa2_name_2021": "Earlville - Bayview Heights", "sa3_name_2021": "Cairns - South", "sa4_name_2021": "Cairns", "mapped_location": "Cairns", "geography_type": "LGA approximation from 2021 SA2 names", "fill_color": [180, 61, 31, 90], "line_color": [127, 42, 25, 220]}}, {"type": "Feature", "geometry": {"type": "Polygon", "coordinates": [[[145.7114551325285, -17.020994039152942], [145.71055697265294, -17.02091500902905], [145.70835201287227, -17.02069200983215], [145.70422499255693, -17.020275999869565], [145.70420586293292, -17.020456359469335], [145.70251099262177, -17.0202875994025], [145.70229867221116, -17.02227691983701], [145.69964059231972, -17.022014349878404], [145.69954602217817, -17.022942909766154], [145.6993677128825, -17.02457160976394], [145.7020257927739, -17.024834199326076], [145.70085797302303, -17.032989019851442], [145.712400592297, -17.034332209669177], [145.71822686221063, -17.034955289707803], [145.72785359237582, -17.0358612890909], [145.72832320286025, -17.035897439271555], [145.72901250263564, -17.035978169696836], [145.73492868223107, -17.036568379481203], [145.73532259258485, -17.037458249659593], [145.735879283058, -17.038117879581513], [145.73653990232128, -17.037917099742454], [145.73634860248825, -17.03750541910424], [145.73674470293466, -17.037446799779467], [145.73696914251687, -17.037358489409907], [145.7371070024719, -17.03782800972327], [145.73717602273018, -17.038451969637375], [145.7378240125789, -17.03856999953129], [145.73819901249763, -17.038659009320526], [145.73892298275143, -17.038222019753725], [145.73951899248453, -17.038198009544317], [145.74012701269302, -17.038577019207896], [145.74038298224335, -17.038648019876742], [145.7409869923724, -17.038242019813474], [145.74154000244778, -17.03771400927338], [145.7417409726448, -17.03705200909928], [145.7419959926759, -17.037070999225932], [145.74257401274718, -17.0366580094866], [145.74300000283804, -17.037371019781176], [145.7450038127586, -17.037571259105473], [145.74616199268806, -17.03442797934208], [145.746507982413, -17.03437001955083], [145.74715899239771, -17.0342190093063], [145.74738200276028, -17.034233009476313], [145.7475269827623, -17.034184009735664], [145.7481949026339, -17.03340503933897], [145.7485441325821, -17.033038019046256], [145.7488688322348, -17.03272203980666], [145.7491838327774, -17.03248200953182], [145.749656902674, -17.032193019055637], [145.75040388237548, -17.032046049112694], [145.75047297270225, -17.0319580093281], [145.75054896298877, -17.03192796957825], [145.7524231325391, -17.033490999881412], [145.75257858240576, -17.0333923498036], [145.75284489246332, -17.03325752923482], [145.75371804234305, -17.032686039321966], [145.7543498526352, -17.032535029435493], [145.75742713225227, -17.03211201987352], [145.75822703260545, -17.031854989130814], [145.75835018264775, -17.031412929783883], [145.75822948231126, -17.031093619481805], [145.75830061271202, -17.030335469416446], [145.7584772026323, -17.030008849536998], [145.7582860923438, -17.02986904905232], [145.75830697278425, -17.029738989551618], [145.75834295300635, -17.029594009533085], [145.75836602264113, -17.029546039290228], [145.75843906286028, -17.029461969153143], [145.75858813289176, -17.029339019580274], [145.75866514276612, -17.029212039831013], [145.7586990128456, -17.02908900935449], [145.75871087240395, -17.028912969047756], [145.75875588249127, -17.02882899912107], [145.75881490270376, -17.028784979765263], [145.75888403255647, -17.028764999308457], [145.75905613269694, -17.02874196964336], [145.75912705289198, -17.02872801973929], [145.75921089265742, -17.028658999436416], [145.75924907285366, -17.02857996911406], [145.75926312250465, -17.028503019092685], [145.7592620229668, -17.02829998969174], [145.75925016251006, -17.02813895937525], [145.75926816295177, -17.027967969570554], [145.75933404269972, -17.027799049644496], [145.7593718222473, -17.02763703970933], [145.75941215301035, -17.02744596921149], [145.75947694220358, -17.027349029526256], [145.7595680026273, -17.027308999588783], [145.75965298235482, -17.027310979440603], [145.75972499220632, -17.02734101907299], [145.7598210921788, -17.02740302921466], [145.7599341730051, -17.027434979108826], [145.76006013297757, -17.027439029857174], [145.76018617290012, -17.027367029424106], [145.7602318728936, -17.02725103930941], [145.76023690256088, -17.027138979626237], [145.76023008255126, -17.02695501978018], [145.76024482300676, -17.026794009779497], [145.76028698273967, -17.026629049370566], [145.7602880427517, -17.026576029510785], [145.76025384299047, -17.0265220295837], [145.7602098929152, -17.026498989335202], [145.76014189224486, -17.026491959756893], [145.7600720329601, -17.026493059202192], [145.7600219923073, -17.026475049771864], [145.7599791426682, -17.026412039514124], [145.75997699299973, -17.02631402905086], [145.76002093229522, -17.025802029066632], [145.7600450628404, -17.025651009328186], [145.7601271122635, -17.025482969448035], [145.7602419430079, -17.025361019651182], [145.76029596229924, -17.025337989567102], [145.7604511229084, -17.025314049855226], [145.76065884304646, -17.02533700950862], [145.76084317285114, -17.02537398974804], [145.76094898271353, -17.025377039868022], [145.76099687279967, -17.025333029148413], [145.7611430224082, -17.024595049661702], [145.7611588624016, -17.024276979215408], [145.76101994243444, -17.023941019666662], [145.76093208270814, -17.023644019128113], [145.76093314272012, -17.023424049284067], [145.76066782260608, -17.02313496922718], [145.7606098624056, -17.023012019791345], [145.76063004216013, -17.022772979462847], [145.7607081524707, -17.02252899980998], [145.76092705304086, -17.02224900961526], [145.7613428526431, -17.02194697974283], [145.76182414302292, -17.021716019183376], [145.76192386230767, -17.021511999762662], [145.76199011216156, -17.021168019378734], [145.76155090246294, -17.02111698905557], [145.76145082295378, -17.02103797959877], [145.76147498224503, -17.02091197945152], [145.76169599295775, -17.020341009298413], [145.76180903246149, -17.020055979682375], [145.76186699266194, -17.01979397954254], [145.76184287289655, -17.019650979481966], [145.76173198216298, -17.019471969413047], [145.76158401256768, -17.01939896950446], [145.76151707280764, -17.019225999506826], [145.76151816246406, -17.01909504958142], [145.7616121127681, -17.01889299951384], [145.76167511251728, -17.018774019201388], [145.7616948925215, -17.018577999671713], [145.7618270230217, -17.018262999299488], [145.76197715216693, -17.01801999987731], [145.76197211261817, -17.01787105946547], [145.76194189239376, -17.017710029623498], [145.76186915221191, -17.017578019512104], [145.76177593223824, -17.017494049653013], [145.7616160923048, -17.01738603938821], [145.76152393234315, -17.017272009301568], [145.76150590225706, -17.017117029632423], [145.76153291280107, -17.01686097986909], [145.76167008285, -17.016677009060942], [145.76188210232507, -17.016512049183305], [145.76208698288855, -17.016346009412153], [145.7622180129525, -17.01629398907866], [145.7624230022121, -17.01629200911026], [145.76257900274604, -17.016031009579184], [145.76213998259198, -17.01534001984229], [145.7620351123674, -17.015077979601283], [145.76210713299864, -17.014802059347996], [145.76224896260896, -17.014507039757575], [145.76228784259283, -17.014212019702263], [145.7622680221644, -17.013951019848616], [145.76213987299752, -17.013699989189533], [145.76210099301366, -17.013323979446174], [145.7621341022201, -17.01299402958504], [145.76225616260595, -17.012673999792245], [145.76248187240594, -17.01239499989484], [145.7626809426662, -17.01223597971462], [145.7630881022721, -17.011991979456504], [145.76325085274703, -17.011881999746798], [145.76350497266623, -17.011736009444434], [145.7638210925096, -17.011547019558115], [145.76458285219246, -17.010875979321472], [145.76486342300512, -17.01064519924102], [145.7652909528084, -17.01035200967708], [145.76576600259193, -17.010213019165413], [145.76605898273195, -17.010147009760505], [145.76644001304112, -17.01005100947099], [145.76682398263802, -17.01011599925682], [145.76717198279255, -17.010096009075937], [145.76727100228965, -17.00983800918981], [145.76695699258883, -17.009656999391943], [145.76623002286036, -17.009550019724745], [145.76584600295783, -17.009413999109135], [145.76560200256037, -17.009149009286944], [145.7655449927775, -17.008640019618795], [145.76562602261274, -17.007589019380056], [145.7652650022765, -17.006755019509296], [145.7651409727835, -17.006472999882227], [145.76513100238222, -17.00590601973284], [145.7654260028333, -17.005515019594046], [145.7661760026707, -17.004992999578445], [145.76652498288726, -17.0048390096713], [145.7668869823872, -17.00480600960859], [145.7672580126507, -17.004816009706325], [145.76751299225756, -17.004919999179606], [145.76789584255351, -17.004971169645376], [145.76833771216369, -17.00500687909185], [145.76855901303222, -17.00527800917112], [145.7688060129045, -17.005329019757912], [145.76914699272507, -17.005225009894676], [145.76935698290592, -17.0050790092494], [145.76962500245745, -17.004940019120237], [145.76983399281332, -17.00472500974249], [145.7698849829855, -17.00452800908415], [145.76998999244893, -17.004079009408482], [145.77005402256577, -17.003967009733053], [145.77006639236723, -17.003841079708245], [145.77012727299063, -17.00318697979394], [145.77002131221133, -17.003176379134306], [145.76980049283975, -17.0021919394772], [145.76949619302883, -17.00195059951256], [145.76783306289158, -17.001838479156262], [145.76608187270372, -17.000668199819195], [145.76652122253947, -17.000081659285296], [145.76694900297272, -16.997992969592524], [145.76848579225174, -16.99731483982539], [145.76858602267788, -16.996616019273006], [145.76889697271685, -16.995585009471394], [145.76960098240505, -16.995454019822958], [145.7704649721638, -16.99555600939033], [145.771875372974, -16.995279949561898], [145.77316214224487, -16.995964239433803], [145.77490691217338, -16.996199049504057], [145.77528377250314, -16.995598059807083], [145.7753601724214, -16.992853029567538], [145.7715500121612, -16.987685009202952], [145.7694618827749, -16.98746484936416], [145.7680649926266, -16.987229029197298], [145.76748588289888, -16.987298049303625], [145.76693005301183, -16.98780797924802], [145.76633313238693, -16.988045039253315], [145.76584392245962, -16.98850196917543], [145.765132902319, -16.989396039477633], [145.76479991301287, -16.989996979467293], [145.7643668424009, -16.99033402911025], [145.76372999256003, -16.990608979383126], [145.76336097272616, -16.990704009393053], [145.7629920022996, -16.99073199991637], [145.76272306287325, -16.990505999151964], [145.76222988239235, -16.989886999734853], [145.76198186293226, -16.98929199929492], [145.761937912857, -16.988756049084778], [145.7615318123648, -16.988615029648667], [145.76096015236578, -16.988975019253555], [145.7604709029126, -16.989606019163816], [145.7600321028458, -16.989908049635233], [145.75971386297826, -16.990016049109226], [145.75933802223645, -16.9898349694776], [145.75816297284422, -16.988823999890837], [145.75780797301698, -16.98849297938678], [145.75720105234643, -16.987588039488333], [145.75686799297168, -16.987478019682786], [145.75568200299762, -16.987941019799106], [145.75523699287723, -16.988852009595302], [145.75531101226, -16.98914101970669], [145.75558202230306, -16.989359999735314], [145.75613901281358, -16.988884019330943], [145.75666698235045, -16.988598009713684], [145.75728497296026, -16.98878300982048], [145.75758700272843, -16.98906499936454], [145.75771118224006, -16.989301009663997], [145.7575988326424, -16.989407009475503], [145.75685901251376, -16.989314009749464], [145.75663198219033, -16.989556009457797], [145.7566580126723, -16.989873009135753], [145.75695698277863, -16.990136999580237], [145.75726602299935, -16.990310019632144], [145.75717999224287, -16.990518009463052], [145.75669899291728, -16.990821999802822], [145.75670399294012, -16.991401019517046], [145.75656000288157, -16.991922009529315], [145.75468500238964, -16.991430999617616], [145.75457900298272, -16.99191801986793], [145.7548399824374, -16.99213699923092], [145.75499802214702, -16.992364019497227], [145.75471402246484, -16.99268800919346], [145.75385999232765, -16.992727999280987], [145.75287697220043, -16.993294009864297], [145.7526669927994, -16.993790009655985], [145.75259198257484, -16.993862019562513], [145.75247901224134, -16.99385200943028], [145.7522839924847, -16.99350701950167], [145.7520209729561, -16.99349700935051], [145.75181402267418, -16.99366000928668], [145.75166298263727, -16.993724009070043], [145.75158301281405, -16.99376901946875], [145.75135499254716, -16.993965009118615], [145.75102700236553, -16.994219009461897], [145.7509979921718, -16.994365009117907], [145.75105500285298, -16.994502009709624], [145.75116202274597, -16.994628009582314], [145.75118698243622, -16.99470200967262], [145.75115099233264, -16.99477400977888], [145.7509979921718, -16.994874999739334], [145.75068398247092, -16.994940009393478], [145.75043001257046, -16.99499700976545], [145.7502449928596, -16.995216009586585], [145.74997697240974, -16.995295009318028], [145.7498749929637, -16.995530009224964], [145.7498749929637, -16.99577200950123], [145.7497580125508, -16.99606600965787], [145.74971698289852, -16.996229019387478], [145.74966599272634, -16.996672019168077], [145.74957299283992, -16.996918009243174], [145.74941002227774, -16.997059019857144], [145.74925299227448, -16.997168999677797], [145.74915901232612, -16.997269009860762], [145.74917901241758, -16.9974290195135], [145.74914700274905, -16.997522019509606], [145.7489620225641, -16.99767201987725], [145.74861600229644, -16.997905009151076], [145.7484990129003, -16.997980009626165], [145.74827501259435, -16.997940009491074], [145.74808397237442, -16.998032009273597], [145.74785198245235, -16.998025019862055], [145.7475620224483, -16.99797001947251], [145.74735215264175, -16.99831701914509], [145.74721104258194, -16.99839900971226], [145.74713902284898, -16.998405039528137], [145.74705405300284, -16.99840899984304], [145.74698317233367, -16.998397029554702], [145.74690218292264, -16.998318999303503], [145.74677903288034, -16.998149979608115], [145.7466638329283, -16.99794198965347], [145.74657995273867, -16.997898979319142], [145.74647483278244, -16.99785999974545], [145.74639490248504, -16.997838039261364], [145.74608892282455, -16.997679009301947], [145.74597982243336, -16.9976320394351], [145.74582287238013, -16.997621049300676], [145.74566986233776, -16.99767199925947], [145.7455269727154, -16.997741999160855], [145.74540995277664, -16.99777601932856], [145.74530808292505, -16.997783049125854], [145.74517883242368, -16.997723019648426], [145.74509784301262, -16.997619979753445], [145.7449549021863, -16.997640049441205], [145.74481306269453, -16.99782696924524], [145.74472488226957, -16.99798897920128], [145.74459888277121, -16.998120989373675], [145.74443003273547, -16.998103989201223], [145.74429611279123, -16.998071039496782], [145.74417194226277, -16.99805196981508], [145.74413088296603, -16.998054039319797], [145.74387260294884, -16.99740157979811], [145.74348800273467, -16.997170689480583], [145.74331583252564, -16.997059979445755], [145.74305409219792, -16.997135049844157], [145.74351490278588, -16.998779979609143], [145.74354801289064, -17.000463959883536], [145.744306112837, -17.004644999457646], [145.74439693251222, -17.005292019237313], [145.74436378288158, -17.00664908964073], [145.74425669291995, -17.01142504951486], [145.74421402294394, -17.013522969748966], [145.74421114294512, -17.013627009364253], [145.7441486525407, -17.013625939049387], [145.74404590234025, -17.013616039066125], [145.74337810284283, -17.013537009263494], [145.74305570287726, -17.013431389894276], [145.74250115219107, -17.013248019594943], [145.741475872618, -17.01331300913031], [145.74089015218811, -17.012637999745717], [145.7405289827315, -17.01256601938901], [145.74005890242816, -17.01284598970643], [145.73958696261218, -17.013143969461037], [145.73930185261239, -17.013151979662954], [145.73907610238822, -17.012959029480413], [145.73860091246752, -17.012709999831863], [145.7380080028204, -17.012724009342172], [145.73737100296088, -17.012957009103584], [145.73695103248073, -17.013320019446557], [145.73675017277648, -17.01333901971297], [145.73650208234952, -17.013227059075543], [145.7363329825821, -17.013006019556798], [145.73613489238383, -17.012858059575084], [145.7359719927886, -17.01301300926843], [145.73592046272896, -17.013353619310546], [145.73590301295454, -17.01346901931397], [145.7358458522547, -17.01369504907843], [145.73562696246435, -17.01396505933105], [145.73537891246153, -17.01394002981249], [145.73520794240176, -17.013740039217744], [145.73516797276153, -17.01353404914568], [145.735161842658, -17.013341979833864], [145.7351809327561, -17.013050009122782], [145.73510205258933, -17.013023019236023], [145.7349188223225, -17.01310500938027], [145.73441699286207, -17.013420009840925], [145.7341808329604, -17.0135980395638], [145.73400012246796, -17.013801959375748], [145.73383704231128, -17.01402399954759], [145.73352890220252, -17.014177989634206], [145.73338812272277, -17.01392500935098], [145.7333521326192, -17.01382500977726], [145.73319405248537, -17.013815019609552], [145.7330399923125, -17.013944989674123], [145.73270411222776, -17.014114979531524], [145.73204386217202, -17.014136059352296], [145.73171599236466, -17.013983999402083], [145.731544982779, -17.0137609996797], [145.73137599260605, -17.013485999194152], [145.73132098247297, -17.013426039173336], [145.73115900275258, -17.013426039173336], [145.73077388241384, -17.01347084984596], [145.73072990269415, -17.01347334954005], [145.7306758429787, -17.0134669791856], [145.7303270127808, -17.01328401952421], [145.72987299255814, -17.012865009778057], [145.7297960123282, -17.013425039295463], [145.7295270127146, -17.013446999670457], [145.72872791276038, -17.013215979660675], [145.72813282290213, -17.013503979809226], [145.7277919823204, -17.013602019314547], [145.72750786226402, -17.0136970290743], [145.7273300425501, -17.013787029098143], [145.72716984239227, -17.013933019519484], [145.72698697234986, -17.014222989106464], [145.72686313240143, -17.014501979408212], [145.7267518823417, -17.014706999468245], [145.72659489276265, -17.014835979351265], [145.7263529728634, -17.014781979472854], [145.7261489025803, -17.01466300943256], [145.72599085298918, -17.014544019559764], [145.725923872805, -17.014422969736444], [145.72583313218152, -17.014310029630956], [145.7255750129627, -17.014159009209898], [145.72413683265071, -17.01363303954899], [145.72400299265655, -17.013594999559864], [145.72380706290653, -17.01322002985778], [145.72370500261218, -17.0131420092164], [145.7235419925241, -17.01303100968606], [145.72336898239024, -17.013002999300355], [145.7233020129858, -17.013014009148556], [145.72324401236122, -17.013095999296716], [145.7231968930296, -17.0135090195695], [145.72308202275931, -17.01378395989127], [145.7229319322416, -17.013979009476508], [145.72281097229197, -17.014055039469106], [145.72252401266095, -17.01402804972722], [145.72223387299388, -17.01396505933105], [145.72197290252237, -17.01388900954494], [145.72170108219888, -17.013832029523332], [145.7213990425492, -17.01381402918275], [145.72062896267016, -17.013543039451115], [145.72044245265428, -17.013721279512072], [145.72038204274807, -17.013779999042395], [145.7203460526445, -17.01400501910767], [145.72013902241255, -17.01422496909675], [145.72008898265798, -17.014575969072173], [145.7204479323775, -17.014789989604694], [145.72039788274148, -17.01499600921886], [145.7201851230546, -17.015205969668255], [145.71974231290838, -17.015338499424967], [145.7189989129933, -17.015561019669075], [145.718210152648, -17.015828049110425], [145.71805104304482, -17.01594999910588], [145.71768093265624, -17.016893019179587], [145.7173468824397, -17.017019999557235], [145.7164688026057, -17.01662698940003], [145.71641416257856, -17.016627249673064], [145.71591298260006, -17.016625009435153], [145.7154428322281, -17.01680400934179], [145.71515473263503, -17.016938099602914], [145.71511414225893, -17.01695700930867], [145.71422208284244, -17.01767402968629], [145.71404495303472, -17.017876999320492], [145.7138821226097, -17.018283159545366], [145.7137198823778, -17.0186879797431], [145.71335499299758, -17.018783009255205], [145.71302999240928, -17.018812999576884], [145.71269598261696, -17.018654009758087], [145.7124828923501, -17.018740979504333], [145.7122399124388, -17.018906059392492], [145.71208187272916, -17.01960696913369], [145.71188316269343, -17.020333999245096], [145.7114551325285, -17.020994039152942]]]}, "properties": {"sa2_code_2021": "306021147", "sa2_name_2021": "Edmonton", "sa3_name_2021": "Cairns - South", "sa4_name_2021": "Cairns", "mapped_location": "Cairns", "geography_type": "LGA approximation from 2021 SA2 names", "fill_color": [180, 61, 31, 90], "line_color": [127, 42, 25, 220]}}, {"type": "Feature", "geometry": {"type": "MultiPolygon", "coordinates": [[[[145.7753601724214, -16.992853029567538], [145.77528377250314, -16.995598059807083], [145.77490691217338, -16.996199049504057], [145.77316214224487, -16.995964239433803], [145.771875372974, -16.995279949561898], [145.7704649721638, -16.99555600939033], [145.76960098240505, -16.995454019822958], [145.76889697271685, -16.995585009471394], [145.76858602267788, -16.996616019273006], [145.76848579225174, -16.99731483982539], [145.76694900297272, -16.997992969592524], [145.76652122253947, -17.000081659285296], [145.76608187270372, -17.000668199819195], [145.76783306289158, -17.001838479156262], [145.76949619302883, -17.00195059951256], [145.76980049283975, -17.0021919394772], [145.77002131221133, -17.003176379134306], [145.77012727299063, -17.00318697979394], [145.77006639236723, -17.003841079708245], [145.77005402256577, -17.003967009733053], [145.76998999244893, -17.004079009408482], [145.7698849829855, -17.00452800908415], [145.76983399281332, -17.00472500974249], [145.76962500245745, -17.004940019120237], [145.76935698290592, -17.0050790092494], [145.76914699272507, -17.005225009894676], [145.7688060129045, -17.005329019757912], [145.76855901303222, -17.00527800917112], [145.76833771216369, -17.00500687909185], [145.76789584255351, -17.004971169645376], [145.76751299225756, -17.004919999179606], [145.7672580126507, -17.004816009706325], [145.7668869823872, -17.00480600960859], [145.76652498288726, -17.0048390096713], [145.7661760026707, -17.004992999578445], [145.7654260028333, -17.005515019594046], [145.76513100238222, -17.00590601973284], [145.7651409727835, -17.006472999882227], [145.7652650022765, -17.006755019509296], [145.76562602261274, -17.007589019380056], [145.7655449927775, -17.008640019618795], [145.76560200256037, -17.009149009286944], [145.76584600295783, -17.009413999109135], [145.76623002286036, -17.009550019724745], [145.76695699258883, -17.009656999391943], [145.76727100228965, -17.00983800918981], [145.76717198279255, -17.010096009075937], [145.76682398263802, -17.01011599925682], [145.76644001304112, -17.01005100947099], [145.76605898273195, -17.010147009760505], [145.76576600259193, -17.010213019165413], [145.7652909528084, -17.01035200967708], [145.76486342300512, -17.01064519924102], [145.76458285219246, -17.010875979321472], [145.7638210925096, -17.011547019558115], [145.76350497266623, -17.011736009444434], [145.76325085274703, -17.011881999746798], [145.7630881022721, -17.011991979456504], [145.7626809426662, -17.01223597971462], [145.76248187240594, -17.01239499989484], [145.76225616260595, -17.012673999792245], [145.7621341022201, -17.01299402958504], [145.76210099301366, -17.013323979446174], [145.76213987299752, -17.013699989189533], [145.7622680221644, -17.013951019848616], [145.76228784259283, -17.014212019702263], [145.76224896260896, -17.014507039757575], [145.76210713299864, -17.014802059347996], [145.7620351123674, -17.015077979601283], [145.76213998259198, -17.01534001984229], [145.76257900274604, -17.016031009579184], [145.7624230022121, -17.01629200911026], [145.7622180129525, -17.01629398907866], [145.76208698288855, -17.016346009412153], [145.76188210232507, -17.016512049183305], [145.76167008285, -17.016677009060942], [145.76153291280107, -17.01686097986909], [145.76150590225706, -17.017117029632423], [145.76152393234315, -17.017272009301568], [145.7616160923048, -17.01738603938821], [145.76177593223824, -17.017494049653013], [145.76186915221191, -17.017578019512104], [145.76194189239376, -17.017710029623498], [145.76197211261817, -17.01787105946547], [145.76197715216693, -17.01801999987731], [145.7618270230217, -17.018262999299488], [145.7616948925215, -17.018577999671713], [145.76167511251728, -17.018774019201388], [145.7616121127681, -17.01889299951384], [145.76151816246406, -17.01909504958142], [145.76151707280764, -17.019225999506826], [145.76158401256768, -17.01939896950446], [145.76173198216298, -17.019471969413047], [145.76184287289655, -17.019650979481966], [145.76186699266194, -17.01979397954254], [145.76180903246149, -17.020055979682375], [145.76169599295775, -17.020341009298413], [145.76147498224503, -17.02091197945152], [145.76145082295378, -17.02103797959877], [145.76155090246294, -17.02111698905557], [145.76199011216156, -17.021168019378734], [145.76192386230767, -17.021511999762662], [145.76182414302292, -17.021716019183376], [145.7613428526431, -17.02194697974283], [145.76092705304086, -17.02224900961526], [145.7607081524707, -17.02252899980998], [145.76063004216013, -17.022772979462847], [145.7606098624056, -17.023012019791345], [145.76066782260608, -17.02313496922718], [145.76093314272012, -17.023424049284067], [145.76093208270814, -17.023644019128113], [145.76101994243444, -17.023941019666662], [145.7611588624016, -17.024276979215408], [145.7611430224082, -17.024595049661702], [145.76099687279967, -17.025333029148413], [145.76094898271353, -17.025377039868022], [145.76084317285114, -17.02537398974804], [145.76065884304646, -17.02533700950862], [145.7604511229084, -17.025314049855226], [145.76029596229924, -17.025337989567102], [145.7602419430079, -17.025361019651182], [145.7601271122635, -17.025482969448035], [145.7600450628404, -17.025651009328186], [145.76002093229522, -17.025802029066632], [145.75997699299973, -17.02631402905086], [145.7599791426682, -17.026412039514124], [145.7600219923073, -17.026475049771864], [145.7600720329601, -17.026493059202192], [145.76014189224486, -17.026491959756893], [145.7602098929152, -17.026498989335202], [145.76025384299047, -17.0265220295837], [145.7602880427517, -17.026576029510785], [145.76028698273967, -17.026629049370566], [145.76024482300676, -17.026794009779497], [145.76023008255126, -17.02695501978018], [145.76023690256088, -17.027138979626237], [145.7602318728936, -17.02725103930941], [145.76018617290012, -17.027367029424106], [145.76006013297757, -17.027439029857174], [145.7599341730051, -17.027434979108826], [145.7598210921788, -17.02740302921466], [145.75972499220632, -17.02734101907299], [145.75965298235482, -17.027310979440603], [145.7595680026273, -17.027308999588783], [145.75947694220358, -17.027349029526256], [145.75941215301035, -17.02744596921149], [145.7593718222473, -17.02763703970933], [145.75933404269972, -17.027799049644496], [145.75926816295177, -17.027967969570554], [145.75925016251006, -17.02813895937525], [145.7592620229668, -17.02829998969174], [145.75926312250465, -17.028503019092685], [145.75924907285366, -17.02857996911406], [145.75921089265742, -17.028658999436416], [145.75912705289198, -17.02872801973929], [145.75905613269694, -17.02874196964336], [145.75888403255647, -17.028764999308457], [145.75881490270376, -17.028784979765263], [145.75875588249127, -17.02882899912107], [145.75871087240395, -17.028912969047756], [145.7586990128456, -17.02908900935449], [145.75866514276612, -17.029212039831013], [145.75858813289176, -17.029339019580274], [145.75843906286028, -17.029461969153143], [145.75836602264113, -17.029546039290228], [145.75834295300635, -17.029594009533085], [145.75830697278425, -17.029738989551618], [145.7582860923438, -17.02986904905232], [145.7584772026323, -17.030008849536998], [145.75830061271202, -17.030335469416446], [145.75822948231126, -17.031093619481805], [145.75835018264775, -17.031412929783883], [145.75822703260545, -17.031854989130814], [145.75742713225227, -17.03211201987352], [145.7543498526352, -17.032535029435493], [145.75371804234305, -17.032686039321966], [145.75284489246332, -17.03325752923482], [145.75257858240576, -17.0333923498036], [145.7524231325391, -17.033490999881412], [145.75054896298877, -17.03192796957825], [145.75047297270225, -17.0319580093281], [145.75040388237548, -17.032046049112694], [145.749656902674, -17.032193019055637], [145.7491838327774, -17.03248200953182], [145.7488688322348, -17.03272203980666], [145.7485441325821, -17.033038019046256], [145.7481949026339, -17.03340503933897], [145.7475269827623, -17.034184009735664], [145.74738200276028, -17.034233009476313], [145.74715899239771, -17.0342190093063], [145.746507982413, -17.03437001955083], [145.74616199268806, -17.03442797934208], [145.7450038127586, -17.037571259105473], [145.74300000283804, -17.037371019781176], [145.74257401274718, -17.0366580094866], [145.7419959926759, -17.037070999225932], [145.7417409726448, -17.03705200909928], [145.74154000244778, -17.03771400927338], [145.7409869923724, -17.038242019813474], [145.74038298224335, -17.038648019876742], [145.74012701269302, -17.038577019207896], [145.73951899248453, -17.038198009544317], [145.73892298275143, -17.038222019753725], [145.73819901249763, -17.038659009320526], [145.7378240125789, -17.03856999953129], [145.73717602273018, -17.038451969637375], [145.7371070024719, -17.03782800972327], [145.73696914251687, -17.037358489409907], [145.73674470293466, -17.037446799779467], [145.73634860248825, -17.03750541910424], [145.73653990232128, -17.037917099742454], [145.735879283058, -17.038117879581513], [145.73532259258485, -17.037458249659593], [145.73492868223107, -17.036568379481203], [145.72901250263564, -17.035978169696836], [145.72883146246147, -17.03769716987308], [145.72821359222596, -17.043488099188163], [145.72812858285397, -17.04429487954226], [145.72624840267608, -17.044111229444812], [145.72612550236545, -17.04528705932031], [145.723869222731, -17.045066679492866], [145.72340497249382, -17.049466149305843], [145.7275391829247, -17.049869949559664], [145.7272517130506, -17.05259431941112], [145.72580452263637, -17.065329569808174], [145.7144868927135, -17.064213089354325], [145.71215560285447, -17.08607259968909], [145.72907171239268, -17.08774116980613], [145.7333480830139, -17.088166889497806], [145.7331564229565, -17.089975079680727], [145.7403266623666, -17.090680379201032], [145.74054300273812, -17.088655679068964], [145.74127742219534, -17.088728219151733], [145.7413960025078, -17.088496269559784], [145.7420477122801, -17.08880439904516], [145.74223518259504, -17.088822919375467], [145.74242826288892, -17.087014679374512], [145.74130027264115, -17.086903179333667], [145.74149350295374, -17.085094619314855], [145.74111641265537, -17.085057429361196], [145.74107780306446, -17.085418789240297], [145.74089081244983, -17.085400369036257], [145.74109758306867, -17.083464769138654], [145.74446708285103, -17.083802169835057], [145.74440028232985, -17.084434219397288], [145.75126630277745, -17.085157309241403], [145.75094079284435, -17.08801461931784], [145.75706640297014, -17.088659729348116], [145.7569228126619, -17.089897479200033], [145.76029548259885, -17.090251119032988], [145.76034826221508, -17.09035064923625], [145.76027180300795, -17.090466589856426], [145.76015609281285, -17.09147139953243], [145.75997009304004, -17.09296149943124], [145.75967601246376, -17.095550369190587], [145.76427369249586, -17.09602735910336], [145.76414310260637, -17.09720989907365], [145.7637374027628, -17.1008948198353], [145.76271909231968, -17.110151999298555], [145.7600376526376, -17.11124545899767], [145.7606276724044, -17.1118154393803], [145.7607376522463, -17.114525439820937], [145.76122036286253, -17.1156437995643], [145.75690449241995, -17.115224249429378], [145.75587388224398, -17.12536041960721], [145.75446381291218, -17.12522246936443], [145.75366081247296, -17.1323740290998], [145.74293499265923, -17.131153009784665], [145.74159402263743, -17.141853009075334], [145.7376980130805, -17.138481009773056], [145.73843801287222, -17.13147600926876], [145.72975499255733, -17.130626999002466], [145.72069802245431, -17.129734009070006], [145.72018202296857, -17.129681999741592], [145.71547998295497, -17.129194009816754], [145.71629298254166, -17.121533009715613], [145.70823999295632, -17.12075900910042], [145.70850202254155, -17.118349019818535], [145.70852097250253, -17.118168009618618], [145.7097190124778, -17.10712001954306], [145.70446801289245, -17.1066020191136], [145.69877200228828, -17.106038999552347], [145.6980479826272, -17.11302700946108], [145.68656198236894, -17.11184400931267], [145.68639401268214, -17.1105510096435], [145.68593002295648, -17.109997999068515], [145.6843439925251, -17.109256009130675], [145.6823549922304, -17.10924301910544], [145.68180202257912, -17.10912100898293], [145.68055401291787, -17.120339009481636], [145.6860929926204, -17.12091701909538], [145.685411172218, -17.12735488932997], [145.68469570272177, -17.134112289202267], [145.69279859282284, -17.134925219532125], [145.6923680024594, -17.138967009523295], [145.6921809723189, -17.1407300195961], [145.70482801274252, -17.142018009195688], [145.70458700283663, -17.144099019170884], [145.7115629923463, -17.144793009313755], [145.711219993113, -17.149199999208406], [145.7131400027939, -17.14936699968354], [145.7133770026204, -17.149383009245533], [145.71328798227069, -17.15037201912878], [145.7128660022592, -17.150548009118427], [145.71274307230416, -17.150877099341976], [145.7122175425916, -17.1510444897243], [145.7118984627993, -17.15169013913538], [145.71144173235936, -17.151576569708855], [145.7115529824191, -17.150703019536195], [145.7112779928393, -17.15022900932815], [145.71122098305645, -17.149774999734515], [145.7109369725945, -17.14956100962775], [145.71007415244225, -17.150211009275218], [145.70937215228534, -17.150919039226313], [145.70876303253894, -17.15112917970672], [145.70805096226778, -17.15211504898038], [145.70732913269927, -17.15266503901895], [145.7069860723805, -17.152533999111398], [145.70686799242966, -17.15191496963974], [145.70602305234473, -17.152446979318885], [145.70577288231794, -17.15222197950308], [145.70581789240524, -17.150907979149267], [145.7054521226761, -17.15102496958089], [145.70474508297048, -17.151694029244737], [145.70420291286555, -17.151437989146295], [145.70349911248485, -17.151870979348846], [145.70283310243155, -17.151991029239298], [145.70264698228445, -17.15119200961612], [145.7019381522365, -17.150695028975363], [145.7030181526851, -17.150223979270617], [145.70269597280677, -17.149602969552], [145.70139996256657, -17.150505049406355], [145.7007130729711, -17.151351039226036], [145.70062704311295, -17.15198904899483], [145.701335172475, -17.152513039653186], [145.70155928237548, -17.153078339052165], [145.70171207233057, -17.153836029355787], [145.7022909628693, -17.153830999395996], [145.7030739227929, -17.153152029106806], [145.70350608251314, -17.153019809299842], [145.70445490287915, -17.153863019465412], [145.7057851128805, -17.15452002965936], [145.7065850428781, -17.155296009769852], [145.70592191282353, -17.155350009302587], [145.70515337265698, -17.154962739491957], [145.70395091297044, -17.15473503977903], [145.7032708829105, -17.155247039284607], [145.7020749629593, -17.15587200941196], [145.70158608271365, -17.155827999458534], [145.7014089430245, -17.157399039237458], [145.7015550126829, -17.15801301971455], [145.70168400267292, -17.15853500975874], [145.7011450826727, -17.158744989692064], [145.7006079530149, -17.159760009376267], [145.6996388729442, -17.159726519150656], [145.6996640230772, -17.16072696944109], [145.69914890304221, -17.16099596940106], [145.69920960310424, -17.162155719017957], [145.69881912251822, -17.162981019322004], [145.6993810726274, -17.163754029492658], [145.69915715227145, -17.164787049596715], [145.6986099426178, -17.16553296942007], [145.69823986277189, -17.165932029079794], [145.69800513298813, -17.166538999079897], [145.69756487226064, -17.166646979569425], [145.69745614287362, -17.1668269889687], [145.69763688301043, -17.16759900895134], [145.69792202265472, -17.16849298921546], [145.69796590266137, -17.169084009061304], [145.6976091430345, -17.169869979584945], [145.69704215247828, -17.170242029315556], [145.69739314312446, -17.17103403976423], [145.69745949269134, -17.17187258918039], [145.69672895305786, -17.172136009668645], [145.6961839325986, -17.171965989689813], [145.6958131323038, -17.17223399921396], [145.69511900228716, -17.173775019638835], [145.6956030028841, -17.17382200951296], [145.70472000290604, -17.174622019089377], [145.70471697288858, -17.176228999460374], [145.70409801299655, -17.212227009152784], [145.71311898311455, -17.21312600917061], [145.7205990029572, -17.231780009502046], [145.75632797253522, -17.24846700954201], [145.7611399923907, -17.238951019226818], [145.76134698309681, -17.23864000918969], [145.76162700234391, -17.23864000918969], [145.7620259926706, -17.238699009498198], [145.7622949922841, -17.238680009080987], [145.7629749926997, -17.23879200907368], [145.76381401288688, -17.238824009304246], [145.7647260023262, -17.238501999116902], [145.76580998231154, -17.238136019426324], [145.76639299252426, -17.237991009699893], [145.76753698266552, -17.237592999387356], [145.76853200248829, -17.2372720097514], [145.76970300227524, -17.236817999035626], [145.77052698286792, -17.23624701893312], [145.77077000230508, -17.236214009279664], [145.7709099822842, -17.23624701893312], [145.7713879830334, -17.23650199973228], [145.7726849724373, -17.237178009019004], [145.7731579830451, -17.23783299910792], [145.77383498308757, -17.23882101931027], [145.7740429924832, -17.239684999430384], [145.77414300282211, -17.24079599972744], [145.77407898258673, -17.241509009484652], [145.77394200298065, -17.242450009270033], [145.77412380312958, -17.24252369893268], [145.77470970232415, -17.242775369701178], [145.77553321309796, -17.243095849589903], [145.7800599127478, -17.243215729661774], [145.78163171296674, -17.24343381973639], [145.78374768294037, -17.243394469477472], [145.78542829249642, -17.24356108901704], [145.7870518823881, -17.244144459123152], [145.78851010231745, -17.24514397958199], [145.79002291286662, -17.246091679265525], [145.791808272273, -17.24683245929374], [145.79382099258282, -17.247195998972277], [145.7922149926027, -17.245672009122615], [145.7909200127302, -17.24286300937445], [145.79014099281747, -17.2410210197551], [145.789667003046, -17.238900009186125], [145.78808797228731, -17.237479009041493], [145.78602098295457, -17.23537701946293], [145.78521601250992, -17.233206009228624], [145.78409998243185, -17.228862999292037], [145.7836069825124, -17.22582699900218], [145.7829109929831, -17.22250500916677], [145.78119298296855, -17.21805699954893], [145.77805500239108, -17.212754018984192], [145.7746569927765, -17.211205009734297], [145.77284700246338, -17.208563009770515], [145.77250901223607, -17.20734000951757], [145.7726430022489, -17.203411019682353], [145.77174900247138, -17.201821019016215], [145.77126100257476, -17.198191019412295], [145.76903099237407, -17.196845018979836], [145.76846999268253, -17.196119019483323], [145.76794399225275, -17.194573009293876], [145.76741999237112, -17.194272019230176], [145.7661069824125, -17.194363019311282], [145.76358997305505, -17.195371009560954], [145.76156401247619, -17.192821008999566], [145.76187298262826, -17.190672009328704], [145.7614360025482, -17.190140999253064], [145.76086598287284, -17.19054100915174], [145.7609200030625, -17.192709009478953], [145.76004798236502, -17.193396999334244], [145.7594500026265, -17.192820009226335], [145.75919300270857, -17.190302009625235], [145.76007798250228, -17.18875901976935], [145.75982398295739, -17.188275019597086], [145.75807698251194, -17.188636009740385], [145.75704801265962, -17.18831601902414], [145.75689500261728, -17.18742501963464], [145.758260982635, -17.186318019728198], [145.75822101299477, -17.18577699905831], [145.7563840022561, -17.184863009708444], [145.7557559828545, -17.184072999631905], [145.7557470023966, -17.179779999031847], [145.75461499308622, -17.173182019277967], [145.75448980296994, -17.172624569058094], [145.75345626248946, -17.170240419184125], [145.75387700282582, -17.16521300919823], [145.7550431023029, -17.165295799300793], [145.7606710026421, -17.16583601973441], [145.76214698226468, -17.151673009606117], [145.77233998253726, -17.152586999457476], [145.77425801233133, -17.133245009426194], [145.77428302232713, -17.13304296965971], [145.77501203302793, -17.132786029089086], [145.77521293225806, -17.132624999699935], [145.7753630128943, -17.132220019797224], [145.7756710029844, -17.13186699967016], [145.77585982256892, -17.131518019634683], [145.7771609029006, -17.13075498965672], [145.77740209246957, -17.12938895938843], [145.77758400221285, -17.128934009489694], [145.77773614268602, -17.128302029432746], [145.7783560529956, -17.12705598962604], [145.7788568323255, -17.12604798959699], [145.77914412253648, -17.125715969167192], [145.7799019026826, -17.122916979349892], [145.78646686264418, -17.111042009627603], [145.78818192259135, -17.105750019084503], [145.78840800249722, -17.10105804980306], [145.7884177528113, -17.1008340790731], [145.7884519130466, -17.09900999927076], [145.78927415270425, -17.097521049353087], [145.78946209283814, -17.09709103905921], [145.78978212304796, -17.09632296947041], [145.7899138924255, -17.09582698929839], [145.790033062931, -17.095653009073413], [145.79013599279455, -17.095463019634916], [145.79031601248258, -17.095114989652565], [145.79046215220964, -17.094963979603794], [145.79080306285994, -17.09479098942896], [145.79097804299923, -17.094678039525036], [145.79182404219785, -17.0938530198281], [145.79266285217918, -17.093194029054356], [145.79405890240264, -17.092495009682064], [145.7968719928846, -17.09170801986688], [145.80063999251348, -17.09031599935381], [145.80454301252286, -17.089499999371522], [145.8063940028439, -17.08963301909509], [145.8084889926641, -17.09029200958286], [145.81190298240918, -17.093230009285367], [145.81430899233698, -17.096083009807494], [145.81987699301305, -17.102870009433747], [145.82101200269642, -17.103401019266062], [145.8237419828449, -17.1025960090456], [145.82481299295415, -17.102636999058095], [145.82635297304907, -17.104078999306754], [145.82778399288995, -17.10476801909561], [145.8290590023154, -17.104147009502952], [145.83025069299828, -17.10338426907606], [145.83073698250263, -17.103073009248245], [145.832245932991, -17.102697039480578], [145.83392099275522, -17.103546019233264], [145.8348649927614, -17.103551009341555], [145.8357229925539, -17.102945009852018], [145.83724800222464, -17.100036009867207], [145.84005200265418, -17.097442019844998], [145.84123898257164, -17.096399999727154], [145.8425549929034, -17.09511500940093], [145.84405401251627, -17.09344701962893], [145.8450859728602, -17.09285800973286], [145.84763999280736, -17.091055999712434], [145.8498160124628, -17.091470009389777], [145.85032200291963, -17.091910019508582], [145.8504270222646, -17.09251699940163], [145.84945998226797, -17.096285009857606], [145.8490510026753, -17.09785500989535], [145.84889599298316, -17.099434999461174], [145.84912400247023, -17.100694999618973], [145.8505990029291, -17.1030090194349], [145.8511409924726, -17.103467009453574], [145.85406899275065, -17.1061570193208], [145.85422597244826, -17.105657019722027], [145.85511668259522, -17.097083749401733], [145.8566459925012, -17.08237000945607], [145.85594698283592, -17.08230000946541], [145.85596498237928, -17.082119999800508], [145.85731249303467, -17.069038559343625], [145.8446940028674, -17.067803019725527], [145.84118299237664, -17.067463009533625], [145.8396349930212, -17.06731400975926], [145.83939201221153, -17.066182009657563], [145.8387200121919, -17.065373009478403], [145.8367040022515, -17.063792019329785], [145.8361000029022, -17.063551269811914], [145.8366549829831, -17.058114009610343], [145.83988100294997, -17.058382999889876], [145.84131899281908, -17.059722019831295], [145.84425899279276, -17.060109019787852], [145.84530800226244, -17.059442019213897], [145.8470780022741, -17.058705019437046], [145.85098798243027, -17.057484019595954], [145.85331698248365, -17.05822700914031], [145.8544140221766, -17.05819100927468], [145.85624497288026, -17.057927019494755], [145.8590209827039, -17.058123999129158], [145.8619310121847, -17.05753100964932], [145.86364301247005, -17.057402009403198], [145.86301317218326, -17.056696049877136], [145.8636510029845, -17.051316999796697], [145.86416317295215, -17.050062059518012], [145.8658991124415, -17.049191059604006], [145.86561390272863, -17.04824511912788], [145.86496000286365, -17.046089009456452], [145.8643189929247, -17.045638999861357], [145.86413576265784, -17.044674149101887], [145.8635631127154, -17.04446408946179], [145.86328608216326, -17.043695339420413], [145.86221312270976, -17.043310089319434], [145.86162051220168, -17.0426747699237], [145.86140045280484, -17.041619359861276], [145.860302162657, -17.039889129818462], [145.859480372157, -17.039263009456903], [145.8594122627905, -17.038206219653457], [145.85807946294616, -17.03477594986143], [145.85794700276423, -17.03440100971664], [145.85607941247508, -17.03277862928385], [145.85532298249683, -17.031618019786315], [145.85523147291545, -17.03064687978423], [145.85476000291843, -17.030489019197148], [145.85422349219982, -17.028603369857727], [145.85253486248487, -17.02766828953051], [145.85252912225022, -17.02740521950517], [145.85281616272962, -17.026933229342184], [145.85273199238412, -17.02589000990452], [145.85331924264491, -17.024802799574324], [145.85532601251433, -17.02445200946311], [145.85607346293295, -17.02359743972565], [145.85789298257467, -17.022807009686318], [145.85728398230418, -17.022506009748458], [145.8571559723762, -17.021926019338437], [145.85663373229423, -17.021179499460136], [145.8563902421398, -17.019888499122768], [145.8550382129585, -17.018763769886636], [145.85481997265012, -17.018176009574653], [145.8543969829323, -17.017831999867536], [145.85334702214678, -17.0167350095516], [145.85310900273245, -17.01618801993821], [145.8532429927453, -17.014593999404365], [145.85417400221417, -17.01210600932286], [145.85404847253463, -17.01133601989746], [145.8555999825063, -17.01065399984297], [145.85605729235957, -17.009496589570098], [145.8573270125046, -17.00938800945684], [145.85784706249396, -17.00902464960138], [145.85724310267054, -17.007206049531877], [145.85622030244764, -17.006781379769773], [145.85585822299763, -17.005947099693724], [145.85527611289686, -17.005516979918507], [145.85491144270566, -17.004872239951098], [145.85412655230257, -17.004176339122594], [145.8532900824325, -17.003870029541698], [145.8530994428612, -17.003473949902695], [145.85403698218386, -17.0009140094013], [145.85397901300027, -16.99991600956778], [145.85468898301036, -16.99930600987421], [145.85490797251364, -16.99858500955482], [145.85492382238857, -16.998479469380538], [145.8549249830119, -16.99840400950258], [145.85492809297943, -16.997882339937156], [145.85498787226828, -16.997405879468882], [145.8546737924989, -16.996707169217906], [145.855007662154, -16.995247439212523], [145.8549790023032, -16.994909009259253], [145.8561021829709, -16.993666919824495], [145.8575499923244, -16.992074009206835], [145.8581469928993, -16.989790019131288], [145.8578169922881, -16.989025999912727], [145.8577130024125, -16.988118009282257], [145.85798201280585, -16.987209009942383], [145.8580020128973, -16.98619799956731], [145.85765197266878, -16.98522800982341], [145.8566610024513, -16.98421600935629], [145.8556079721224, -16.982585009124787], [145.8553190029601, -16.981450009957815], [145.85453498212624, -16.980170019161235], [145.85366800277419, -16.979799019761646], [145.85296599273585, -16.979118019908885], [145.8529860027088, -16.978167999175927], [145.8533789922894, -16.977279999505697], [145.8541629726991, -16.976310009192236], [145.8543900021242, -16.975669999933032], [145.85449301283614, -16.974638019251394], [145.85521600212965, -16.9738749994192], [145.8562069723471, -16.972574009936217], [145.85752798270167, -16.97197601959334], [145.8588899822843, -16.97121199914846], [145.8588689922494, -16.970180019735253], [145.85882300299838, -16.969709009275], [145.8588069824436, -16.969560009857243], [145.85975700295887, -16.967207009527833], [145.86068600289644, -16.96607201961825], [145.86134599244076, -16.96475100940856], [145.86179998212074, -16.962542019341512], [145.86142899228145, -16.961696009794316], [145.86130500231434, -16.960746019480602], [145.8610569828543, -16.959343009757532], [145.8621719924462, -16.957815009907986], [145.86262597224467, -16.95680401994991], [145.8632249724694, -16.954843019859908], [145.86376098282642, -16.953150009916538], [145.86440100282192, -16.952158999812234], [145.86547498276158, -16.950983009178962], [145.8649589823775, -16.950033019701976], [145.86400900228645, -16.948609019834304], [145.86365797211445, -16.94788701959932], [145.86308000234885, -16.946441999405952], [145.86246099215123, -16.94474900918833], [145.86196598270038, -16.943943999332415], [145.8610569828543, -16.943180009266197], [145.8595524529754, -16.941750699262148], [145.8582499928315, -16.940455009436903], [145.85740399273453, -16.93938200978621], [145.85682598254476, -16.93843301955657], [145.8558969826072, -16.937669009684594], [145.8548649827374, -16.93667801939769], [145.85372997215575, -16.935625009210256], [145.85314999285887, -16.934249999164226], [145.8528820128332, -16.933783009870112], [145.85278700251718, -16.93365899985758], [145.85263300253138, -16.933446009995404], [145.85247098238673, -16.93299099918032], [145.85220800238392, -16.932431009809857], [145.85183000299048, -16.931910009466424], [145.85079800222238, -16.93158000929455], [145.8497249825818, -16.931125019749373], [145.84877598255272, -16.93050600941689], [145.8482799822602, -16.9295149994558], [145.848032002326, -16.928441999298077], [145.84774299273954, -16.92641900976675], [145.8485689828635, -16.924479009653993], [145.85013797225392, -16.922497009583154], [145.85150001226077, -16.92146499997712], [145.85257398231886, -16.92059799979993], [145.85326599231152, -16.920253009426133], [145.85401898264053, -16.919854999349006], [145.8545030128819, -16.91927400935187], [145.85447300286322, -16.91920799977763], [145.854363982422, -16.91912900930417], [145.853101012218, -16.91841099976513], [145.85282700270014, -16.917983009450946], [145.8526739926578, -16.91792300947805], [145.8525409925884, -16.917782999153683], [145.85246598236384, -16.917634009297853], [145.85199699261526, -16.917057009717325], [145.85190198229924, -16.917017009540903], [145.8517759828009, -16.916557009479682], [145.85191300283117, -16.91624400974874], [145.8518700121566, -16.915885019590416], [145.85185398261865, -16.91570400947645], [145.85180599281958, -16.91547801989443], [145.8513909828364, -16.91489400917396], [145.85130597256614, -16.914797009637425], [145.85109599226675, -16.914748009648786], [145.85079997222783, -16.914361999680786], [145.8508739925089, -16.914223009461853], [145.85079497220497, -16.91396300940878], [145.850708982771, -16.91395000926782], [145.85065000298272, -16.913754019528607], [145.85039698260144, -16.913195000003654], [145.8498390021476, -16.912607019223852], [145.84978100242128, -16.912472999706203], [145.84961398225374, -16.912453009446], [145.84942600259404, -16.91232200997558], [145.8491740125804, -16.912116009213634], [145.84912798290526, -16.911837009470627], [145.8488339723976, -16.911633009877683], [145.84832998248893, -16.911238019812387], [145.84814898273893, -16.911242019781195], [145.84783501256396, -16.91106300949049], [145.84788600273615, -16.91080700935269], [145.8474379922427, -16.910630019267], [145.84695798286054, -16.910353019896238], [145.8468349828369, -16.910287009774805], [145.84679198228082, -16.910229009924674], [145.84660098248517, -16.90995400996259], [145.84644498284956, -16.909833019925173], [145.84621200298398, -16.90960100954499], [145.84582400264645, -16.909288009432455], [145.84571198273056, -16.909090999800107], [145.84577998250256, -16.9089530095654], [145.84564398295848, -16.908779019903122], [145.84552299246613, -16.908641009671978], [145.84531001269204, -16.908339009338313], [145.84496600285397, -16.907930009654688], [145.84487299218773, -16.907901009798895], [145.8447590022664, -16.90776400967908], [145.84466297236253, -16.907602009603355], [145.84459600295813, -16.907525009990746], [145.8444140123664, -16.90736400929264], [145.8443060025299, -16.907069009162164], [145.8440690125849, -16.90617500969688], [145.84390399296555, -16.906025019667823], [145.84374500283835, -16.905638009430582], [145.84359600287544, -16.904937009516548], [145.84349497294866, -16.90473100927799], [145.84334897246046, -16.904629999244623], [145.84305197235958, -16.904596019801712], [145.84249998277033, -16.90469600962816], [145.84193000262084, -16.904142009369274], [145.8416730027029, -16.904128999955848], [145.84154799224962, -16.904014009800928], [145.84136699249967, -16.903907999657708], [145.8408869723377, -16.903622009454185], [145.8407179821648, -16.903462999473167], [145.8405139828486, -16.90334800977154], [145.83984359260998, -16.90246610916003], [145.83959999286105, -16.902070009166508], [145.837233982218, -16.899177019633253], [145.83720000254408, -16.898201009535878], [145.84029797215877, -16.897347019657378], [145.84660298213495, -16.895614009664104], [145.85188001220234, -16.894160999402178], [145.84780599248873, -16.88533200954792], [145.8487799926322, -16.885113999224565], [145.84935399274252, -16.884709019336512], [145.84982400297724, -16.884368009388528], [145.85023200250797, -16.884088009289904], [145.84964500287717, -16.882735009739744], [145.84963500283143, -16.88246000923245], [145.8496650128501, -16.88187200999534], [145.8498729827198, -16.881076009204016], [145.8501579723454, -16.880839999801783], [145.85057900283758, -16.880005009569754], [145.85059400290618, -16.879240009795744], [145.8509909828033, -16.87917599942618], [145.8516129727128, -16.879138999868527], [145.85323398264293, -16.879522009668566], [145.85332800211722, -16.87950300962941], [145.8534640726283, -16.87908547935338], [145.85346287247904, -16.87881204920812], [145.8534214026523, -16.878411969381904], [145.85342940214986, -16.878275959618502], [145.85345137224678, -16.878167959607886], [145.85357138267716, -16.877994959342743], [145.85357138267716, -16.877951969716744], [145.8535330928865, -16.877853989265088], [145.8534327223232, -16.877798359734477], [145.85310794272038, -16.87774500990408], [145.85305607219925, -16.877723050008495], [145.85296716234234, -16.87763700958982], [145.8529087628657, -16.87752642948626], [145.85287788237954, -16.877313019451464], [145.8528953725781, -16.877049979603886], [145.85303136224076, -16.876329979709585], [145.85306002209157, -16.876024029233122], [145.85304739267698, -16.87585496926835], [145.8530240328863, -16.87569904001542], [145.8528019325172, -16.875093979207197], [145.8527083424376, -16.874484979325686], [145.8526769921325, -16.87438801918366], [145.85256504228516, -16.874243009555776], [145.85228315274563, -16.874004969743844], [145.85199984296963, -16.873823989930465], [145.85189738292496, -16.873755999312337], [145.85166794242164, -16.873471009594528], [145.85081005222364, -16.87274101988412], [145.85045293237235, -16.87237902929372], [145.85016312238696, -16.872127039357565], [145.8500590624427, -16.872003999732495], [145.85001515279166, -16.871895989258324], [145.84986608276014, -16.871779999462557], [145.84967209247284, -16.871735989737967], [145.84949389277162, -16.871591979566073], [145.84935998270882, -16.87144797960017], [145.84898808287616, -16.87120199996457], [145.84888296291993, -16.8711869792748], [145.8487134121983, -16.871241039310156], [145.84857939254098, -16.871377029209494], [145.84844437216057, -16.871579029803467], [145.84831739260022, -16.871867039741446], [145.84819639222636, -16.872370019343194], [145.8481343824206, -16.873090019718635], [145.84802641211002, -16.8734830196398], [145.84798440239575, -16.873767009578447], [145.8479824323903, -16.87419901931703], [145.84803440262445, -16.87456000924181], [145.84793640271516, -16.875035019501283], [145.847756422553, -16.87540900976683], [145.84768141232854, -16.875653009351446], [145.84764243263166, -16.876006009679344], [145.84750840219468, -16.876229029259456], [145.84742646236603, -16.87630801964948], [145.84724644267803, -16.876423019812258], [145.84684896241933, -16.87659102966413], [145.8462668523186, -16.876791019174878], [145.84584995228008, -16.87689098935148], [145.84523796241635, -16.876917999643123], [145.84505903238482, -16.876945989903675], [145.84482000236576, -16.877032039233466], [145.84429797248956, -16.87713202991351], [145.8439250521707, -16.877174039754493], [145.84343292271876, -16.877331019968832], [145.8432770326776, -16.877351979308337], [145.84279895287662, -16.87735099933762], [145.8425980626297, -16.877450989848754], [145.84233146241627, -16.877649029685628], [145.84213513291596, -16.877701999590258], [145.8415828828153, -16.877801989915586], [145.84125489263366, -16.877815029511773], [145.8404791228257, -16.878071979604353], [145.83976307211947, -16.878193019239987], [145.83938453283852, -16.87839004996593], [145.83912257242352, -16.87857704960592], [145.83897357246062, -16.878742049741287], [145.83882356279133, -16.878979049464586], [145.83864354220503, -16.87946905918593], [145.83853857226742, -16.87963405940146], [145.83803855291228, -16.88001404924245], [145.83749258293378, -16.880596059355227], [145.83740958219477, -16.88085505926576], [145.83736356240107, -16.88161905965365], [145.83729556262907, -16.881799059785592], [145.8371685722889, -16.881914059183128], [145.8369595828313, -16.882035049937354], [145.83651694246663, -16.88223205000658], [145.83627261238743, -16.8824010492476], [145.83595159223415, -16.882559059214863], [145.8356659127024, -16.882625969585533], [145.83541281237112, -16.882624989642196], [145.8352270722114, -16.882531029385145], [145.83506289251682, -16.882515989825627], [145.83498263253776, -16.882556059211826], [145.83493762245047, -16.882599059823946], [145.83490963274284, -16.882699049275168], [145.83480910227937, -16.882718049852308], [145.83467482211074, -16.882702029505182], [145.83462460269305, -16.88275704985469], [145.83465902254153, -16.882883009406218], [145.83463861281825, -16.882973049721997], [145.8344146125123, -16.88326804971455], [145.83417466261838, -16.883634059528276], [145.83408462268085, -16.883893059569083], [145.83390463263729, -16.884181049867788], [145.8338896720945, -16.88429605984858], [145.8339991327102, -16.884422029547896], [145.83402362258147, -16.8844840593605], [145.83403063213564, -16.884693049874127], [145.83399264238224, -16.88481505917997], [145.83385766242597, -16.884987059511428], [145.83370166279036, -16.885102049230625], [145.83358008210487, -16.885162989721913], [145.83347496214867, -16.88519195954982], [145.83305864242183, -16.88547504994336], [145.8326556824399, -16.885849059931118], [145.83254906229712, -16.885924029458685], [145.8320788723993, -16.886031049404814], [145.83199167293466, -16.886077059487505], [145.83178690286397, -16.886282049458398], [145.8315928721525, -16.886396979937093], [145.8313621228038, -16.88644603972758], [145.8307508524906, -16.88650199936828], [145.83040702231563, -16.88658804950032], [145.8302659122558, -16.886637999767203], [145.83022270239238, -16.88668507988023], [145.82959417274762, -16.886952999891395], [145.8295137223257, -16.887036079971207], [145.8294017024098, -16.887331079631], [145.82926570286568, -16.887835069302678], [145.82918971257914, -16.888223059882034], [145.82909269273182, -16.88838905986591], [145.8288317222603, -16.88857505937403], [145.82864473254403, -16.888661079335417], [145.82853789231405, -16.88868603958348], [145.8282848422884, -16.888655969180242], [145.8279118527993, -16.888655969180242], [145.82765806256185, -16.888698009980207], [145.82745684263315, -16.888761999929617], [145.82711304210252, -16.888962959896272], [145.82676312224822, -16.889027049465998], [145.82661409264097, -16.889040999431295], [145.82625073219336, -16.889015079949722], [145.82615904294892, -16.889004019858085], [145.82608703219913, -16.88904297988102], [145.82600472226457, -16.889043069276337], [145.82577379235454, -16.889172069228525], [145.82560180270684, -16.88931606943087], [145.82546678232637, -16.889467069847317], [145.82522676236388, -16.889833069359227], [145.82511478287216, -16.890114069205], [145.82509178240764, -16.890287069538168], [145.8251067824762, -16.890380059784118], [145.8250907628198, -16.89049507974044], [145.82504678220175, -16.890553079643396], [145.82499378249835, -16.89073307985116], [145.82495578286353, -16.890999069557697], [145.82496980287016, -16.891129069560975], [145.82506499284926, -16.891269049826693], [145.82525275242173, -16.891512079959707], [145.82534177277142, -16.89164806987158], [145.82535575235383, -16.891778069427705], [145.82533378225696, -16.8919440697225], [145.82526581212932, -16.89216706961416], [145.82520581275318, -16.89225307934252], [145.82519081268458, -16.89235404958893], [145.82539882297849, -16.89252705990212], [145.82542879257298, -16.892585059180465], [145.8254207921771, -16.89272204969869], [145.82537579286955, -16.892880059620673], [145.8253448027889, -16.893154049584346], [145.8252618029482, -16.89336205920463], [145.82511281286673, -16.89360705930754], [145.82498480293876, -16.894003049861816], [145.82483380242772, -16.89465004999652], [145.8248408128802, -16.89486005984455], [145.82478880222186, -16.89502505949819], [145.8246088121783, -16.89537004963409], [145.82443584246863, -16.895809059875987], [145.82415085284308, -16.89634804959648], [145.82382184217533, -16.89682303940916], [145.8233278523124, -16.897398039772156], [145.82322287249332, -16.897542039712665], [145.82297588250256, -16.898074029633875], [145.82285586219072, -16.898434039592342], [145.82280988282122, -16.89872202918622], [145.8227878624187, -16.898772029531358], [145.82264588278971, -16.89888702975917], [145.82230187295164, -16.899059039610666], [145.82208484267395, -16.899245039773163], [145.82185387233966, -16.89954703920262], [145.82169684233642, -16.8996340391734], [145.82153285218635, -16.89967603970805], [145.8213979126543, -16.89977702918822], [145.82130790236113, -16.89993503921708], [145.82126290215527, -16.900064039457085], [145.82121793249215, -16.90023702980592], [145.8211429222676, -16.900511029711613], [145.8210528724486, -16.90059703993297], [145.82073189271946, -16.900747039437256], [145.82059487268918, -16.900758009450662], [145.82053581295082, -16.900698979545822], [145.8204688722925, -16.900561979349522], [145.82035288272135, -16.90045105941657], [145.82022301238237, -16.900439049368224], [145.8200588326878, -16.900481989176843], [145.81988991258345, -16.900608049492895], [145.8197999022903, -16.900752049560992], [145.81981392229693, -16.90093904938978], [145.8199179121725, -16.90105504963167], [145.8199179121725, -16.90112704950875], [145.81990798219542, -16.9012739698107], [145.81988991258345, -16.90151703948377], [145.81960883242598, -16.901403049929076], [145.81925207279912, -16.90118603974192], [145.81906592210933, -16.901192979464764], [145.81870812223335, -16.90127802929746], [145.8183969224627, -16.90141105973869], [145.81746292250224, -16.901941049836285], [145.81711193275447, -16.902113059480598], [145.81603584267222, -16.90230799982991], [145.8153439521556, -16.902547069735824], [145.8147521025205, -16.902649989852833], [145.81410495259658, -16.902875079441667], [145.8128419123239, -16.903133999779733], [145.81244015249126, -16.903176029617534], [145.81223101211668, -16.903218969662404], [145.81209899210924, -16.90328009940933], [145.81199401229017, -16.90339508915234], [145.8119409829423, -16.903618089257495], [145.81193200248447, -16.904274059677967], [145.81198299265657, -16.90456905988476], [145.81201902228602, -16.905088059311655], [145.81201201273188, -16.905203079753356], [145.8118920023015, -16.905477079318423], [145.81184601215216, -16.905735059234456], [145.81182305211183, -16.90604506991483], [145.8117180426484, -16.906225069949112], [145.8115690121428, -16.906390079427194], [145.8115600325832, -16.90675807965251], [145.81153003244594, -16.906887079521752], [145.81152900297667, -16.9070310799511], [145.80900109256314, -16.908978959826655], [145.8088671726189, -16.908893009295454], [145.808665912266, -16.908791039733938], [145.8084600525389, -16.908643099929446], [145.8083170829665, -16.908531039921684], [145.8081900225577, -16.90842997949615], [145.80789984246644, -16.908270039313024], [145.80773603287778, -16.90824095957773], [145.80727416227782, -16.90823997976745], [145.8071100221091, -16.908267969679034], [145.80694511298248, -16.908310989355375], [145.80673108217957, -16.90843709944352], [145.806567082148, -16.90853708981096], [145.80622311273413, -16.9087380991848], [145.80604407220983, -16.9088230794337], [145.80579011219078, -16.90896710932527], [145.8056459029433, -16.908969969672626], [145.8054770825519, -16.90905210923892], [145.8053650725175, -16.909138099233605], [145.80514910225185, -16.909239109429702], [145.8050141222955, -16.909325119966546], [145.8045810822263, -16.909468099193433], [145.80443209214482, -16.909525099706173], [145.80438708295586, -16.909525099706173], [145.8041630826499, -16.90966810972251], [145.80405815223816, -16.909697119620066], [145.80389415220662, -16.90973910931815], [145.80373815257101, -16.909775109320798], [145.8034959721603, -16.909871049131024], [145.80329712288562, -16.9099391195596], [145.80319102286745, -16.909913969601856], [145.80298512271614, -16.909852109733162], [145.80290015287, -16.909783029389228], [145.8027360127013, -16.9097249795344], [145.8023788524258, -16.909579989327174], [145.80221015240875, -16.90956211994853], [145.80179712231242, -16.909550019376045], [145.80163294261783, -16.909578009952583], [145.8012751328604, -16.909649019895888], [145.80125513276892, -16.90964512990623], [145.80111095226752, -16.90972101992874], [145.80084994227013, -16.909785009621146], [145.8006188228155, -16.90987796962572], [145.8004491427364, -16.909960129423652], [145.80009611291462, -16.910078049337216], [145.80008100235324, -16.91006302916342], [145.7999421524547, -16.910160139430555], [145.7994041424479, -16.910418139580745], [145.79900114294003, -16.910619139213154], [145.79886715292724, -16.910690139309995], [145.79873710292526, -16.910693029712725], [145.79865815268988, -16.910647149398724], [145.79863417216336, -16.910346969205758], [145.79862914249608, -16.910185149261213], [145.7986071625177, -16.910049149511], [145.79854595221255, -16.909857009602053], [145.79849715213308, -16.9097101398224], [145.7985271621518, -16.909602139756558], [145.7986461826387, -16.909465139154282], [145.79866115216458, -16.90940814979661], [145.79864717258218, -16.909235149813863], [145.79860315243823, -16.90906213935857], [145.79848416249405, -16.908932139684254], [145.7982751622567, -16.908931139250065], [145.79818515286183, -16.909046139297708], [145.79815515272458, -16.90922613990405], [145.7981991728685, -16.909464149896117], [145.79821314256947, -16.909673139377066], [145.7981831424322, -16.909795149714657], [145.79811018216316, -16.909874139804042], [145.79800415221354, -16.909867149691685], [145.79796016261244, -16.909723149710125], [145.7979311524186, -16.9093621591567], [145.7978619426159, -16.90922097959683], [145.7977531422619, -16.909088149768298], [145.7976088925902, -16.909034059319623], [145.7975188822971, -16.90904800952405], [145.79735018227998, -16.90917313931363], [145.79705120229215, -16.909374159182317], [145.79693218270353, -16.909446159320183], [145.79681005224907, -16.90944902997403], [145.7965040321644, -16.909418989524955], [145.79632018295837, -16.909487159816166], [145.79617608240704, -16.909476039902213], [145.79599716225695, -16.909374979983358], [145.79592299285554, -16.909360029371232], [145.7958931023127, -16.909331059817205], [145.7957441023498, -16.90931601981587], [145.7954679422652, -16.909365969220772], [145.79532611265483, -16.909416009717024], [145.79531099221202, -16.909400989490457], [145.79516193296027, -16.909472989618067], [145.79477386255414, -16.909586999218117], [145.79461009249135, -16.909643979926944], [145.79426224235544, -16.909798159598232], [145.7940972227361, -16.909884189647855], [145.79369890255256, -16.91011700930411], [145.79355921272926, -16.910214189160804], [145.79325002248996, -16.91043300931854], [145.793096212947, -16.91055817944324], [145.7928422421482, -16.910832179818588], [145.792737202142, -16.910975189702533], [145.79252721285948, -16.9112921895591], [145.79243720256633, -16.911435189639814], [145.79228722254146, -16.91179517924128], [145.7922122527411, -16.91192417996024], [145.7920322429346, -16.912241179939397], [145.7920322429346, -16.9122841798006], [145.79194325222926, -16.91238518916992], [145.79176327296548, -16.912715189460084], [145.79168826274096, -16.912859189733748], [145.7915382422918, -16.913205179448834], [145.79147827256014, -16.91336318939519], [145.79137224261052, -16.913795179805824], [145.79135724254192, -16.913939189567593], [145.79136899250582, -16.91412201912628], [145.7914002421996, -16.914313179205095], [145.79143028276098, -16.91448615991528], [145.7914442623435, -16.914580169572172], [145.7913692521189, -16.914918169237517], [145.79129428231855, -16.91504816993905], [145.79121927299232, -16.915213169973022], [145.79106926242477, -16.91543616984658], [145.79096428260567, -16.91559415987353], [145.79075430230634, -16.9159251592377], [145.79069429215045, -16.916054159707443], [145.79062728232182, -16.916249169863637], [145.79058928268694, -16.916457169473503], [145.79057428261837, -16.91661616935098], [145.79060231275017, -16.916962159901765], [145.79080091229315, -16.917209999871634], [145.7910248326491, -16.917269059842614], [145.79118898269925, -16.91728398920066], [145.7916659926067, -16.91734203930507], [145.7918301723013, -16.91735698928387], [145.79198829285932, -16.917412169692742], [145.7921649528481, -16.91750196920966], [145.79224704269544, -16.917588999567926], [145.79231529219916, -16.917759139401813], [145.79243892284012, -16.918079039620046], [145.79249228276802, -16.91830714975012], [145.79256729299252, -16.91833614972324], [145.79278202268478, -16.91823896975838], [145.7928652426127, -16.918275139165008], [145.79255130298046, -16.918494139896406], [145.79257211245402, -16.91856900964252], [145.79264591264788, -16.918685029973414], [145.79274329271965, -16.919114149706456], [145.7927639925987, -16.91927604964434], [145.79275727230208, -16.919690149483984], [145.79274128229002, -16.91983415989602], [145.79271128215282, -16.920036139545136], [145.79275530229665, -16.920252139685108], [145.79274026270218, -16.92039614966742], [145.79274026270218, -16.920439139932455], [145.79207388254292, -16.920569969608128], [145.7919399625987, -16.920468999863683], [145.79185101231758, -16.920453979658816], [145.79173188223615, -16.920352989225947], [145.79170330233543, -16.92031415943044], [145.79166727270598, -16.920162139513653], [145.79172728286193, -16.92006214929938], [145.791748082454, -16.91983503995213], [145.79151010256552, -16.919503019578297], [145.7913470224089, -16.9193009791972], [145.7910142927159, -16.91902316923703], [145.79085029268433, -16.91889216917841], [145.79044828222166, -16.918632169553284], [145.7900003229322, -16.919077169155937], [145.78982030234584, -16.919264169710424], [145.78952129271366, -16.919522169426134], [145.7893573025636, -16.919695159963574], [145.78907230215825, -16.91998216912178], [145.78892331297513, -16.92016916963717], [145.7887132922516, -16.92055716931], [145.7885623321647, -16.921018169426134], [145.78845732270125, -16.921190169392933], [145.78832332280695, -16.92142015960944], [145.78814334264482, -16.921751159908485], [145.78774600252333, -16.9218940196995], [145.78701100275447, -16.922353999851353], [145.78659396257876, -16.92308998964912], [145.78640835267475, -16.923374169600443], [145.78612340257504, -16.923820169526103], [145.7861083629806, -16.923892169299435], [145.786093362912, -16.924064159765997], [145.786093362912, -16.924122159653646], [145.78625637300007, -16.92425215915914], [145.78623538296512, -16.924335169519285], [145.78606241235718, -16.92435216949336], [145.78600240220123, -16.924410169292287], [145.78589735231358, -16.92459716970782], [145.78579238237603, -16.92485616934233], [145.7858073824446, -16.92495715993848], [145.78579238237603, -16.925101159447525], [145.785753362255, -16.925425169757048], [145.7857163929878, -16.92553316934558], [145.7856413827633, -16.925676159474783], [145.78553538245808, -16.926036169127524], [145.7854603722335, -16.926238169625368], [145.78534036270145, -16.926641169630766], [145.7853243825709, -16.926785159257868], [145.78531638217495, -16.9270081591802], [145.78527839242156, -16.9271591697952], [145.78524838240287, -16.92731715944139], [145.7852024326778, -16.927663169864644], [145.78517341260255, -16.927706159329954], [145.78511242238463, -16.927850169627366], [145.78505241222874, -16.92822415914221], [145.7850074129212, -16.928354159252937], [145.78488641254734, -16.928728159797974], [145.78484141234148, -16.92888716994032], [145.7847054127974, -16.929347169961428], [145.7846454026415, -16.929563139654444], [145.78452539221112, -16.929923149608385], [145.78446538295347, -16.930052149942522], [145.78435942217413, -16.930441149335607], [145.78435942217413, -16.93061313983494], [145.78432840244906, -16.930988139646175], [145.78426839229317, -16.931161149727526], [145.78414743234347, -16.9314921492294], [145.78410247256187, -16.93163615920841], [145.78398245225003, -16.9320821498733], [145.7839364324563, -16.93224013968438], [145.78381645256866, -16.93271514987953], [145.78378543284362, -16.93287313915919], [145.78370943267555, -16.933363149745432], [145.78366443246975, -16.933507149699093], [145.78360344225183, -16.933881149457832], [145.7835734322331, -16.93409715949448], [145.7835124429136, -16.934428139223368], [145.78346744270772, -16.934601149579745], [145.7833464423339, -16.935134149450636], [145.78330049260882, -16.93549414960717], [145.78327048259013, -16.935667139218204], [145.78325450245947, -16.93601212970374], [145.78325450245947, -16.93617113970747], [145.78332746272855, -16.9366031293539], [145.78337148287247, -16.93679012968687], [145.78338546245487, -16.936935129881444], [145.78354847254298, -16.93752512978743], [145.78357745219407, -16.937627119883153], [145.783702062897, -16.937846009589915], [145.78385948276906, -16.93816011977562], [145.7839389827734, -16.938351009676516], [145.78405812273624, -16.938667989227465], [145.78409648259557, -16.93885214995751], [145.7842144825963, -16.93924212971383], [145.78430905273788, -16.939388989350196], [145.78444188212734, -16.939720989258177], [145.78451601290124, -16.939893959514645], [145.7846639824965, -16.940284039372244], [145.78473245298574, -16.940468129773393], [145.78488046300524, -16.940785129818323], [145.7849404722628, -16.940958119720264], [145.78500493267268, -16.94112002922851], [145.78186750276248, -16.941038149419846], [145.78162050289032, -16.941524149727712], [145.78112950262064, -16.941679139423126], [145.78004954259617, -16.941685149577566], [145.77890654239832, -16.941579169232366], [145.77769953274498, -16.941279169830075], [145.77714553272605, -16.941296169132993], [145.77669059262854, -16.94162015929422], [145.77615459215303, -16.942199159720797], [145.77554157281995, -16.942902159788574], [145.77484158219434, -16.94398316969941], [145.773797602392, -16.945768159555946], [145.7734696122104, -16.946453159242672], [145.77323565228286, -16.947304159503584], [145.7733806322849, -16.949043139466493], [145.77402266271002, -16.952539119226874], [145.7739426928868, -16.95363812968537], [145.7736446722997, -16.95435011965225], [145.77312166236152, -16.955295119882837], [145.77276965302585, -16.955787129131394], [145.771755722768, -16.95713011950606], [145.7708127127053, -16.95788509943298], [145.7705847328626, -16.95804712926698], [145.769002742155, -16.958476119698528], [145.7683937023587, -16.95904811945142], [145.76811076268865, -16.959713129324506], [145.76809079224157, -16.960518119766064], [145.7679447522275, -16.960972109355282], [145.76854500290708, -16.96192801953146], [145.7696170730284, -16.962990049557398], [145.77144587226698, -16.967761029485015], [145.77212915243163, -16.970418999121687], [145.77620507298036, -16.974889029190653], [145.77522012237364, -16.978474989102935], [145.77307487271165, -16.9828309798772], [145.77144083271824, -16.98559804914949], [145.7715500121612, -16.987685009202952], [145.7753601724214, -16.992853029567538]]], [[[146.00620851278723, -16.921856090035078], [146.00611152258435, -16.922021099575193], [146.00608054238512, -16.922137089418744], [146.00594651284646, -16.922367099964312], [146.00594651284646, -16.92241009923303], [146.00587154214773, -16.92252508933438], [146.0058195225063, -16.922747089644226], [146.0057815327529, -16.923057099835834], [146.00581051240394, -16.923230089704518], [146.0058761028944, -16.923319039924877], [146.0060549925018, -16.92346302006077], [146.00636713280852, -16.923536019467885], [146.00639152206853, -16.92353310004219], [146.006426882453, -16.923536019467885], [146.00651689274616, -16.92352197923847], [146.00670549224344, -16.92340310004025], [146.0067710423097, -16.92329202940309], [146.00694697286653, -16.92285180006477], [146.007459982759, -16.922332009913625], [146.00757700269776, -16.921638019669267], [146.00730299228167, -16.921395019778505], [146.00679298276222, -16.92136200935], [146.0064349924434, -16.921603009408912], [146.00620851278723, -16.921856090035078]]], [[[145.97309260223346, -16.760356629452033], [145.97306548209502, -16.760548529752466], [145.9732429128384, -16.76058874965689], [145.9740014224165, -16.760744089807964], [145.97427038250416, -16.76094327950192], [145.97518880208438, -16.76091293937472], [145.97577820201363, -16.760873439485945], [145.97642049205186, -16.76078424946039], [145.97686908285704, -16.760619809783858], [145.9773392727548, -16.760200579356816], [145.97735179257492, -16.759769249900472], [145.97712950266126, -16.759474030083425], [145.97685601236958, -16.759256989689522], [145.97588303271232, -16.7589848893299], [145.97556121216007, -16.75882161963759], [145.97525483274927, -16.758738999423915], [145.97464798214736, -16.758591999488495], [145.97415099280963, -16.75850201962436], [145.9739588225091, -16.758495029943234], [145.97389549217993, -16.75871730012872], [145.973345042303, -16.75857177965559], [145.97240629205135, -16.758562289485297], [145.97200045207057, -16.75857815947889], [145.97145178265464, -16.75896752011052], [145.97118029201286, -16.75937575956774], [145.97154920225228, -16.759660049518416], [145.97220989248245, -16.760088120093553], [145.9726911020139, -16.76025488952845], [145.97309260223346, -16.760356629452033]]], [[[146.00460652288658, -16.925336089902128], [146.0046515221941, -16.925192089713356], [146.00477851253424, -16.924854089577636], [146.0050025128402, -16.92456707925036], [146.00506251221634, -16.924523089576276], [146.0050855126809, -16.924459099733483], [146.00512799221403, -16.924182039912488], [146.00506894235718, -16.924044979441216], [146.0049694422613, -16.923955119447555], [146.0049130828587, -16.92387900999321], [146.0043320426515, -16.923518999653613], [146.00400409289406, -16.923367009825075], [146.00375100244423, -16.923302019231574], [146.00325887209397, -16.923107989235135], [146.00264687234878, -16.92304902992781], [146.0024628021571, -16.923009109230698], [146.0023858623514, -16.92299800988141], [146.00229695249448, -16.922941029773877], [146.00175299294554, -16.922760039331937], [146.0010600028909, -16.922622969231487], [146.00103010246673, -16.92263701984095], [146.00087315241353, -16.922601019717742], [146.00055312220363, -16.92249300985332], [146.00040409259637, -16.922349009209135], [146.00016611270792, -16.922320039933535], [145.99936800269708, -16.92242603971854], [145.99818106230546, -16.92286399002156], [145.99811565237636, -16.922946109779655], [145.99807594234923, -16.92294005004006], [145.99787504222078, -16.922957049280686], [145.99698696234097, -16.923265039503367], [145.9967101123502, -16.923428019593295], [145.99635299249888, -16.92348695987487], [145.99599515219876, -16.923587049681462], [145.9956441624509, -16.92370899944311], [145.99501706292415, -16.924039040054463], [145.99470203273717, -16.924113999553192], [145.99426392257647, -16.924124989691585], [145.99343697215343, -16.924051989653357], [145.99307088262404, -16.923987019922084], [145.99291499258288, -16.923935979504005], [145.99281096228307, -16.923863969434453], [145.99258703294402, -16.92386298970542], [145.99252174249085, -16.92390311991787], [145.99243176274044, -16.92401109975353], [145.99232777286477, -16.924219120011532], [145.99185517278704, -16.92456804952223], [145.99170611263702, -16.92459603958617], [145.99106579260422, -16.925139119396935], [145.99078977265674, -16.925325119600753], [145.9906398025133, -16.92551912926505], [145.990594792426, -16.925598129949286], [145.99051278252878, -16.925922139403568], [145.9905197822015, -16.9262031292819], [145.9905117925853, -16.926310139254497], [145.99025680219867, -16.926986129394322], [145.98986680221134, -16.928252139209327], [145.9897088325703, -16.92893513928129], [145.9895068023612, -16.929546139291503], [145.98927480255762, -16.930114120053226], [145.98894481272623, -16.93070312985459], [145.9888398329072, -16.9310631393469], [145.98876483256413, -16.931185129812857], [145.98858382293264, -16.93135404993691], [145.98749587239374, -16.932140129243816], [145.98692603238146, -16.932308059372566], [145.98667487241119, -16.932413140021083], [145.9854781125352, -16.933204989862737], [145.98489597279007, -16.933520970045123], [145.98373896246702, -16.934066019552407], [145.98358496248127, -16.934293139232516], [145.98355493269963, -16.93439414968722], [145.98352496220681, -16.934408139262676], [145.98312587216708, -16.93472698941209], [145.9829919522228, -16.934856039733898], [145.98273893273995, -16.93583814957156], [145.9827159726996, -16.9361121595704], [145.9827809424542, -16.937133149340568], [145.98282496259802, -16.937565149668448], [145.98299925283115, -16.938062649272656], [145.98333501254163, -16.938776989226646], [145.98370009236467, -16.93919502921632], [145.9839081421845, -16.939532969223986], [145.9841329024652, -16.9401421396691], [145.9842490824792, -16.9403680094145], [145.9844129028477, -16.94063503931361], [145.98453203292905, -16.94079999973601], [145.98461412277635, -16.94088000973818], [145.98483695257755, -16.94103805918989], [145.98503785270603, -16.94128303940156], [145.985113072238, -16.941404989727697], [145.98517213287468, -16.941592009348707], [145.98546986240763, -16.94194498932104], [145.98553790260385, -16.942179139962338], [145.98570708232128, -16.942327029357518], [145.98599794243728, -16.942464000034388], [145.98647690258719, -16.942914139630865], [145.9868918326203, -16.943235049769505], [145.98711503252738, -16.9433430494488], [145.98733895288328, -16.943415029722594], [145.98756215279036, -16.943457970045205], [145.98795708273195, -16.943495039471692], [145.9887699421814, -16.943445999690077], [145.98907595238467, -16.943396049873446], [145.98933284270814, -16.943206149876623], [145.98945000278414, -16.94313702935124], [145.98990505247616, -16.943045049928557], [145.99100808213544, -16.943003019535826], [145.9911973724371, -16.942990269744833], [145.99178385284176, -16.94287405987574], [145.99241278223676, -16.942663160013893], [145.99273475280765, -16.942419139749006], [145.99290674245532, -16.94225415926345], [145.99299576280504, -16.942139139968106], [145.9932507522933, -16.94168614983774], [145.9933847423062, -16.94138413977056], [145.9935237727661, -16.941270119346242], [145.993870742553, -16.941068119515258], [145.99403470216032, -16.940932130040068], [145.99420672235075, -16.940731129252047], [145.99475973242613, -16.939947129341427], [145.99498373273215, -16.939772119922957], [145.99540874276104, -16.93971112920201], [145.99572268239328, -16.93971112920201], [145.99604968263142, -16.939769129423937], [145.99631868224492, -16.939769129423937], [145.9966997125542, -16.939676130037316], [145.99722965209648, -16.93926013978598], [145.9974306627177, -16.939087119964242], [145.9975356721812, -16.93893612923238], [145.99797666234062, -16.93849112930932], [145.99915663270403, -16.937478119951088], [145.9997536323806, -16.937134129859903], [146.00030660293015, -16.93667412996635], [146.00056761292754, -16.936423119680704], [146.0007325921227, -16.93622111980129], [146.00077661226658, -16.936142129591193], [146.00081457237553, -16.935962119476955], [146.00116658260947, -16.934956129511022], [146.0017495928222, -16.9342811193105], [146.0019596126474, -16.933979109387085], [146.00222858261654, -16.93351110966403], [146.00222858261654, -16.933468119805784], [146.00234757256072, -16.93326711963722], [146.00258055242625, -16.93271411004061], [146.00273057287532, -16.932109109290227], [146.00288058254463, -16.931736109760454], [146.0030305625696, -16.931117119484718], [146.00306856220442, -16.930743109936245], [146.00300256208212, -16.93021111943485], [146.0029205521849, -16.929815109569127], [146.0028015622407, -16.929613109471816], [146.00274155208473, -16.929384109822628], [146.00292256261451, -16.928808119932366], [146.0029975629576, -16.928686109878672], [146.00372256268068, -16.927752119709442], [146.0038045824594, -16.92760109925732], [146.0042845226713, -16.92643608002346], [146.00449352290866, -16.92612007935348], [146.0046425120918, -16.92574608995581], [146.00464882275668, -16.92567703005018], [146.00460652288658, -16.925336089902128]]]]}, "properties": {"sa2_code_2021": "306021148", "sa2_name_2021": "Gordonvale - Trinity", "sa3_name_2021": "Cairns - South", "sa4_name_2021": "Cairns", "mapped_location": "Cairns", "geography_type": "LGA approximation from 2021 SA2 names", "fill_color": [180, 61, 31, 90], "line_color": [127, 42, 25, 220]}}, {"type": "Feature", "geometry": {"type": "Polygon", "coordinates": [[[145.7171350821536, -16.929297029914867], [145.71651998232238, -16.93618600913049], [145.71609300228806, -16.940342019652782], [145.7160655524679, -16.940699789323666], [145.71603099248227, -16.94115099957393], [145.71575348222981, -16.944377619300248], [145.7176249828854, -16.94452700991225], [145.721118282192, -16.944818039752413], [145.72120399224988, -16.944955009474402], [145.72153099248803, -16.944930019730105], [145.72193001245915, -16.944953009848124], [145.72239600273295, -16.944914009827563], [145.72254299226628, -16.944928019244273], [145.7230020125119, -16.944974009789735], [145.7237849724354, -16.945001019777507], [145.72397700259873, -16.945102009874258], [145.7243670025861, -16.944994009486464], [145.72455998226866, -16.944878009669168], [145.72481099222028, -16.94450201925176], [145.72496900228555, -16.944392019746477], [145.7252159922763, -16.944290009257823], [145.72576798276384, -16.94443800956372], [145.72613597223008, -16.94428700937814], [145.72630391227244, -16.94409714980964], [145.72635129301383, -16.94413388913169], [145.7264910124815, -16.943768009710833], [145.72661799294016, -16.94370399977295], [145.72695401226377, -16.943537999540418], [145.7273900122819, -16.94332100954476], [145.72789498225254, -16.943195009611664], [145.72820100233722, -16.94315700947887], [145.7283909825451, -16.943428019235657], [145.72849402290146, -16.94341500909886], [145.72861801286854, -16.943342009668616], [145.72867397252082, -16.942731049300328], [145.72876299287057, -16.94273300942123], [145.7289160029129, -16.94290599925032], [145.72898601221627, -16.942944999687306], [145.72916898286996, -16.942997009423497], [145.72950299266225, -16.942757999457452], [145.73008097230934, -16.942620009834332], [145.73046301232492, -16.94295101925386], [145.73087700272026, -16.942830009172194], [145.73098602226315, -16.942730009516723], [145.73106800251594, -16.94249400943161], [145.73124999220937, -16.942326009336227], [145.73135785292553, -16.942304239141738], [145.731396102292, -16.942439419857877], [145.73143694239977, -16.94256380992022], [145.731530052779, -16.94253241959693], [145.73202310300408, -16.942283419360738], [145.73225407244007, -16.94220442911815], [145.73267210255923, -16.942133429733648], [145.7330751029654, -16.942105419935444], [145.73431303263084, -16.941878399915883], [145.73446334233742, -16.94183029981912], [145.73460405264694, -16.941785399853444], [145.73485108216357, -16.94162740946419], [145.73503004273783, -16.941563399657138], [145.73550702300088, -16.941586399639316], [145.73573901292295, -16.941543409907567], [145.73591801302314, -16.941400399179717], [145.73600802241796, -16.941234399491975], [145.73615800244283, -16.941069399921222], [145.7362476129857, -16.941065719398534], [145.73764198246127, -16.941008389856268], [145.7378429921842, -16.94097337976161], [145.7379699726429, -16.940901379648043], [145.73821696263366, -16.940685389454075], [145.73835099217234, -16.94054937993747], [145.73849199263765, -16.940360019307608], [145.73858098244457, -16.94021900993463], [145.73903997214748, -16.939370399235454], [145.73929496253413, -16.93895338912781], [145.73948994276486, -16.938709389830613], [145.739707002687, -16.938512009664162], [145.73989293239123, -16.93841538923568], [145.7400949626003, -16.93837938955218], [145.74057194286334, -16.93840237961151], [145.7406979423617, -16.938388379161534], [145.7409378922556, -16.938230389356534], [145.7409529327484, -16.938127379543797], [145.74102520221302, -16.938097929743826], [145.74208388294497, -16.937657869091705], [145.74259386281997, -16.937442119228894], [145.74292660239453, -16.93730290972587], [145.74311289232315, -16.937224379722434], [145.74325787232516, -16.937398369744336], [145.7444102823756, -16.938772639230635], [145.74454738235596, -16.938927619162367], [145.74465677290303, -16.93906689964788], [145.74510700223524, -16.938772009331956], [145.74549802270874, -16.938613009260504], [145.74647899288044, -16.938272009189145], [145.74646100232033, -16.93814300933367], [145.74551598272626, -16.936982009232032], [145.74482952252546, -16.936162049447553], [145.7445359926165, -16.935814009379406], [145.74431801281955, -16.935570009448185], [145.7447900325856, -16.9352080294722], [145.74513886278342, -16.934934969469257], [145.74597011254338, -16.93428400935117], [145.7446420225661, -16.93272900981479], [145.7434069728994, -16.931490009381633], [145.74347001217444, -16.931110019300945], [145.7433070029847, -16.931090019847005], [145.74315899296525, -16.9311070192111], [145.74291189248174, -16.930868259688484], [145.74265890264323, -16.93056612913126], [145.74235398299473, -16.930202019433874], [145.74206998241428, -16.92986200959982], [145.7413158125973, -16.928962109461622], [145.74112167229137, -16.928882489710535], [145.74092497268512, -16.928802009677497], [145.7408060222668, -16.92866099937772], [145.7403329829129, -16.9280940197202], [145.73997699224395, -16.92766901976008], [145.73985899224314, -16.927527009135606], [145.73974000229896, -16.92738599959959], [145.73908701242732, -16.926604009225223], [145.73912797290936, -16.926228989508065], [145.73806100252392, -16.92495648960144], [145.7377009326052, -16.92452700933801], [145.73711204291902, -16.924984149595637], [145.73637901225723, -16.925554979294102], [145.73539800255966, -16.926318019095298], [145.73430398300266, -16.927040019605208], [145.73347883280348, -16.9269090397332], [145.733153062359, -16.92686699972036], [145.73207171264076, -16.926750879583672], [145.73111399266526, -16.926633019092865], [145.73024752265798, -16.92655618968511], [145.73026529223256, -16.926379209240725], [145.73029778249978, -16.92599341991333], [145.73033099231753, -16.925629929595267], [145.73034621247336, -16.92545380940314], [145.73036468273395, -16.92526079915959], [145.73048440300846, -16.92393946957243], [145.73054477249053, -16.92326675919109], [145.73057799218975, -16.922866799452418], [145.73059901276736, -16.922609539120163], [145.7306719829179, -16.92180053965831], [145.73070497264837, -16.9214495398274], [145.73071399263216, -16.921341539615618], [145.73077396236386, -16.920692539250762], [145.73078301289036, -16.92058452915118], [145.73083396263834, -16.92003552935063], [145.73084301226655, -16.919927539500577], [145.7309139324616, -16.919155889789213], [145.73100497222407, -16.91815199986106], [145.73105402293348, -16.91759999954091], [145.73107099300753, -16.917431999570805], [145.73047002277738, -16.917382019645313], [145.73056897220596, -16.916273019493378], [145.73074399276936, -16.916094009685125], [145.73082699261005, -16.916006999262965], [145.7310306622446, -16.91586286989953], [145.73079998296438, -16.915728999663433], [145.730317382841, -16.915369789363915], [145.7299740224849, -16.915114009940147], [145.729782002203, -16.91499199960861], [145.72954701280614, -16.914868019332978], [145.72933600213912, -16.914775019676913], [145.7291179926978, -16.91469801955725], [145.7286449928698, -16.91459800925355], [145.72781198241185, -16.91452300987057], [145.72546700222793, -16.914325999694945], [145.72476898250602, -16.914173009777016], [145.72452899218797, -16.91409900977218], [145.7243270024031, -16.914026009285994], [145.7237189821946, -16.913800659705924], [145.72298099283253, -16.91352799924553], [145.72258799247217, -16.913412009257573], [145.72226898274846, -16.913342009737573], [145.7218639826925, -16.913278009220583], [145.7213840029547, -16.91323100965962], [145.72076299220893, -16.91318700960288], [145.72016399288256, -16.91316401990219], [145.71959802281245, -16.91318001961343], [145.7192170023847, -16.913211009166325], [145.71884499295757, -16.913194999144167], [145.71850499230064, -16.913140999258122], [145.71796202269513, -16.912988009237488], [145.71769499218874, -16.912870009495983], [145.71732900237228, -16.912644019093136], [145.71712898259284, -16.91248200946076], [145.71602799300757, -16.911234999638193], [145.71574399242715, -16.910956999873754], [145.71563901260808, -16.91109600969111], [145.71540140282553, -16.911200929422748], [145.7152368925509, -16.912488189861666], [145.71520660225784, -16.9127566499165], [145.71504852302235, -16.913996999195376], [145.71501881214266, -16.914255719472635], [145.7149388027936, -16.9148728391424], [145.71487368302027, -16.91538412928971], [145.71483028271396, -16.915652789767208], [145.71450051296983, -16.918186079132777], [145.71372258271353, -16.924161269691083], [145.71312489223254, -16.928751689873405], [145.71715300264523, -16.92909301915417], [145.7171350821536, -16.929297029914867]]]}, "properties": {"sa2_code_2021": "306021149", "sa2_name_2021": "Kanimbla - Mooroobool", "sa3_name_2021": "Cairns - South", "sa4_name_2021": "Cairns", "mapped_location": "Cairns", "geography_type": "LGA approximation from 2021 SA2 names", "fill_color": [180, 61, 31, 90], "line_color": [127, 42, 25, 220]}}, {"type": "Feature", "geometry": {"type": "Polygon", "coordinates": [[[145.7160655524679, -16.940699789323666], [145.71609300228806, -16.940342019652782], [145.71651998232238, -16.93618600913049], [145.7171350821536, -16.929297029914867], [145.71715300264523, -16.92909301915417], [145.71312489223254, -16.928751689873405], [145.71252498291275, -16.932484009871185], [145.71143100288165, -16.932348019347707], [145.7110269828877, -16.935728999200965], [145.70998797256541, -16.943932009243916], [145.70964100277854, -16.946715009192033], [145.70749900232286, -16.946468009807436], [145.70675298292048, -16.95244500909065], [145.7078419925731, -16.952569019606052], [145.70759200220934, -16.953026999125015], [145.7076140127304, -16.953556009574974], [145.70822601247556, -16.954106019176088], [145.7081690026927, -16.955018009236316], [145.70768701252533, -16.955487999636524], [145.70780097280223, -16.956366009455007], [145.70633600293183, -16.95618200937543], [145.7052259727016, -16.96488801959424], [145.69566099272893, -16.963622009813495], [145.68783839226796, -16.962573629724265], [145.68309802293783, -16.961938009885703], [145.6826360122007, -16.962303009309608], [145.6815390021521, -16.963252009647903], [145.68107899286144, -16.963653009102245], [145.6809220023841, -16.963828999867296], [145.68075801223404, -16.964020019223952], [145.68079002280086, -16.964143009071076], [145.68083699301212, -16.96431000928916], [145.6811380121756, -16.96464801928333], [145.68101800264353, -16.965115009245324], [145.68068800293065, -16.96553801968386], [145.68064701280423, -16.965605999518303], [145.6803329725607, -16.96549100911965], [145.68003801253383, -16.964791999572665], [145.67935101244552, -16.964134009523303], [145.67922399246103, -16.963963019752207], [145.67880602252896, -16.963709009384353], [145.67845599218188, -16.96354001951412], [145.67747199289101, -16.963494009453182], [145.67730299283662, -16.963487009303424], [145.67737300303827, -16.96322199926854], [145.67741402280907, -16.96313500978292], [145.67754499268597, -16.96292599976692], [145.6776889827445, -16.962653019543573], [145.6778460028663, -16.962531009107742], [145.67805500220533, -16.962340009717717], [145.6783649928436, -16.96217001932395], [145.6795389822238, -16.961601009776192], [145.67978601263871, -16.96145300923616], [145.68016098291304, -16.96116400976144], [145.68063000230606, -16.960885009704025], [145.68103599230548, -16.96062600984344], [145.68133901291537, -16.960417009065313], [145.68167098263368, -16.960140009081737], [145.68198200274128, -16.95991201927043], [145.6822239927091, -16.959702009800452], [145.68242398284417, -16.959453019417403], [145.68279401238445, -16.959109009381848], [145.68302199222717, -16.958799999483148], [145.68332202234552, -16.95831500963626], [145.6835730026527, -16.957768019751732], [145.68390398242764, -16.95702801969246], [145.68418999253936, -16.9564260091992], [145.68428898239205, -16.956219009270463], [145.68420499260796, -16.9560799992694], [145.68433501296553, -16.954933999335932], [145.68513928272424, -16.947939499725184], [145.6847816229855, -16.947897859690045], [145.68425000269525, -16.947836009724437], [145.68064898280966, -16.94759201937316], [145.67627500214797, -16.947112019807342], [145.67697299222542, -16.941795999683627], [145.67809599233175, -16.93259600922203], [145.6807030029993, -16.93289100976366], [145.68137898255563, -16.927347009687978], [145.68154699266657, -16.926174009344713], [145.6826360122007, -16.91854199929893], [145.68092500275714, -16.91836101923994], [145.6662460126867, -16.916742009172232], [145.66123109215462, -16.91638380979333], [145.6608512027058, -16.91690116952517], [145.66118558260402, -16.91746196912771], [145.66245767250481, -16.918750499146466], [145.66346168266693, -16.92033984943926], [145.66331119239894, -16.921106969432596], [145.66260291301825, -16.922149779603814], [145.6626591924708, -16.924440489236982], [145.6618960826201, -16.926390679651423], [145.66154098218152, -16.928739259668834], [145.6596513723881, -16.92930875968255], [145.65744429258342, -16.930341729193852], [145.65686682228113, -16.93132461970188], [145.65624778243907, -16.93339213966531], [145.65667549280374, -16.934442359105613], [145.6552157125007, -16.935759489193853], [145.65365198274628, -16.938076799273166], [145.65272108287192, -16.939800059602845], [145.6517197029769, -16.941236549540886], [145.6504964023758, -16.943276759583], [145.65000460260555, -16.944437319531794], [145.6498775125524, -16.945297679106506], [145.65035519260303, -16.946115509226164], [145.6509898927754, -16.947019629862133], [145.65122925247616, -16.947514979401237], [145.65139722216296, -16.947899989898858], [145.65142150272678, -16.948550779157127], [145.65138222299265, -16.949335979725817], [145.65181179286992, -16.95011369946035], [145.65190023290796, -16.950417969189164], [145.65179424248424, -16.950697959220314], [145.65136722292405, -16.95107894946945], [145.6510002925715, -16.9516169698462], [145.65074128222398, -16.9521659591385], [145.65060426219364, -16.95266794938098], [145.6505061922158, -16.953160259380063], [145.65056780227124, -16.95359080938212], [145.65082790227524, -16.954407179611593], [145.65101642272077, -16.95510669953584], [145.65051360241858, -16.956041449233968], [145.6501399823121, -16.95650545918679], [145.6498666025133, -16.956861109238282], [145.64983919221902, -16.957139459656076], [145.650027092827, -16.958209819728015], [145.6500957825052, -16.95874560969457], [145.650813082768, -16.95986759964619], [145.65042202276862, -16.96047019972441], [145.6503673027914, -16.96135432982895], [145.650968282903, -16.961847099103096], [145.65122761305082, -16.962779829579215], [145.65092700262076, -16.964244259538745], [145.65038559249058, -16.965567389573653], [145.6506205028357, -16.96653486977158], [145.65082826249966, -16.96790952941082], [145.6512035929984, -16.969518069596354], [145.65175120240235, -16.970250129563034], [145.65220238305042, -16.970872339283012], [145.65281879262534, -16.970876409297226], [145.65352977234184, -16.970613659069727], [145.6543461028815, -16.97151007944475], [145.65412487297985, -16.973686689643], [145.65428897272437, -16.973966469721013], [145.65457028285056, -16.974332679548716], [145.65480348280335, -16.974681199882326], [145.652118392368, -16.975128929634632], [145.65200309270296, -16.97556059947727], [145.65192089236288, -16.975945149547094], [145.65178496288735, -16.976777989123324], [145.6513513829306, -16.977445969067507], [145.65003661227405, -16.97764365973814], [145.64903911220281, -16.978462669581642], [145.64791137258496, -16.978739009334625], [145.64664040288335, -16.979689759177884], [145.64574900283026, -16.981189019464683], [145.64499998305484, -16.98252421959508], [145.6442265830025, -16.983367209055103], [145.64351209266997, -16.983909639668806], [145.64237088281445, -16.984503959566624], [145.64114897280544, -16.984468439519713], [145.64034897273925, -16.9850376495238], [145.63966200229547, -16.98571703936085], [145.63936869247368, -16.988161389562702], [145.63904238303996, -16.990046979605538], [145.63843388223282, -16.99165708947282], [145.63742681240885, -16.993346619049955], [145.6371616027875, -16.994658089680136], [145.63706597263393, -16.996107009304126], [145.6360141226914, -16.996100439052352], [145.63495949246294, -16.9965037591317], [145.63415729242266, -16.997373889228744], [145.6336364025085, -16.998656249611358], [145.6330330930654, -17.001489249021205], [145.63296034300214, -17.003321199212248], [145.63199970260357, -17.00408067939097], [145.6303245027022, -17.00464384920054], [145.63008987263143, -17.006805999627762], [145.63216417245403, -17.008830499406844], [145.6322327525378, -17.010586899644917], [145.6319887925645, -17.011875909375043], [145.63191279239646, -17.012995899635854], [145.63240080307293, -17.013819909036517], [145.63294980306893, -17.014767899678876], [145.63349978222854, -17.015682899401142], [145.6340637822932, -17.01626887912653], [145.63421678245405, -17.01748887943459], [145.63470479223218, -17.018358879416567], [145.63561627232673, -17.01927320962579], [145.63679430232906, -17.020446069016224], [145.63873359255098, -17.02093844938481], [145.63955677274473, -17.021658859443786], [145.63969474229427, -17.02194084932729], [145.63932777241584, -17.022293849098528], [145.63877877241987, -17.022598839244658], [145.6382694222639, -17.022839309102398], [145.63797778241027, -17.023575009834083], [145.63821561228002, -17.024535499482962], [145.63829989222003, -17.025270259011315], [145.63793978277548, -17.026117859373063], [145.63743583239264, -17.02700083904445], [145.63723785268712, -17.028234849034273], [145.63655089302307, -17.029728849062256], [145.63587987306542, -17.031212849636855], [145.63551392277486, -17.031891869306335], [145.63444589237736, -17.03243686929354], [145.6335909226023, -17.03304885936913], [145.63262579242402, -17.03308715908973], [145.63204996244545, -17.033562889734686], [145.6316229527667, -17.035000889710005], [145.63131799269405, -17.036097889744976], [145.63058500245648, -17.037129889219763], [145.62967005306825, -17.037662888985757], [145.62870802297599, -17.03846789940873], [145.6270161728008, -17.038958869292728], [145.62574809297942, -17.04057791948602], [145.62396313242502, -17.04187291936689], [145.62384115288756, -17.042013929614168], [145.6235661624094, -17.04232492974725], [145.62361215255874, -17.043251929589736], [145.62246718235545, -17.04403593912239], [145.62149121220656, -17.044434949229164], [145.62033562301832, -17.044233909069742], [145.61918722304733, -17.044405959292412], [145.61860723297065, -17.044859968978525], [145.61782927307, -17.045912969696047], [145.61680913275865, -17.047578429170702], [145.6161057824339, -17.04807774969619], [145.61535490224747, -17.048418848985587], [145.61498074225355, -17.049030379651033], [145.614760202258, -17.050014659639597], [145.6145880724732, -17.051484979528844], [145.61512951224773, -17.051845459717793], [145.61575308229376, -17.052205729658173], [145.61603716282428, -17.05298516962854], [145.6164624926534, -17.053877349145715], [145.61707609229813, -17.054836939391834], [145.61749081302378, -17.05612483946545], [145.6180231923904, -17.057503019669397], [145.6185998928365, -17.05784072924935], [145.61928212287063, -17.058144279602622], [145.61965960303783, -17.058742629441294], [145.61963200230073, -17.059641149376112], [145.6178520830917, -17.061137579475563], [145.6172412224103, -17.062216479332776], [145.61638931229714, -17.063255049287076], [145.61726429294342, -17.064537459595325], [145.61697261266562, -17.0659279893634], [145.61668346294195, -17.066970369575262], [145.61563379231228, -17.06758212974695], [145.61623020269403, -17.068475829055895], [145.61726976278516, -17.06925652958247], [145.61867622268622, -17.069343479219178], [145.62004559294573, -17.06900466978506], [145.62137762293384, -17.06827877962234], [145.6226397523148, -17.06774583973017], [145.62331865229413, -17.068369319286198], [145.62419454293382, -17.069535689365953], [145.62523216266396, -17.070587079066335], [145.62611488229643, -17.070825159138074], [145.62753097303562, -17.069596949562143], [145.62853319285534, -17.069990549084515], [145.629372872406, -17.070615109162574], [145.6308136722053, -17.07151448907379], [145.63229378228152, -17.072530179666238], [145.63268605231158, -17.073509219480297], [145.63221823306782, -17.074302959246634], [145.63317018226599, -17.07527401914214], [145.6331180629115, -17.076448049560643], [145.63297936303167, -17.0775375895826], [145.6315322525674, -17.078702219285645], [145.6306063922417, -17.080121979084474], [145.6296442830977, -17.08053489932184], [145.6287656930206, -17.081451669658172], [145.628189432749, -17.082747969452065], [145.6274852029736, -17.08366591903562], [145.62612948261477, -17.084243909397745], [145.6251872028823, -17.084933739288125], [145.62356897233965, -17.085635779484946], [145.62373566282545, -17.086685449536635], [145.6237697224494, -17.087985869704717], [145.62302099282977, -17.088987019433375], [145.62236202287335, -17.089629859258476], [145.6235565926567, -17.090478169575064], [145.62453563234885, -17.090957428992528], [145.62446639290172, -17.092952399607597], [145.6241180729469, -17.095785679238016], [145.62389243231723, -17.096781879197344], [145.62590665281357, -17.097530729377226], [145.627922033035, -17.098121998963276], [145.6304821830857, -17.09887450915596], [145.63140205254678, -17.099983469347585], [145.63160849258554, -17.10161272942783], [145.63444465270229, -17.101946949656227], [145.6371648223495, -17.10322555904062], [145.6380858928581, -17.10417695949853], [145.63932919265233, -17.105865719162665], [145.6383399328272, -17.106777968977557], [145.6372955227318, -17.10776867969499], [145.636521762455, -17.10907625903954], [145.63683931241638, -17.11044371945125], [145.63770396243694, -17.11165733923471], [145.63769213252294, -17.113285139797824], [145.6395973927652, -17.11403310970701], [145.63952983226937, -17.115818069321556], [145.63990892311588, -17.116240699376515], [145.63929850260897, -17.117601929215713], [145.63940040300324, -17.118600339019423], [145.64004558292172, -17.11996998904286], [145.64129129289591, -17.121343669106018], [145.64215678284125, -17.122452218990684], [145.64351965289137, -17.122723929718084], [145.64515021281136, -17.12373258906084], [145.64656733301985, -17.12405712955305], [145.6485326725883, -17.124070289383965], [145.64973633242403, -17.12371073952903], [145.65098667231516, -17.124454239425358], [145.65262446277484, -17.12446516972811], [145.6545599522248, -17.126342179572532], [145.65537810275129, -17.126452629250945], [145.65493605257973, -17.1271848592449], [145.65476512294407, -17.128181449149587], [145.65517848272208, -17.13143996947162], [145.65483958250135, -17.13301309899635], [145.65466631275442, -17.134324749329867], [145.65586026270023, -17.13533041931], [145.65419272273328, -17.1390649290228], [145.6554970127454, -17.140285089440617], [145.65608631296172, -17.141864379577797], [145.6561845329582, -17.143387899574954], [145.6567756828057, -17.144704629625902], [145.65660658303827, -17.14543867960374], [145.65824079281325, -17.145974659014133], [145.65916369229174, -17.1467159496239], [145.65953837241022, -17.147768679473252], [145.6592032226558, -17.14881669944246], [145.65848625297306, -17.14980968918682], [145.65869938276583, -17.1505462692022], [145.6588018023863, -17.151492169199795], [145.65983168223198, -17.15254923930902], [145.66014989245508, -17.153864169660814], [145.66118353264855, -17.154396149719755], [145.66244015266182, -17.154299439139418], [145.66384208235885, -17.153720549684543], [145.66503505224262, -17.154883718944003], [145.66634587300692, -17.15483987956796], [145.66809539232844, -17.154536329758205], [145.66962536249616, -17.15438887947553], [145.67005957307018, -17.154759329386884], [145.67016282273403, -17.155600208964014], [145.6708666527591, -17.156445029675215], [145.67052593255164, -17.158280729240726], [145.67221120256738, -17.159342059201744], [145.67269815233337, -17.159975399672106], [145.67312823245376, -17.16092346952044], [145.67427382249457, -17.16108852908293], [145.67514412291828, -17.16156686924344], [145.67518990286177, -17.162811679317777], [145.6749075327236, -17.164122619638768], [145.67326605288298, -17.164584459642857], [145.67270914232262, -17.16610365960825], [145.67260409243497, -17.16752386897157], [145.67331431307497, -17.168248119744543], [145.67300479225568, -17.16911282938972], [145.67273699279136, -17.169024008966616], [145.67171820264784, -17.169275039030275], [145.6715805924244, -17.169865579179618], [145.67095706280256, -17.170137159607545], [145.67030598274926, -17.171406019355647], [145.69372500291746, -17.173665009216283], [145.6946260023676, -17.17373701919786], [145.69511900228716, -17.173775019638835], [145.6958131323038, -17.17223399921396], [145.6961839325986, -17.171965989689813], [145.69672895305786, -17.172136009668645], [145.69745949269134, -17.17187258918039], [145.69739314312446, -17.17103403976423], [145.69704215247828, -17.170242029315556], [145.6976091430345, -17.169869979584945], [145.69796590266137, -17.169084009061304], [145.69792202265472, -17.16849298921546], [145.69763688301043, -17.16759900895134], [145.69745614287362, -17.1668269889687], [145.69756487226064, -17.166646979569425], [145.69800513298813, -17.166538999079897], [145.69823986277189, -17.165932029079794], [145.6986099426178, -17.16553296942007], [145.69915715227145, -17.164787049596715], [145.6993810726274, -17.163754029492658], [145.69881912251822, -17.162981019322004], [145.69920960310424, -17.162155719017957], [145.69914890304221, -17.16099596940106], [145.6996640230772, -17.16072696944109], [145.6996388729442, -17.159726519150656], [145.7006079530149, -17.159760009376267], [145.7011450826727, -17.158744989692064], [145.70168400267292, -17.15853500975874], [145.7015550126829, -17.15801301971455], [145.7014089430245, -17.157399039237458], [145.70158608271365, -17.155827999458534], [145.7020749629593, -17.15587200941196], [145.7032708829105, -17.155247039284607], [145.70395091297044, -17.15473503977903], [145.70515337265698, -17.154962739491957], [145.70592191282353, -17.155350009302587], [145.7065850428781, -17.155296009769852], [145.7057851128805, -17.15452002965936], [145.70445490287915, -17.153863019465412], [145.70350608251314, -17.153019809299842], [145.7030739227929, -17.153152029106806], [145.7022909628693, -17.153830999395996], [145.70171207233057, -17.153836029355787], [145.70155928237548, -17.153078339052165], [145.701335172475, -17.152513039653186], [145.70062704311295, -17.15198904899483], [145.7007130729711, -17.151351039226036], [145.70139996256657, -17.150505049406355], [145.70269597280677, -17.149602969552], [145.7030181526851, -17.150223979270617], [145.7019381522365, -17.150695028975363], [145.70264698228445, -17.15119200961612], [145.70283310243155, -17.151991029239298], [145.70349911248485, -17.151870979348846], [145.70420291286555, -17.151437989146295], [145.70474508297048, -17.151694029244737], [145.7054521226761, -17.15102496958089], [145.70581789240524, -17.150907979149267], [145.70577288231794, -17.15222197950308], [145.70602305234473, -17.152446979318885], [145.70686799242966, -17.15191496963974], [145.7069860723805, -17.152533999111398], [145.70732913269927, -17.15266503901895], [145.70805096226778, -17.15211504898038], [145.70876303253894, -17.15112917970672], [145.70937215228534, -17.150919039226313], [145.71007415244225, -17.150211009275218], [145.7109369725945, -17.14956100962775], [145.71122098305645, -17.149774999734515], [145.7112779928393, -17.15022900932815], [145.7115529824191, -17.150703019536195], [145.71144173235936, -17.151576569708855], [145.7118984627993, -17.15169013913538], [145.7122175425916, -17.1510444897243], [145.71274307230416, -17.150877099341976], [145.7128660022592, -17.150548009118427], [145.71328798227069, -17.15037201912878], [145.7133770026204, -17.149383009245533], [145.7131400027939, -17.14936699968354], [145.711219993113, -17.149199999208406], [145.7115629923463, -17.144793009313755], [145.70458700283663, -17.144099019170884], [145.70482801274252, -17.142018009195688], [145.6921809723189, -17.1407300195961], [145.6923680024594, -17.138967009523295], [145.69279859282284, -17.134925219532125], [145.68469570272177, -17.134112289202267], [145.685411172218, -17.12735488932997], [145.6860929926204, -17.12091701909538], [145.68055401291787, -17.120339009481636], [145.68180202257912, -17.10912100898293], [145.6823549922304, -17.10924301910544], [145.6843439925251, -17.109256009130675], [145.68593002295648, -17.109997999068515], [145.68639401268214, -17.1105510096435], [145.68656198236894, -17.11184400931267], [145.6980479826272, -17.11302700946108], [145.69877200228828, -17.106038999552347], [145.70446801289245, -17.1066020191136], [145.7097190124778, -17.10712001954306], [145.70852097250253, -17.118168009618618], [145.70850202254155, -17.118349019818535], [145.70823999295632, -17.12075900910042], [145.71629298254166, -17.121533009715613], [145.71547998295497, -17.129194009816754], [145.72018202296857, -17.129681999741592], [145.72069802245431, -17.129734009070006], [145.72975499255733, -17.130626999002466], [145.73843801287222, -17.13147600926876], [145.7376980130805, -17.138481009773056], [145.74159402263743, -17.141853009075334], [145.74293499265923, -17.131153009784665], [145.75366081247296, -17.1323740290998], [145.75446381291218, -17.12522246936443], [145.75587388224398, -17.12536041960721], [145.75690449241995, -17.115224249429378], [145.76122036286253, -17.1156437995643], [145.7607376522463, -17.114525439820937], [145.7606276724044, -17.1118154393803], [145.7600376526376, -17.11124545899767], [145.76271909231968, -17.110151999298555], [145.7637374027628, -17.1008948198353], [145.76414310260637, -17.09720989907365], [145.76427369249586, -17.09602735910336], [145.75967601246376, -17.095550369190587], [145.75997009304004, -17.09296149943124], [145.76015609281285, -17.09147139953243], [145.76027180300795, -17.090466589856426], [145.76034826221508, -17.09035064923625], [145.76029548259885, -17.090251119032988], [145.7569228126619, -17.089897479200033], [145.75706640297014, -17.088659729348116], [145.75094079284435, -17.08801461931784], [145.75126630277745, -17.085157309241403], [145.74440028232985, -17.084434219397288], [145.74446708285103, -17.083802169835057], [145.74109758306867, -17.083464769138654], [145.74089081244983, -17.085400369036257], [145.74107780306446, -17.085418789240297], [145.74111641265537, -17.085057429361196], [145.74149350295374, -17.085094619314855], [145.74130027264115, -17.086903179333667], [145.74242826288892, -17.087014679374512], [145.74223518259504, -17.088822919375467], [145.7420477122801, -17.08880439904516], [145.7413960025078, -17.088496269559784], [145.74127742219534, -17.088728219151733], [145.74054300273812, -17.088655679068964], [145.7403266623666, -17.090680379201032], [145.7331564229565, -17.089975079680727], [145.7333480830139, -17.088166889497806], [145.72907171239268, -17.08774116980613], [145.71215560285447, -17.08607259968909], [145.7144868927135, -17.064213089354325], [145.72580452263637, -17.065329569808174], [145.7272517130506, -17.05259431941112], [145.7275391829247, -17.049869949559664], [145.72340497249382, -17.049466149305843], [145.723869222731, -17.045066679492866], [145.72612550236545, -17.04528705932031], [145.72624840267608, -17.044111229444812], [145.72812858285397, -17.04429487954226], [145.72821359222596, -17.043488099188163], [145.72883146246147, -17.03769716987308], [145.72901250263564, -17.035978169696836], [145.72832320286025, -17.035897439271555], [145.72785359237582, -17.0358612890909], [145.71822686221063, -17.034955289707803], [145.712400592297, -17.034332209669177], [145.70085797302303, -17.032989019851442], [145.7020257927739, -17.024834199326076], [145.6993677128825, -17.02457160976394], [145.69954602217817, -17.022942909766154], [145.69964059231972, -17.022014349878404], [145.70229867221116, -17.02227691983701], [145.70251099262177, -17.0202875994025], [145.70420586293292, -17.020456359469335], [145.70422499255693, -17.020275999869565], [145.7042429822188, -17.020095019059923], [145.7054129929606, -17.009252019648287], [145.70602798229902, -17.003648019425654], [145.70662198250088, -16.998225019502463], [145.71072498276388, -16.998634019472796], [145.71288699229413, -16.99884500938569], [145.71287100228204, -16.99899700946335], [145.71296798260352, -16.99900301950142], [145.713060002428, -16.99901599915559], [145.71570800232357, -16.999283019538872], [145.7157181829307, -16.99919274967204], [145.7162460123304, -16.994347599678395], [145.72036638241775, -16.994765169772066], [145.72133509238247, -16.985672439411285], [145.72442621234308, -16.985970559455325], [145.7246598129445, -16.98369624970102], [145.7249660028108, -16.980808009533206], [145.72747899220738, -16.981051009097143], [145.72749947289753, -16.98087007975371], [145.72828630276334, -16.97380451977798], [145.7282969927152, -16.973694909453314], [145.72265420280016, -16.973187909640274], [145.72303829277126, -16.969300569158957], [145.7214583924434, -16.969457409869943], [145.71968398260205, -16.96963239938015], [145.71958667259887, -16.968888219627893], [145.71928398256895, -16.96886037964379], [145.71964339222592, -16.96524071953262], [145.7139529727362, -16.964710589760774], [145.71449142291746, -16.958771919131717], [145.7150264029068, -16.95287052965305], [145.7153519829085, -16.94914000964592], [145.71575348222981, -16.944377619300248], [145.71603099248227, -16.94115099957393], [145.7160655524679, -16.940699789323666]]]}, "properties": {"sa2_code_2021": "306021150", "sa2_name_2021": "Lamb Range", "sa3_name_2021": "Cairns - South", "sa4_name_2021": "Cairns", "mapped_location": "Cairns", "geography_type": "LGA approximation from 2021 SA2 names", "fill_color": [180, 61, 31, 90], "line_color": [127, 42, 25, 220]}}, {"type": "Feature", "geometry": {"type": "Polygon", "coordinates": [[[145.7334989721339, -16.910042009856607], [145.73336798249406, -16.91018397951735], [145.73329501234358, -16.910276019688563], [145.73323198294995, -16.91054800930925], [145.73317099273208, -16.910784009907466], [145.73308298298704, -16.91115900966738], [145.73302900232335, -16.911489009526463], [145.7330177922469, -16.911580079580993], [145.73297002253506, -16.911974999312594], [145.73296699251756, -16.91200700924922], [145.7329660025741, -16.91201000964334], [145.7328997221775, -16.91256213979078], [145.73278602241203, -16.9135099996035], [145.73144490237152, -16.91334975948314], [145.73123101260404, -16.91572000983144], [145.7310306622446, -16.91586286989953], [145.73082699261005, -16.916006999262965], [145.73074399276936, -16.916094009685125], [145.73056897220596, -16.916273019493378], [145.73047002277738, -16.917382019645313], [145.73107099300753, -16.917431999570805], [145.73105402293348, -16.91759999954091], [145.73100497222407, -16.91815199986106], [145.7309139324616, -16.919155889789213], [145.73084301226655, -16.919927539500577], [145.73083396263834, -16.92003552935063], [145.73078301289036, -16.92058452915118], [145.73077396236386, -16.920692539250762], [145.73071399263216, -16.921341539615618], [145.73070497264837, -16.9214495398274], [145.7306719829179, -16.92180053965831], [145.73059901276736, -16.922609539120163], [145.73057799218975, -16.922866799452418], [145.73054477249053, -16.92326675919109], [145.73048440300846, -16.92393946957243], [145.73036468273395, -16.92526079915959], [145.73034621247336, -16.92545380940314], [145.73033099231753, -16.925629929595267], [145.73029778249978, -16.92599341991333], [145.73026529223256, -16.926379209240725], [145.73024752265798, -16.92655618968511], [145.73111399266526, -16.926633019092865], [145.73207171264076, -16.926750879583672], [145.733153062359, -16.92686699972036], [145.73347883280348, -16.9269090397332], [145.73430398300266, -16.927040019605208], [145.73539800255966, -16.926318019095298], [145.73637901225723, -16.925554979294102], [145.73711204291902, -16.924984149595637], [145.7377009326052, -16.92452700933801], [145.7380975729391, -16.924219169857313], [145.7387999827277, -16.92367399988078], [145.73913549270657, -16.92341408936073], [145.73949983231785, -16.92314999914839], [145.739985862209, -16.9227250395932], [145.74013197229166, -16.92270399935428], [145.7418075827232, -16.922863639379823], [145.74222200251316, -16.92290315962001], [145.74229985231236, -16.92227496944524], [145.74258766264788, -16.919694239513568], [145.74261197285614, -16.91947650955774], [145.74274643268788, -16.918220839932037], [145.74287999240767, -16.916999009372795], [145.74285900237274, -16.91684501951439], [145.74291605257983, -16.915948059218962], [145.74297262218815, -16.915315159264548], [145.74300427253058, -16.91497244965506], [145.74306212223826, -16.91435833926283], [145.7431221629369, -16.91357202930369], [145.74313191235268, -16.91346844992914], [145.74305300254153, -16.913441019438274], [145.74306701266664, -16.913300009669317], [145.7431100123244, -16.91283101915763], [145.74313501243873, -16.912573019732466], [145.74237399296766, -16.912507009529214], [145.74209721214717, -16.91248321958515], [145.7421169921514, -16.911573019915085], [145.74212699219717, -16.911391009534867], [145.74217298234643, -16.91046800962208], [145.74220098283388, -16.909927019870814], [145.74221901291995, -16.909554019380707], [145.74184298263353, -16.909522009886917], [145.7418499921877, -16.909340009558562], [145.7422260224741, -16.90937201994274], [145.7425289622357, -16.909399009254503], [145.74256999278626, -16.90936599930247], [145.74258298242526, -16.909221019132833], [145.74223299250238, -16.909191009588632], [145.74224602256555, -16.908844009490522], [145.74225299259382, -16.90867900989595], [145.74226700271905, -16.90829100982696], [145.74223696215765, -16.908057019876995], [145.74189500227507, -16.90814200988726], [145.74191241252356, -16.90754487958615], [145.7416916227964, -16.907693269763406], [145.74149970222754, -16.907821789400213], [145.74035419213678, -16.908129279222447], [145.73924090281866, -16.908037019694024], [145.7378618226692, -16.907922749592217], [145.7367113026741, -16.907826539771598], [145.73596090218808, -16.907763789650943], [145.73558480273144, -16.90773326934064], [145.73387127261515, -16.90759014956106], [145.73377699262946, -16.907584009395364], [145.73376688298924, -16.90769555943196], [145.733719912778, -16.90827657911577], [145.73341849296585, -16.90852210990998], [145.73296487249348, -16.908891569666906], [145.73344211236966, -16.909903979922856], [145.7334989721339, -16.910042009856607]]]}, "properties": {"sa2_code_2021": "306021151", "sa2_name_2021": "Manoora", "sa3_name_2021": "Cairns - South", "sa4_name_2021": "Cairns", "mapped_location": "Cairns", "geography_type": "LGA approximation from 2021 SA2 names", "fill_color": [180, 61, 31, 90], "line_color": [127, 42, 25, 220]}}, {"type": "Feature", "geometry": {"type": "Polygon", "coordinates": [[[145.7431221629369, -16.91357202930369], [145.74306212223826, -16.91435833926283], [145.74300427253058, -16.91497244965506], [145.74297262218815, -16.915315159264548], [145.74291605257983, -16.915948059218962], [145.74285900237274, -16.91684501951439], [145.74287999240767, -16.916999009372795], [145.74274643268788, -16.918220839932037], [145.74261197285614, -16.91947650955774], [145.74258766264788, -16.919694239513568], [145.74229985231236, -16.92227496944524], [145.74222200251316, -16.92290315962001], [145.7418075827232, -16.922863639379823], [145.74013197229166, -16.92270399935428], [145.739985862209, -16.9227250395932], [145.73949983231785, -16.92314999914839], [145.73913549270657, -16.92341408936073], [145.7387999827277, -16.92367399988078], [145.7380975729391, -16.924219169857313], [145.7377009326052, -16.92452700933801], [145.73806100252392, -16.92495648960144], [145.73912797290936, -16.926228989508065], [145.73908701242732, -16.926604009225223], [145.73974000229896, -16.92738599959959], [145.73985899224314, -16.927527009135606], [145.73997699224395, -16.92766901976008], [145.7403329829129, -16.9280940197202], [145.7408060222668, -16.92866099937772], [145.74092497268512, -16.928802009677497], [145.74112167229137, -16.928882489710535], [145.7413158125973, -16.928962109461622], [145.74206998241428, -16.92986200959982], [145.74235398299473, -16.930202019433874], [145.74265890264323, -16.93056612913126], [145.74291189248174, -16.930868259688484], [145.74315899296525, -16.9311070192111], [145.7433070029847, -16.931090019847005], [145.74347001217444, -16.931110019300945], [145.74372000253825, -16.931110019300945], [145.74393498286048, -16.931074009626], [145.74428097258541, -16.930988009879975], [145.74547999262268, -16.93021100943389], [145.74567501237925, -16.930159999922214], [145.7457010024371, -16.93023599941457], [145.7459229923135, -16.9304720097192], [145.74622393242527, -16.93084301971233], [145.7464438525832, -16.93109800948816], [145.74791808228755, -16.929934029406564], [145.7482743927568, -16.929656729280417], [145.74838247266186, -16.929564619516096], [145.7489105221488, -16.92915395917527], [145.74927708239548, -16.92886499943463], [145.74986999294086, -16.928398989375403], [145.7499459526846, -16.928339049440996], [145.75058200212663, -16.927840029646354], [145.75072285257326, -16.92772902951872], [145.7510841621671, -16.927437839179284], [145.75190797297816, -16.926797979758163], [145.75261213268502, -16.926238979180727], [145.75305739253704, -16.92588516964336], [145.7532448224278, -16.925737999537365], [145.75395357252575, -16.925180009911184], [145.75422426276856, -16.924967109286516], [145.75469182239925, -16.924608009421583], [145.75512993255995, -16.924281039618336], [145.75516501267015, -16.92424932912312], [145.75526604259682, -16.92415800994868], [145.7560220324006, -16.923566969502907], [145.75639499224533, -16.923239019878515], [145.7584819124993, -16.921593999231142], [145.75700987288766, -16.919969059389206], [145.75519764217617, -16.917753399206774], [145.75630052271512, -16.916992799898807], [145.75722062214484, -16.916359389505658], [145.75775348300846, -16.915995549705983], [145.75814126236043, -16.915730799348697], [145.75821656274078, -16.915679389708547], [145.7590185723383, -16.915127389878254], [145.75924498282416, -16.915268999895066], [145.75936200276297, -16.915074009351127], [145.75965400284102, -16.914859999781797], [145.75964130245953, -16.914815639135334], [145.7608685421731, -16.913974389473303], [145.76105655237558, -16.913846389706567], [145.76119452282344, -16.91375800913051], [145.76127485287108, -16.913706569730547], [145.76126551218874, -16.913662389298665], [145.76108753257472, -16.91341738947157], [145.76073057262357, -16.91309238989336], [145.7606415423924, -16.912969379558884], [145.76059752224853, -16.91285337977301], [145.76049288289096, -16.912781009649326], [145.76007554267798, -16.91267938941438], [145.75978554224974, -16.91253440921534], [145.75961454254553, -16.912375399877035], [145.75934754258182, -16.911849409849964], [145.75918454237524, -16.911603409823993], [145.75908755217228, -16.91150940985507], [145.75896152213124, -16.911437409646002], [145.75872358266696, -16.91137940929043], [145.75863357237378, -16.911285399755606], [145.75817356218482, -16.910592419950316], [145.7581026824139, -16.910502329217017], [145.75774257296936, -16.91004341939473], [145.75735658216314, -16.909610429407145], [145.75726230217742, -16.90949425995564], [145.7567333022729, -16.908842549234116], [145.75668855269703, -16.90878743937141], [145.75663895221862, -16.908712309613257], [145.7565980429406, -16.90865001960973], [145.75597655249445, -16.907373439580464], [145.75534557224557, -16.906492449950704], [145.7551285823921, -16.906258469800957], [145.75486257237182, -16.90593644977337], [145.7547085023174, -16.905795839211073], [145.75461802220536, -16.90563699952446], [145.75452560263065, -16.90548368969665], [145.7545285625795, -16.90546745984679], [145.75445556278456, -16.90515047941671], [145.75431460274348, -16.904818479580964], [145.75412089273053, -16.904580029675767], [145.75400314246139, -16.90430598926991], [145.75395857254858, -16.904277489945578], [145.75384561299484, -16.904118919722627], [145.75295559275403, -16.904039479421083], [145.7508796229634, -16.90384548975297], [145.75010819291654, -16.90377849923819], [145.75009640252844, -16.903936699301926], [145.75007388266263, -16.904186079438187], [145.7500327829417, -16.904322349863822], [145.7499409122376, -16.90443297958696], [145.74981148297147, -16.904501429299774], [145.7496649722402, -16.904516989682538], [145.7467470923821, -16.904273529366005], [145.74620879221945, -16.903954849411594], [145.74611593247022, -16.903949059804425], [145.7460620227734, -16.90454501968389], [145.74598500211926, -16.905338109191245], [145.74597982243336, -16.90540803948636], [145.74597000294895, -16.905518859380294], [145.7460680028582, -16.905527239457413], [145.745918902284, -16.907124399720324], [145.74572877295577, -16.907128609491444], [145.74563501219632, -16.907188789955974], [145.74377978272548, -16.90768429931623], [145.74367539220123, -16.907685669335695], [145.74358987258623, -16.90768693965486], [145.74191241252356, -16.90754487958615], [145.74189500227507, -16.90814200988726], [145.74223696215765, -16.908057019876995], [145.74226700271905, -16.90829100982696], [145.74225299259382, -16.90867900989595], [145.74224602256555, -16.908844009490522], [145.74223299250238, -16.909191009588632], [145.74258298242526, -16.909221019132833], [145.74256999278626, -16.90936599930247], [145.7425289622357, -16.909399009254503], [145.7422260224741, -16.90937201994274], [145.7418499921877, -16.909340009558562], [145.74184298263353, -16.909522009886917], [145.74221901291995, -16.909554019380707], [145.74220098283388, -16.909927019870814], [145.74217298234643, -16.91046800962208], [145.74212699219717, -16.911391009534867], [145.7421169921514, -16.911573019915085], [145.74209721214717, -16.91248321958515], [145.74237399296766, -16.912507009529214], [145.74313501243873, -16.912573019732466], [145.7431100123244, -16.91283101915763], [145.74306701266664, -16.913300009669317], [145.74305300254153, -16.913441019438274], [145.74313191235268, -16.91346844992914], [145.7431221629369, -16.91357202930369]]]}, "properties": {"sa2_code_2021": "306021152", "sa2_name_2021": "Manunda", "sa3_name_2021": "Cairns - South", "sa4_name_2021": "Cairns", "mapped_location": "Cairns", "geography_type": "LGA approximation from 2021 SA2 names", "fill_color": [180, 61, 31, 90], "line_color": [127, 42, 25, 220]}}, {"type": "Feature", "geometry": {"type": "Polygon", "coordinates": [[[145.72749947289753, -16.98087007975371], [145.72747899220738, -16.981051009097143], [145.7249660028108, -16.980808009533206], [145.7246598129445, -16.98369624970102], [145.72442621234308, -16.985970559455325], [145.72133509238247, -16.985672439411285], [145.72036638241775, -16.994765169772066], [145.7162460123304, -16.994347599678395], [145.7157181829307, -16.99919274967204], [145.71887200260323, -16.999514009483], [145.7212759329311, -16.99975997950592], [145.7223271324934, -16.999856019431423], [145.72358364291225, -16.999985389246476], [145.72472897244162, -17.000100009724964], [145.72596497252587, -17.001557019105473], [145.72663300289028, -17.002347999299115], [145.72720900265048, -17.003046009870882], [145.7292159926071, -17.003243009510314], [145.73125660291154, -17.00343855972969], [145.73186560228368, -17.0034901197484], [145.73325311222376, -17.003628999277133], [145.7339421622675, -17.003697039187077], [145.7340599826052, -17.003698999530556], [145.73413590282317, -17.00301007927496], [145.73428880237273, -17.002992279771], [145.7343470123048, -17.00293514953692], [145.73460668291412, -17.002843429634638], [145.73527561249213, -17.002742529872865], [145.73552899219942, -17.002665149155458], [145.7358285929231, -17.002481329340736], [145.73622209274683, -17.00233784959454], [145.7363507925809, -17.002213509441027], [145.73658439228407, -17.00211672936057], [145.7366394024171, -17.002112719298907], [145.73671981241483, -17.00210686914451], [145.73678408238183, -17.00196998922474], [145.73692041250592, -17.001841859536686], [145.73727358246495, -17.00182002923648], [145.7375994930467, -17.00182840931623], [145.7378770823509, -17.00167045913944], [145.73781506266369, -17.001513969225147], [145.7379198924641, -17.001453569830346], [145.73840508243055, -17.00150202920212], [145.73859083247171, -17.00118099959043], [145.7385940825764, -17.000820009425063], [145.738635842559, -17.00065404938044], [145.73882483282344, -17.000406999831842], [145.73892382267618, -17.00034598928749], [145.73920498278375, -17.000115369765762], [145.7394001130331, -16.999962039905988], [145.73955794253695, -16.99996105971472], [145.73977884275686, -16.999950979465012], [145.739877862254, -16.99987699948729], [145.74026195222507, -16.999766009277973], [145.74072995292852, -16.999543999453937], [145.74099538263718, -16.999395439519983], [145.7412591729203, -16.99925202957265], [145.74146689216008, -16.999031989840876], [145.74193307287678, -16.999111979327626], [145.74234993249115, -16.99882704969934], [145.74258218292465, -16.99902702958438], [145.74269482267815, -16.999155009142125], [145.74314016248022, -16.999088039699064], [145.74351490278588, -16.998779979609143], [145.74305409219792, -16.997135049844157], [145.74279472252422, -16.996242799896663], [145.74258288271227, -16.995506059689], [145.74236899294482, -16.994478009356104], [145.7421640027869, -16.993495009382016], [145.74195504297367, -16.992491059455762], [145.7416250127181, -16.99081600926191], [145.74150218247604, -16.99019495931798], [145.74192409241886, -16.987628979131834], [145.74193949223778, -16.987528259328073], [145.74198314227576, -16.987330999183126], [145.74250101295223, -16.98455562960737], [145.74265690299336, -16.98368656979429], [145.7428108921994, -16.98285697922581], [145.74284206284142, -16.982684019311822], [145.74313921296098, -16.98101170985407], [145.74322841297376, -16.980519389525334], [145.74337430296916, -16.97970531935563], [145.74356604297668, -16.978641049538126], [145.74396382237435, -16.976656999108975], [145.74403802231856, -16.976428019824713], [145.74444010284978, -16.975187019448953], [145.74387501223046, -16.975100019181966], [145.74365510285227, -16.97515074929513], [145.74340391233923, -16.97512117985699], [145.74178509250171, -16.97443910967482], [145.74131209267372, -16.974240379456354], [145.73975511286034, -16.973477879532915], [145.7392926924914, -16.973249559661696], [145.73876034276918, -16.973084659513056], [145.73805399296975, -16.972863849321428], [145.73545767225414, -16.972209139592326], [145.73477060299558, -16.9723298094183], [145.73436943245767, -16.972400169326622], [145.7337878029556, -16.97250215939989], [145.73275489219415, -16.972746169813078], [145.7327624829583, -16.973028669759692], [145.73212340260056, -16.973176299459617], [145.73193309271102, -16.972940329878806], [145.72828630276334, -16.97380451977798], [145.72749947289753, -16.98087007975371]]]}, "properties": {"sa2_code_2021": "306021153", "sa2_name_2021": "Mount Sheridan", "sa3_name_2021": "Cairns - South", "sa4_name_2021": "Cairns", "mapped_location": "Cairns", "geography_type": "LGA approximation from 2021 SA2 names", "fill_color": [180, 61, 31, 90], "line_color": [127, 42, 25, 220]}}, {"type": "Feature", "geometry": {"type": "Polygon", "coordinates": [[[145.75395357252575, -16.925180009911184], [145.7532448224278, -16.925737999537365], [145.75305739253704, -16.92588516964336], [145.75261213268502, -16.926238979180727], [145.75190797297816, -16.926797979758163], [145.7510841621671, -16.927437839179284], [145.75072285257326, -16.92772902951872], [145.75058200212663, -16.927840029646354], [145.7499459526846, -16.928339049440996], [145.74986999294086, -16.928398989375403], [145.74927708239548, -16.92886499943463], [145.7489105221488, -16.92915395917527], [145.74838247266186, -16.929564619516096], [145.7482743927568, -16.929656729280417], [145.74791808228755, -16.929934029406564], [145.7464438525832, -16.93109800948816], [145.74622393242527, -16.93084301971233], [145.7459229923135, -16.9304720097192], [145.7457010024371, -16.93023599941457], [145.74567501237925, -16.930159999922214], [145.74547999262268, -16.93021100943389], [145.74428097258541, -16.930988009879975], [145.74393498286048, -16.931074009626], [145.74372000253825, -16.931110019300945], [145.74347001217444, -16.931110019300945], [145.7434069728994, -16.931490009381633], [145.7446420225661, -16.93272900981479], [145.74597011254338, -16.93428400935117], [145.74513886278342, -16.934934969469257], [145.7447900325856, -16.9352080294722], [145.74431801281955, -16.935570009448185], [145.7445359926165, -16.935814009379406], [145.74482952252546, -16.936162049447553], [145.74551598272626, -16.936982009232032], [145.74646100232033, -16.93814300933367], [145.74647899288044, -16.938272009189145], [145.74549802270874, -16.938613009260504], [145.74510700223524, -16.938772009331956], [145.74465677290303, -16.93906689964788], [145.74477722260966, -16.93918579988925], [145.74718100291886, -16.94199367974725], [145.74752282266422, -16.942390299883634], [145.74780489276515, -16.942721889752054], [145.74843448242189, -16.943461739890523], [145.7497633727981, -16.945023529529866], [145.74975268284624, -16.94505806968481], [145.75024583278437, -16.945622299124622], [145.75070285248182, -16.946318269280106], [145.7511486630011, -16.946744659579934], [145.75143153260262, -16.946952819693593], [145.75189198296607, -16.94712836980759], [145.75211733254162, -16.947279239675183], [145.75246280214205, -16.94749475913164], [145.7528759121884, -16.947710289511992], [145.75348429262132, -16.94788272910585], [145.75394992267073, -16.947710289511992], [145.7546483924485, -16.947552239652573], [145.7550389422048, -16.94782524954523], [145.75534689276907, -16.948105409282824], [145.75549712252558, -16.948787949737966], [145.75557224234458, -16.949614159117836], [145.75588019290885, -16.95038286976154], [145.75594775250642, -16.951288109289727], [145.75555538276333, -16.951255649752184], [145.75515822230489, -16.951158649192024], [145.75482870229237, -16.95115866981492], [145.75477800227605, -16.951465769197576], [145.75479490228147, -16.951643589623743], [145.75513289250878, -16.951700159753415], [145.75571590272148, -16.951692079903193], [145.75603699294334, -16.9517324791509], [145.75634119214297, -16.951772889560633], [145.75667071215545, -16.951740569310825], [145.75683883275926, -16.95169623969851], [145.75705279259526, -16.951658239565237], [145.75751181284085, -16.95150222953072], [145.7577207825355, -16.951453239098182], [145.7578948122572, -16.951416249435653], [145.75813242293805, -16.951417259096196], [145.75832678243293, -16.95156274983571], [145.758284522987, -16.951813289650286], [145.75804796243668, -16.952031499479045], [145.75759168295104, -16.952225469573577], [145.75691573214075, -16.95234671936299], [145.75630739213204, -16.952451799127974], [145.7560032028139, -16.952524519192316], [145.7555807422038, -16.95268617986146], [145.7553779529183, -16.953049869672512], [145.75550468274702, -16.953397389774292], [145.7561468227666, -16.953744909233485], [145.75669184232757, -16.953743209587667], [145.7569798323262, -16.953755219673102], [145.75729281255772, -16.953743209587667], [145.75754685252681, -16.953743209587667], [145.75776914244054, -16.95372065963412], [145.75792970282282, -16.953688339719196], [145.758191632695, -16.95368025909517], [145.75842818246556, -16.953696409172327], [145.7587408024726, -16.95372065963412], [145.75905343236118, -16.95384186979163], [145.7592224225341, -16.954108589262457], [145.7591801927326, -16.954415699292326], [145.7589858323394, -16.95471473941131], [145.75876621221877, -16.95496528963196], [145.7586563428696, -16.955256229416243], [145.75847892290608, -16.955587609273294], [145.75845355268578, -16.956137179859763], [145.75851268249275, -16.956573619297824], [145.7585380823574, -16.95692922969431], [145.75852115270754, -16.957317149262405], [145.7585295824982, -16.957769759746217], [145.7583352526477, -16.958181929183628], [145.7585380823574, -16.95930534971476], [145.75957735229272, -16.959693269532732], [145.7592215125407, -16.960237799807988], [145.76031217239853, -16.960312989766187], [145.7608579124084, -16.9612689797686], [145.76413284294748, -16.96277699926364], [145.76488218252322, -16.963026249884777], [145.76643358290036, -16.963413159297097], [145.76802900252306, -16.962401859206317], [145.76854500290708, -16.96192801953146], [145.7679447522275, -16.960972109355282], [145.76809079224157, -16.960518119766064], [145.76811076268865, -16.959713129324506], [145.7683937023587, -16.95904811945142], [145.769002742155, -16.958476119698528], [145.7705847328626, -16.95804712926698], [145.7708127127053, -16.95788509943298], [145.771755722768, -16.95713011950606], [145.77276965302585, -16.955787129131394], [145.77312166236152, -16.955295119882837], [145.7736446722997, -16.95435011965225], [145.7739426928868, -16.95363812968537], [145.77402266271002, -16.952539119226874], [145.7733806322849, -16.949043139466493], [145.77323565228286, -16.947304159503584], [145.7734696122104, -16.946453159242672], [145.773797602392, -16.945768159555946], [145.77484158219434, -16.94398316969941], [145.77554157281995, -16.942902159788574], [145.77615459215303, -16.942199159720797], [145.77669059262854, -16.94162015929422], [145.77714553272605, -16.941296169132993], [145.77769953274498, -16.941279169830075], [145.77890654239832, -16.941579169232366], [145.78004954259617, -16.941685149577566], [145.78112950262064, -16.941679139423126], [145.78162050289032, -16.941524149727712], [145.78186750276248, -16.941038149419846], [145.77921457291265, -16.940451169925094], [145.77922953255703, -16.940394149556443], [145.77909653248764, -16.940077149711943], [145.7789185528737, -16.939917139302626], [145.7789185528737, -16.939845139644124], [145.778993522674, -16.939730149811915], [145.77904554231554, -16.93957914928407], [145.77906952284204, -16.93932713916424], [145.77903251225231, -16.938902139651248], [145.77903349231428, -16.93860014917589], [145.7790945229564, -16.938326139363152], [145.7791774823729, -16.93806014943339], [145.7792225230029, -16.938003149823686], [145.7792225230029, -16.937801149921956], [145.77885150262088, -16.937317169780304], [145.77879150234642, -16.937224169181572], [145.77874430216647, -16.93706586989187], [145.7785845026572, -16.936820169207238], [145.778392512918, -16.93628616952663], [145.77828849249968, -16.936084169500184], [145.77822852276802, -16.93602616986092], [145.77812450234964, -16.935997159722316], [145.77807953268655, -16.935954169572682], [145.77808752230266, -16.935788169376025], [145.7781785225392, -16.935471169504755], [145.77817151298507, -16.93532016985543], [145.77812650289775, -16.93527715978584], [145.77806653226773, -16.93526216912132], [145.77800751295356, -16.935190169400098], [145.77800751295356, -16.935132159172948], [145.77832149301, -16.93480216980742], [145.77841850297582, -16.934723159236366], [145.77874051217427, -16.934558159111162], [145.77884449216842, -16.93445815935548], [145.7788658523092, -16.934346019317875], [145.77883595278334, -16.93411596926824], [145.7788741024368, -16.933892049651995], [145.7790098423678, -16.933431969645724], [145.77898787227087, -16.933165029210187], [145.77901090237987, -16.933014019116623], [145.77910883222057, -16.93277702973885], [145.77908003223257, -16.932545999806095], [145.77916894298775, -16.932430989184915], [145.7794429129798, -16.932382039331497], [145.77953613295347, -16.93219797969051], [145.77959698213584, -16.931581029374108], [145.77960096257084, -16.931223009472713], [145.77958187247273, -16.930978039365662], [145.77953796282168, -16.93084203916026], [145.77945912218075, -16.930740979533137], [145.77880847242048, -16.930574179810694], [145.77759061291502, -16.930296759454794], [145.77758448281156, -16.93027719991808], [145.77750848264358, -16.930171199397005], [145.77739048264277, -16.930036199790084], [145.7772964622702, -16.92994219956738], [145.7772339323399, -16.929892769530444], [145.77552748274474, -16.928536299337704], [145.7748405221823, -16.927990209420845], [145.77456750260794, -16.92782121924539], [145.77436251245, -16.92772821911036], [145.77407453233283, -16.927607239629992], [145.7737765126441, -16.927523239830393], [145.7734505230106, -16.927467239943184], [145.7731245127159, -16.92739223966913], [145.77290051240993, -16.9273272496056], [145.77279663212877, -16.927284659672793], [145.77245298251515, -16.92754800930343], [145.77238202279423, -16.927607999334572], [145.7706419923771, -16.928966009365027], [145.7704439821289, -16.92902500978886], [145.77012399234323, -16.92928999927278], [145.76971197285164, -16.929616009896804], [145.76900898275133, -16.930139009498948], [145.76884660238227, -16.930238999518252], [145.76868300299932, -16.930340009570745], [145.7684580226314, -16.930451009877537], [145.7670270027905, -16.931567999511778], [145.7661777525889, -16.932308709917827], [145.7661596129084, -16.93228825942047], [145.76609559267305, -16.932212259897405], [145.76526058256533, -16.93123427935324], [145.7647165825922, -16.93059626933332], [145.76460435247046, -16.930455989133073], [145.76385697301868, -16.9310469297478], [145.7637426623988, -16.93089526912331], [145.7632066529401, -16.930268299296944], [145.7623776327987, -16.929291299524778], [145.76252140277003, -16.92917813975353], [145.76244862216404, -16.929093289861243], [145.7623203625044, -16.92896064936114], [145.76219162224604, -16.928827299771868], [145.76262864275034, -16.928479299421483], [145.76167599286623, -16.92735985936943], [145.7615524026495, -16.927197579653278], [145.76197500249842, -16.9269170097857], [145.7626220024038, -16.926483019569], [145.76253600219005, -16.926369999910676], [145.76131511266712, -16.924937049826806], [145.76071213290578, -16.92421398933495], [145.76010802216538, -16.923494969605212], [145.7599341730051, -16.923301039499616], [145.7584819124993, -16.921593999231142], [145.75639499224533, -16.923239019878515], [145.7560220324006, -16.923566969502907], [145.75526604259682, -16.92415800994868], [145.75516501267015, -16.92424932912312], [145.75512993255995, -16.924281039618336], [145.75469182239925, -16.924608009421583], [145.75422426276856, -16.924967109286516], [145.75395357252575, -16.925180009911184]]]}, "properties": {"sa2_code_2021": "306021154", "sa2_name_2021": "Westcourt - Bungalow", "sa3_name_2021": "Cairns - South", "sa4_name_2021": "Cairns", "mapped_location": "Cairns", "geography_type": "LGA approximation from 2021 SA2 names", "fill_color": [180, 61, 31, 90], "line_color": [127, 42, 25, 220]}}, {"type": "Feature", "geometry": {"type": "Polygon", "coordinates": [[[145.74470185216066, -16.976464019092845], [145.7446370629674, -16.97660001979776], [145.74439514216988, -16.97647202914385], [145.74403802231856, -16.976428019824713], [145.74396382237435, -16.976656999108975], [145.74356604297668, -16.978641049538126], [145.74337430296916, -16.97970531935563], [145.74322841297376, -16.980519389525334], [145.74313921296098, -16.98101170985407], [145.74284206284142, -16.982684019311822], [145.7428108921994, -16.98285697922581], [145.74265690299336, -16.98368656979429], [145.74250101295223, -16.98455562960737], [145.74198314227576, -16.987330999183126], [145.74193949223778, -16.987528259328073], [145.74192409241886, -16.987628979131834], [145.74150218247604, -16.99019495931798], [145.7416250127181, -16.99081600926191], [145.74195504297367, -16.992491059455762], [145.7421640027869, -16.993495009382016], [145.74236899294482, -16.994478009356104], [145.74258288271227, -16.995506059689], [145.74279472252422, -16.996242799896663], [145.74305409219792, -16.997135049844157], [145.74331583252564, -16.997059979445755], [145.74348800273467, -16.997170689480583], [145.74387260294884, -16.99740157979811], [145.74413088296603, -16.998054039319797], [145.74417194226277, -16.99805196981508], [145.74429611279123, -16.998071039496782], [145.74443003273547, -16.998103989201223], [145.74459888277121, -16.998120989373675], [145.74472488226957, -16.99798897920128], [145.74481306269453, -16.99782696924524], [145.7449549021863, -16.997640049441205], [145.74509784301262, -16.997619979753445], [145.74517883242368, -16.997723019648426], [145.74530808292505, -16.997783049125854], [145.74540995277664, -16.99777601932856], [145.7455269727154, -16.997741999160855], [145.74566986233776, -16.99767199925947], [145.74582287238013, -16.997621049300676], [145.74597982243336, -16.9976320394351], [145.74608892282455, -16.997679009301947], [145.74639490248504, -16.997838039261364], [145.74647483278244, -16.99785999974545], [145.74657995273867, -16.997898979319142], [145.7466638329283, -16.99794198965347], [145.74677903288034, -16.998149979608115], [145.74690218292264, -16.998318999303503], [145.74698317233367, -16.998397029554702], [145.74705405300284, -16.99840899984304], [145.74713902284898, -16.998405039528137], [145.74721104258194, -16.99839900971226], [145.74735215264175, -16.99831701914509], [145.7475620224483, -16.99797001947251], [145.74785198245235, -16.998025019862055], [145.74808397237442, -16.998032009273597], [145.74827501259435, -16.997940009491074], [145.7484990129003, -16.997980009626165], [145.74861600229644, -16.997905009151076], [145.7489620225641, -16.99767201987725], [145.74914700274905, -16.997522019509606], [145.74917901241758, -16.9974290195135], [145.74915901232612, -16.997269009860762], [145.74925299227448, -16.997168999677797], [145.74941002227774, -16.997059019857144], [145.74957299283992, -16.996918009243174], [145.74966599272634, -16.996672019168077], [145.74971698289852, -16.996229019387478], [145.7497580125508, -16.99606600965787], [145.7498749929637, -16.99577200950123], [145.7498749929637, -16.995530009224964], [145.74997697240974, -16.995295009318028], [145.7502449928596, -16.995216009586585], [145.75043001257046, -16.99499700976545], [145.75068398247092, -16.994940009393478], [145.7509979921718, -16.994874999739334], [145.75115099233264, -16.99477400977888], [145.75118698243622, -16.99470200967262], [145.75116202274597, -16.994628009582314], [145.75105500285298, -16.994502009709624], [145.7509979921718, -16.994365009117907], [145.75102700236553, -16.994219009461897], [145.75135499254716, -16.993965009118615], [145.75158301281405, -16.99376901946875], [145.75166298263727, -16.993724009070043], [145.75181402267418, -16.99366000928668], [145.7520209729561, -16.99349700935051], [145.7522839924847, -16.99350701950167], [145.75247901224134, -16.99385200943028], [145.75259198257484, -16.993862019562513], [145.7526669927994, -16.993790009655985], [145.75287697220043, -16.993294009864297], [145.75385999232765, -16.992727999280987], [145.75471402246484, -16.99268800919346], [145.75499802214702, -16.992364019497227], [145.7548399824374, -16.99213699923092], [145.75457900298272, -16.99191801986793], [145.75468500238964, -16.991430999617616], [145.75656000288157, -16.991922009529315], [145.75670399294012, -16.991401019517046], [145.75669899291728, -16.990821999802822], [145.75717999224287, -16.990518009463052], [145.75726602299935, -16.990310019632144], [145.75695698277863, -16.990136999580237], [145.7566580126723, -16.989873009135753], [145.75663198219033, -16.989556009457797], [145.75685901251376, -16.989314009749464], [145.7575988326424, -16.989407009475503], [145.75771118224006, -16.989301009663997], [145.75758700272843, -16.98906499936454], [145.75728497296026, -16.98878300982048], [145.75666698235045, -16.988598009713684], [145.75613901281358, -16.988884019330943], [145.75558202230306, -16.989359999735314], [145.75531101226, -16.98914101970669], [145.75523699287723, -16.988852009595302], [145.75568200299762, -16.987941019799106], [145.75686799297168, -16.987478019682786], [145.75720105234643, -16.987588039488333], [145.75780797301698, -16.98849297938678], [145.75816297284422, -16.988823999890837], [145.75933802223645, -16.9898349694776], [145.75971386297826, -16.990016049109226], [145.7600321028458, -16.989908049635233], [145.7604709029126, -16.989606019163816], [145.76096015236578, -16.988975019253555], [145.7615318123648, -16.988615029648667], [145.761937912857, -16.988756049084778], [145.76198186293226, -16.98929199929492], [145.76222988239235, -16.989886999734853], [145.76272306287325, -16.990505999151964], [145.7629920022996, -16.99073199991637], [145.76336097272616, -16.990704009393053], [145.76372999256003, -16.990608979383126], [145.7643668424009, -16.99033402911025], [145.76479991301287, -16.989996979467293], [145.765132902319, -16.989396039477633], [145.76584392245962, -16.98850196917543], [145.76633313238693, -16.988045039253315], [145.76693005301183, -16.98780797924802], [145.76748588289888, -16.987298049303625], [145.7680649926266, -16.987229029197298], [145.7694618827749, -16.98746484936416], [145.7715500121612, -16.987685009202952], [145.77144083271824, -16.98559804914949], [145.77307487271165, -16.9828309798772], [145.77522012237364, -16.978474989102935], [145.77620507298036, -16.974889029190653], [145.77212915243163, -16.970418999121687], [145.77144587226698, -16.967761029485015], [145.7696170730284, -16.962990049557398], [145.76854500290708, -16.96192801953146], [145.76802900252306, -16.962401859206317], [145.76643358290036, -16.963413159297097], [145.76488218252322, -16.963026249884777], [145.76413284294748, -16.96277699926364], [145.7608579124084, -16.9612689797686], [145.76031217239853, -16.960312989766187], [145.7592215125407, -16.960237799807988], [145.75799350297092, -16.95984054969153], [145.75626107230113, -16.95868596985858], [145.75518300233202, -16.95742276929945], [145.75395617225016, -16.957301719555158], [145.75368369256321, -16.959835449200916], [145.7536580025427, -16.960010009460472], [145.7549799929592, -16.960148409926642], [145.75482282281882, -16.961595759825784], [145.75471902248776, -16.962488009558918], [145.75556297262915, -16.964131699919974], [145.7566049024761, -16.96615213915353], [145.75649098262332, -16.96725701917557], [145.75631903250152, -16.96886100944163], [145.7553848124538, -16.968768039915123], [145.7553769324321, -16.96886100944163], [145.7534115129136, -16.968666419849914], [145.75132499240988, -16.96845000961973], [145.74991500302818, -16.96830899984043], [145.74859994221575, -16.968177999739368], [145.74835294234356, -16.96815999931169], [145.74760882287794, -16.967997999681025], [145.7471469828207, -16.96795200961481], [145.74712650302888, -16.96799568926603], [145.74707139228448, -16.96811607912012], [145.7464299825952, -16.969331019338462], [145.7457014426116, -16.970710249199165], [145.74498348298542, -16.97206912929793], [145.7445257724835, -16.972935909361016], [145.74456318282353, -16.97335254936507], [145.7446311825956, -16.973724929328363], [145.7449532223367, -16.974413409873026], [145.7451998224586, -16.97506477916507], [145.74502170270745, -16.975779319562633], [145.74494300220374, -16.975953109788183], [145.74470185216066, -16.976464019092845]]]}, "properties": {"sa2_code_2021": "306021155", "sa2_name_2021": "White Rock", "sa3_name_2021": "Cairns - South", "sa4_name_2021": "Cairns", "mapped_location": "Cairns", "geography_type": "LGA approximation from 2021 SA2 names", "fill_color": [180, 61, 31, 90], "line_color": [127, 42, 25, 220]}}, {"type": "Feature", "geometry": {"type": "Polygon", "coordinates": [[[145.72494695223858, -16.895467679755342], [145.7238890027352, -16.89655567921811], [145.72210802261586, -16.898390679867966], [145.7216690330045, -16.898844679221906], [145.72023462292174, -16.89868953995671], [145.71948706290857, -16.898608699777522], [145.71938702292528, -16.899381549278967], [145.7193015724805, -16.900041799376417], [145.71886711217482, -16.90340067937143], [145.71884109247264, -16.903593689662788], [145.71880010234622, -16.903914679710677], [145.71875805220776, -16.904217819954795], [145.72156698259155, -16.904452019231314], [145.7229400027061, -16.9045660095212], [145.722872982996, -16.905301019359616], [145.72284200279682, -16.905652019191468], [145.72347297226582, -16.906518999615642], [145.72359798271913, -16.90648701968858], [145.72390699239708, -16.906900009671872], [145.723782022368, -16.90723100969597], [145.72376899230483, -16.907381009938728], [145.7238942929139, -16.90757020949258], [145.72347520278268, -16.90752388922106], [145.72347830286876, -16.909236019605764], [145.72336599279694, -16.909645389468082], [145.7231334126817, -16.910493209355298], [145.7231534927233, -16.91067180935982], [145.72327098248095, -16.911598949188352], [145.72349619281766, -16.91209560981016], [145.72368099244125, -16.912503009587226], [145.7238129729228, -16.91352600959889], [145.7237189821946, -16.913800659705924], [145.7243270024031, -16.914026009285994], [145.72452899218797, -16.91409900977218], [145.72476898250602, -16.914173009777016], [145.72546700222793, -16.914325999694945], [145.72781198241185, -16.91452300987057], [145.7286449928698, -16.91459800925355], [145.7291179926978, -16.91469801955725], [145.72933600213912, -16.914775019676913], [145.72954701280614, -16.914868019332978], [145.729782002203, -16.91499199960861], [145.7299740224849, -16.915114009940147], [145.730317382841, -16.915369789363915], [145.73079998296438, -16.915728999663433], [145.7310306622446, -16.91586286989953], [145.73123101260404, -16.91572000983144], [145.73144490237152, -16.91334975948314], [145.73278602241203, -16.9135099996035], [145.7328997221775, -16.91256213979078], [145.7329660025741, -16.91201000964334], [145.73296699251756, -16.91200700924922], [145.73297002253506, -16.911974999312594], [145.7330177922469, -16.911580079580993], [145.73302900232335, -16.911489009526463], [145.73308298298704, -16.91115900966738], [145.73317099273208, -16.910784009907466], [145.73323198294995, -16.91054800930925], [145.73329501234358, -16.910276019688563], [145.73336798249406, -16.91018397951735], [145.7334989721339, -16.910042009856607], [145.73344211236966, -16.909903979922856], [145.73296487249348, -16.908891569666906], [145.73341849296585, -16.90852210990998], [145.733719912778, -16.90827657911577], [145.73376688298924, -16.90769555943196], [145.73377699262946, -16.907584009395364], [145.73387127261515, -16.90759014956106], [145.73558480273144, -16.90773326934064], [145.73596090218808, -16.907763789650943], [145.7367113026741, -16.907826539771598], [145.7378618226692, -16.907922749592217], [145.73924090281866, -16.908037019694024], [145.74035419213678, -16.908129279222447], [145.74149970222754, -16.907821789400213], [145.7416916227964, -16.907693269763406], [145.74191241252356, -16.90754487958615], [145.74358987258623, -16.90768693965486], [145.74367539220123, -16.907685669335695], [145.74377978272548, -16.90768429931623], [145.74563501219632, -16.907188789955974], [145.74572877295577, -16.907128609491444], [145.745918902284, -16.907124399720324], [145.7460680028582, -16.905527239457413], [145.74597000294895, -16.905518859380294], [145.74597982243336, -16.90540803948636], [145.74598500211926, -16.905338109191245], [145.7460620227734, -16.90454501968389], [145.74611593247022, -16.903949059804425], [145.74620879221945, -16.903954849411594], [145.7467470923821, -16.904273529366005], [145.7496649722402, -16.904516989682538], [145.74981148297147, -16.904501429299774], [145.7499409122376, -16.90443297958696], [145.7500327829417, -16.904322349863822], [145.75007388266263, -16.904186079438187], [145.75009640252844, -16.903936699301926], [145.75010819291654, -16.90377849923819], [145.7508796229634, -16.90384548975297], [145.75295559275403, -16.904039479421083], [145.75384561299484, -16.904118919722627], [145.75389547218808, -16.90401468966701], [145.75344590221926, -16.903337339876103], [145.7533126021126, -16.90276813953028], [145.75332650264335, -16.90238674981546], [145.75352587294083, -16.901548239815863], [145.75357697270744, -16.901440679442633], [145.7537081824345, -16.901255359602704], [145.75388937262733, -16.90104614934888], [145.7540330330042, -16.900896699313364], [145.75423298271508, -16.900675519885148], [145.75440168273212, -16.900478249413677], [145.7545953523209, -16.90029293980165], [145.75472029270554, -16.89980275981558], [145.75470157271334, -16.899444099342087], [145.7547086128102, -16.89934329963825], [145.75469354267304, -16.89927149934913], [145.75463028241242, -16.89871529995632], [145.75455513294898, -16.898626249590993], [145.75426879225725, -16.89840363982468], [145.75402541259564, -16.898105699838368], [145.75382137285524, -16.897653639526496], [145.7537283029002, -16.897372809924008], [145.75339863286908, -16.896510579360726], [145.75324507215944, -16.896109069819474], [145.75315561253356, -16.895430969618555], [145.75305538300577, -16.894982329894802], [145.7527940828525, -16.894646699491446], [145.75263658213206, -16.894204899894156], [145.75255551277095, -16.89391352967769], [145.75223899227893, -16.893812019609904], [145.75215902245566, -16.893792019635153], [145.7486599829144, -16.893388019347498], [145.74773697294316, -16.89094501947712], [145.74764298221496, -16.890934449448707], [145.74567402243588, -16.890717009470116], [145.74579199279225, -16.88972401955248], [145.74766798232932, -16.88993001985022], [145.74776007222238, -16.88994077989899], [145.74787837226037, -16.88894693921959], [145.74591098273643, -16.88872987946017], [145.7439199827919, -16.888150019292755], [145.74214747288732, -16.88795265922077], [145.73545479225533, -16.88909976995586], [145.72827885213636, -16.887572729197753], [145.7279276126569, -16.891373769138998], [145.72784188283612, -16.89238867934192], [145.72782490288057, -16.892507679529867], [145.72573991220784, -16.89465267934357], [145.72526592243636, -16.895141689124337], [145.72494695223858, -16.895467679755342]]]}, "properties": {"sa2_code_2021": "306021156", "sa2_name_2021": "Whitfield - Edge Hill", "sa3_name_2021": "Cairns - South", "sa4_name_2021": "Cairns", "mapped_location": "Cairns", "geography_type": "LGA approximation from 2021 SA2 names", "fill_color": [180, 61, 31, 90], "line_color": [127, 42, 25, 220]}}, {"type": "Feature", "geometry": {"type": "Polygon", "coordinates": [[[145.75070285248182, -16.946318269280106], [145.75024583278437, -16.945622299124622], [145.74975268284624, -16.94505806968481], [145.7497316227427, -16.945126359406498], [145.74969249302725, -16.94514525916478], [145.74964311263605, -16.94515948940801], [145.7495985822491, -16.945153369372377], [145.74956609288026, -16.945144119714094], [145.74952897269606, -16.945112149784315], [145.7494845923278, -16.94507231969888], [145.74944940262318, -16.945044919592487], [145.74941199228311, -16.945025809291984], [145.74935848233662, -16.945008529330245], [145.74931640255377, -16.944998719391513], [145.74392808290077, -16.944274079217358], [145.74328897289865, -16.95034031941967], [145.7431581521421, -16.950612969517916], [145.74253389218995, -16.950060009199294], [145.7419302629466, -16.94956266936619], [145.7411881422325, -16.948951299560914], [145.74069502283706, -16.94854504935349], [145.73972482256727, -16.947748009451427], [145.73912289293642, -16.946952049755463], [145.7387570225959, -16.946422409753353], [145.73857401241634, -16.94647437985898], [145.7383430429804, -16.946589369864288], [145.73814900238742, -16.94673237922422], [145.73804483284874, -16.946775979596246], [145.73797701273975, -16.946804359919312], [145.73788704287077, -16.946905369670887], [145.7373718824116, -16.947249049728278], [145.73696797291035, -16.947485009473898], [145.73666903244842, -16.94775836920019], [145.73649705268227, -16.947974379627794], [145.73644503214246, -16.948089369575076], [145.7364820526136, -16.948211359311806], [145.73671908298277, -16.948565379500312], [145.73690504233147, -16.94878135978464], [145.73696505248736, -16.948839339164], [145.7371210530213, -16.948919359494536], [145.7371660622103, -16.948919359494536], [145.73736706295003, -16.94904935991318], [145.73750806251704, -16.949164349202988], [145.7376420525299, -16.94935234929649], [145.73767107260514, -16.94955334946272], [145.7376605227904, -16.949655839159657], [145.73764804249623, -16.94977734925369], [145.737654022581, -16.950503339645103], [145.73760884271215, -16.950919609213795], [145.73760004281564, -16.95100034960105], [145.7375303326513, -16.9519930895356], [145.73750806251704, -16.952310329654736], [145.73750605298574, -16.952843339487977], [145.73755004258695, -16.953232329556666], [145.73763804245047, -16.953678329162987], [145.7376370929312, -16.954096339462357], [145.73751007294666, -16.954383349422407], [145.7374451723623, -16.954585959638614], [145.73764059276755, -16.954613059328143], [145.73773651217863, -16.954615379359723], [145.73771100271952, -16.9555989696354], [145.73768509261177, -16.955795969255593], [145.73761307287882, -16.956072009830194], [145.73749715247789, -16.956333009458668], [145.73737115297953, -16.956528039739656], [145.737218102513, -16.956713589587938], [145.73704177220588, -16.956878459429188], [145.73680898278317, -16.9570380395221], [145.73659571285327, -16.95715938931778], [145.73635988263325, -16.957208979744262], [145.73622666247664, -16.957217969312666], [145.73621016222148, -16.957380979276437], [145.73620111259333, -16.957429339186884], [145.73597010273323, -16.957561329774784], [145.7358011026788, -16.95770032922819], [145.73566313223094, -16.957830319277228], [145.73556312279032, -16.95794633945734], [145.7354791428877, -16.95806032914581], [145.73515074217605, -16.95862552918019], [145.73471216219642, -16.959380329530088], [145.73465814290515, -16.95949531937325], [145.7346121527559, -16.959611339384512], [145.7345811330308, -16.959734329540304], [145.7345741225783, -16.95987233925223], [145.7345811330308, -16.959988329816273], [145.7346121527559, -16.960109339163676], [145.7352057523091, -16.961455359256707], [145.73548961275233, -16.962099379767533], [145.7355021325725, -16.962127319566093], [145.73560214291135, -16.96233531915039], [145.73567116227127, -16.962427319207], [145.73584114238764, -16.96262731984708], [145.7359012630363, -16.96268418912058], [145.73561481275013, -16.962660669305453], [145.73557119235656, -16.962670329674836], [145.73534507292482, -16.96486716966427], [145.73533788280923, -16.96496173927789], [145.73532657301985, -16.965047009471014], [145.73516027240288, -16.966658359753904], [145.73514330232882, -16.966836069569784], [145.7355920323728, -16.966881999764244], [145.73580913271914, -16.966849809277274], [145.73580088259152, -16.967081989646317], [145.73586498277695, -16.967298979703347], [145.73559039294744, -16.970631249424915], [145.73545767225414, -16.972209139592326], [145.73805399296975, -16.972863849321428], [145.73876034276918, -16.973084659513056], [145.7392926924914, -16.973249559661696], [145.73975511286034, -16.973477879532915], [145.74131209267372, -16.974240379456354], [145.74178509250171, -16.97443910967482], [145.74340391233923, -16.97512117985699], [145.74365510285227, -16.97515074929513], [145.74387501223046, -16.975100019181966], [145.74444010284978, -16.975187019448953], [145.74403802231856, -16.976428019824713], [145.74439514216988, -16.97647202914385], [145.7446370629674, -16.97660001979776], [145.74470185216066, -16.976464019092845], [145.74494300220374, -16.975953109788183], [145.74502170270745, -16.975779319562633], [145.7451998224586, -16.97506477916507], [145.7449532223367, -16.974413409873026], [145.7446311825956, -16.973724929328363], [145.74456318282353, -16.97335254936507], [145.7445257724835, -16.972935909361016], [145.74498348298542, -16.97206912929793], [145.7457014426116, -16.970710249199165], [145.7464299825952, -16.969331019338462], [145.74707139228448, -16.96811607912012], [145.74712650302888, -16.96799568926603], [145.7471469828207, -16.96795200961481], [145.74760882287794, -16.967997999681025], [145.74835294234356, -16.96815999931169], [145.74859994221575, -16.968177999739368], [145.74991500302818, -16.96830899984043], [145.75132499240988, -16.96845000961973], [145.7534115129136, -16.968666419849914], [145.7553769324321, -16.96886100944163], [145.7553848124538, -16.968768039915123], [145.75631903250152, -16.96886100944163], [145.75649098262332, -16.96725701917557], [145.7566049024761, -16.96615213915353], [145.75556297262915, -16.964131699919974], [145.75471902248776, -16.962488009558918], [145.75482282281882, -16.961595759825784], [145.7549799929592, -16.960148409926642], [145.7536580025427, -16.960010009460472], [145.75368369256321, -16.959835449200916], [145.75395617225016, -16.957301719555158], [145.75518300233202, -16.95742276929945], [145.75626107230113, -16.95868596985858], [145.75799350297092, -16.95984054969153], [145.7592215125407, -16.960237799807988], [145.75957735229272, -16.959693269532732], [145.7585380823574, -16.95930534971476], [145.7583352526477, -16.958181929183628], [145.7585295824982, -16.957769759746217], [145.75852115270754, -16.957317149262405], [145.7585380823574, -16.95692922969431], [145.75851268249275, -16.956573619297824], [145.75845355268578, -16.956137179859763], [145.75847892290608, -16.955587609273294], [145.7586563428696, -16.955256229416243], [145.75876621221877, -16.95496528963196], [145.7589858323394, -16.95471473941131], [145.7591801927326, -16.954415699292326], [145.7592224225341, -16.954108589262457], [145.75905343236118, -16.95384186979163], [145.7587408024726, -16.95372065963412], [145.75842818246556, -16.953696409172327], [145.758191632695, -16.95368025909517], [145.75792970282282, -16.953688339719196], [145.75776914244054, -16.95372065963412], [145.75754685252681, -16.953743209587667], [145.75729281255772, -16.953743209587667], [145.7569798323262, -16.953755219673102], [145.75669184232757, -16.953743209587667], [145.7561468227666, -16.953744909233485], [145.75550468274702, -16.953397389774292], [145.7553779529183, -16.953049869672512], [145.7555807422038, -16.95268617986146], [145.7560032028139, -16.952524519192316], [145.75630739213204, -16.952451799127974], [145.75691573214075, -16.95234671936299], [145.75759168295104, -16.952225469573577], [145.75804796243668, -16.952031499479045], [145.758284522987, -16.951813289650286], [145.75832678243293, -16.95156274983571], [145.75813242293805, -16.951417259096196], [145.7578948122572, -16.951416249435653], [145.7577207825355, -16.951453239098182], [145.75751181284085, -16.95150222953072], [145.75705279259526, -16.951658239565237], [145.75683883275926, -16.95169623969851], [145.75667071215545, -16.951740569310825], [145.75634119214297, -16.951772889560633], [145.75603699294334, -16.9517324791509], [145.75571590272148, -16.951692079903193], [145.75513289250878, -16.951700159753415], [145.75479490228147, -16.951643589623743], [145.75477800227605, -16.951465769197576], [145.75482870229237, -16.95115866981492], [145.75515822230489, -16.951158649192024], [145.75555538276333, -16.951255649752184], [145.75594775250642, -16.951288109289727], [145.75588019290885, -16.95038286976154], [145.75557224234458, -16.949614159117836], [145.75549712252558, -16.948787949737966], [145.75534689276907, -16.948105409282824], [145.7550389422048, -16.94782524954523], [145.7546483924485, -16.947552239652573], [145.75394992267073, -16.947710289511992], [145.75348429262132, -16.94788272910585], [145.7528759121884, -16.947710289511992], [145.75246280214205, -16.94749475913164], [145.75211733254162, -16.947279239675183], [145.75189198296607, -16.94712836980759], [145.75143153260262, -16.946952819693593], [145.7511486630011, -16.946744659579934], [145.75070285248182, -16.946318269280106]]]}, "properties": {"sa2_code_2021": "306021157", "sa2_name_2021": "Woree", "sa3_name_2021": "Cairns - South", "sa4_name_2021": "Cairns", "mapped_location": "Cairns", "geography_type": "LGA approximation from 2021 SA2 names", "fill_color": [180, 61, 31, 90], "line_color": [127, 42, 25, 220]}}, {"type": "Feature", "geometry": {"type": "MultiPolygon", "coordinates": [[[[146.02138389301905, -17.347559739141552], [146.02075587271912, -17.3467534191838], [146.01747587298678, -17.33985341962416], [146.01113586285047, -17.328543419435654], [146.0102010930338, -17.325712999669996], [146.00879099226097, -17.322993019498103], [146.0046909824896, -17.310553029125195], [146.00399113289947, -17.306712999284983], [146.00305115285417, -17.304903019123227], [146.00295154226555, -17.304556489104215], [146.00094083238537, -17.297562969753944], [146.00024097291382, -17.297102969029552], [146.00046578260185, -17.296663449693504], [146.00035577221723, -17.29338344930159], [146.0004757422234, -17.290783439502466], [146.0001308529347, -17.289873009512696], [145.9989511430828, -17.288403029523742], [145.9977757325678, -17.286263469828256], [145.9974257722893, -17.28253347913893], [145.99614097302387, -17.280033039531112], [145.99579571273088, -17.27394348907197], [145.99568088288478, -17.273252979568518], [145.9942711423364, -17.272352989036932], [145.99333375303235, -17.270767439433996], [145.99333116229104, -17.27076303971412], [145.9922810523852, -17.267942979531135], [145.99181086248734, -17.267153039746855], [145.99181086248734, -17.26692300926562], [145.9905209922322, -17.26522298937794], [145.98981106264625, -17.263303029388783], [145.98829117247436, -17.261262999272304], [145.98794088251412, -17.260243039231927], [145.98723095292823, -17.258893029853738], [145.98675568305754, -17.25698355926792], [145.98477107282955, -17.251763039865537], [145.9826611125852, -17.248833009073053], [145.9806508824053, -17.2477430298498], [145.97972097247435, -17.247242969340533], [145.97807113291174, -17.24769298911409], [145.97713115286638, -17.248253059717303], [145.9760709728462, -17.248253059717303], [145.97513098291938, -17.247803039593627], [145.97337095241076, -17.245882979781268], [145.97206797304062, -17.241964019326936], [145.9712350128884, -17.238693009773076], [145.97068105239535, -17.23626297980287], [145.97077398221322, -17.23376901947731], [145.97125198296246, -17.230249999663517], [145.97255598281876, -17.225038009814654], [145.97178499294637, -17.223551999801607], [145.97173298228802, -17.221867999871588], [145.97055801284586, -17.214575009331195], [145.97008599307978, -17.210665009129993], [145.9695460130676, -17.209395009329278], [145.96672573247014, -17.206783949264064], [145.96637569224163, -17.205983979061998], [145.9650757123462, -17.204293999371604], [145.96437571273742, -17.20293398976688], [145.9635609623343, -17.19953298965635], [145.96297572250313, -17.198074059600124], [145.9621609325741, -17.194443049400373], [145.9618056722355, -17.192084079419093], [145.96134081294053, -17.190143019424912], [145.96111564302805, -17.184624139311527], [145.96134566294475, -17.183494139601425], [145.96087565271, -17.182814129603845], [145.96123565256013, -17.182134129125753], [145.96135559292193, -17.178524149168197], [145.96253556238693, -17.177504149650204], [145.96300557262168, -17.17637414943616], [145.96347555231372, -17.17445416935388], [145.96371550220755, -17.17264416932283], [145.9644195523199, -17.170806639574057], [145.9645518624832, -17.17046950915973], [145.9538519923031, -17.169327999404793], [145.9245729722791, -17.16536899956341], [145.924752812304, -17.165109299646762], [145.92437499257363, -17.16410700960284], [145.92483008268982, -17.16327524950781], [145.92547864296878, -17.16262406908261], [145.92538148298422, -17.162117349694938], [145.92501002242773, -17.16148100984265], [145.92428050238215, -17.160910469373103], [145.92504327266968, -17.158926049631415], [145.92382724303246, -17.15821921927452], [145.92284262300575, -17.156220109381607], [145.92159800268803, -17.15549584942069], [145.92096600285137, -17.152348019673497], [145.92038299263874, -17.151836009596597], [145.92035481248826, -17.151395069125], [145.92011289258897, -17.150961429744473], [145.91982585300798, -17.150523309516974], [145.91933299232733, -17.14931900961612], [145.91902701266682, -17.148353019317256], [145.9187172726585, -17.147985519756944], [145.91836899222963, -17.147687019767965], [145.91810554240794, -17.147456319661703], [145.9178658422457, -17.14686215962242], [145.91768885257517, -17.146391259854543], [145.91764691292948, -17.145656219623014], [145.91701444237563, -17.14573883904556], [145.9167569025702, -17.145449829279517], [145.91646384248008, -17.145347309577943], [145.91657896248208, -17.144145639722932], [145.9158325325496, -17.143456719463853], [145.91550721305933, -17.143511699302138], [145.91548538220127, -17.143012589863883], [145.91442893288442, -17.1426579395251], [145.91382164300632, -17.141807639510375], [145.91284395258367, -17.14100775971901], [145.9124020829735, -17.140875689213313], [145.91277982275386, -17.14019734970451], [145.91251768267583, -17.139804589600125], [145.91226298244504, -17.13935600979397], [145.91203201300905, -17.138820999331926], [145.9118643325798, -17.138263559211488], [145.91167402269022, -17.137777009084978], [145.91153298269907, -17.13697299918847], [145.91145721249978, -17.13641009988352], [145.911432202504, -17.135939799420793], [145.91100574259417, -17.135385409279106], [145.9109060224111, -17.135185009745115], [145.91173950268794, -17.132827949879918], [145.90957399242296, -17.129526009441655], [145.90916022301323, -17.12941141948206], [145.90857863303708, -17.12888524924719], [145.90793901279181, -17.128339019309085], [145.9074949926149, -17.127664999389683], [145.90685901234315, -17.126796999315236], [145.90617201225493, -17.126260999785416], [145.9055223425566, -17.126502389403516], [145.90503901300116, -17.123808009459527], [145.90445282275238, -17.12304741945302], [145.90392098237493, -17.12248200979333], [145.9034878021685, -17.122131929572163], [145.90300698250596, -17.121937019609536], [145.90281733287807, -17.12130440966742], [145.9025447525799, -17.12101389986654], [145.9019569929743, -17.120545999478082], [145.9011950123059, -17.11972300975611], [145.90095900242287, -17.11965599940959], [145.9005319927442, -17.119525229834448], [145.90015885233808, -17.119180739849046], [145.89979400248376, -17.11889600969736], [145.89925799302506, -17.11865200975726], [145.89911798250318, -17.118403739225677], [145.8989594621949, -17.118183199406573], [145.89895501283928, -17.117100999674964], [145.89811616243372, -17.116987469206048], [145.89716103230114, -17.115561229437564], [145.8970950025345, -17.115189159454793], [145.89712121267954, -17.114820379493104], [145.8972693628362, -17.11456350990027], [145.89686498261779, -17.113807009096213], [145.89643366282235, -17.113017719162762], [145.89600081229761, -17.112243289906637], [145.89561146269057, -17.11148787947355], [145.89554321228854, -17.111276409780782], [145.89549130224157, -17.11077418911742], [145.89535724305844, -17.11046836943122], [145.89500677253687, -17.10977535955567], [145.894623002366, -17.108683999851777], [145.8941354022197, -17.108138239470765], [145.89407696231882, -17.10769400919283], [145.89377299218967, -17.10741501988933], [145.89340799231667, -17.106998009746153], [145.89323699261246, -17.106469019234876], [145.89297021273597, -17.10626697957505], [145.8923670128873, -17.104964009106222], [145.89237599244692, -17.103898019874052], [145.8924848727509, -17.10345541938068], [145.89288798275155, -17.102823589746563], [145.89331134257523, -17.102705289681666], [145.89389410305625, -17.10293928906747], [145.89474298225366, -17.10254200964224], [145.8954949925207, -17.101360999202385], [145.89450299283396, -17.100969009673], [145.8931610023259, -17.100453999811986], [145.89223802289737, -17.099571019786435], [145.89149802220737, -17.098824999198097], [145.8905273422372, -17.09880015964122], [145.8892840029171, -17.09750600985387], [145.8879532925541, -17.0967433298072], [145.88679211225153, -17.096655769590633], [145.88500000290412, -17.095379009230086], [145.8840796124202, -17.09461423916021], [145.88333801272898, -17.094028009766838], [145.88266743294577, -17.09347810989317], [145.88199999277455, -17.092768009161738], [145.8816360124894, -17.092336479268642], [145.8815177223328, -17.091886039387855], [145.88122199244967, -17.091812009074513], [145.88064186223585, -17.09029228950214], [145.8810768723105, -17.089926689613254], [145.881303532528, -17.089379479815356], [145.88113399258614, -17.088704999390387], [145.88030701251873, -17.08819800983736], [145.8799150030001, -17.087603009648625], [145.87944682263355, -17.087438569200884], [145.87901586216424, -17.08692738935875], [145.8792829321965, -17.086428009620825], [145.87996172258138, -17.0860578391915], [145.8789210027652, -17.085705009714044], [145.87874357292017, -17.084861679444344], [145.87860662295844, -17.0838692892564], [145.87852311287466, -17.083486449081636], [145.8783660128029, -17.082974019323952], [145.87810431289935, -17.082304209293838], [145.87759900246718, -17.08093801925995], [145.87765401260023, -17.080432009820253], [145.87760499243348, -17.08004699953395], [145.87741457294948, -17.07983743909548], [145.87732398234465, -17.079551019841787], [145.87715994278722, -17.079001269606334], [145.8769579925282, -17.07844700956077], [145.87671052283713, -17.078021959789794], [145.8764046123469, -17.077660129601956], [145.8761054230516, -17.077371049303846], [145.87589500257775, -17.077170009400675], [145.8754105429417, -17.07659528941066], [145.87500798271003, -17.07610200978005], [145.87421801233404, -17.07519600980381], [145.87370219251136, -17.07463030974116], [145.8733431421805, -17.073720779270065], [145.873036982857, -17.073458009377603], [145.87281900216172, -17.07279499979249], [145.87156300288424, -17.071769009274767], [145.87040883303422, -17.06904715968545], [145.87042624238435, -17.068305479862406], [145.87012515225402, -17.067853389803837], [145.86888383234663, -17.06289370916143], [145.86782000247138, -17.061769999531435], [145.86742375290464, -17.06164358971849], [145.86701178282036, -17.061093309235666], [145.86688749281603, -17.06083336928995], [145.8657734821507, -17.058974319748003], [145.86517130278818, -17.057783479216113], [145.86364301247005, -17.057402009403198], [145.8619310121847, -17.05753100964932], [145.8590209827039, -17.058123999129158], [145.85624497288026, -17.057927019494755], [145.8544140221766, -17.05819100927468], [145.85331698248365, -17.05822700914031], [145.85098798243027, -17.057484019595954], [145.8470780022741, -17.058705019437046], [145.84530800226244, -17.059442019213897], [145.84425899279276, -17.060109019787852], [145.84131899281908, -17.059722019831295], [145.83988100294997, -17.058382999889876], [145.8366549829831, -17.058114009610343], [145.8361000029022, -17.063551269811914], [145.8367040022515, -17.063792019329785], [145.8387200121919, -17.065373009478403], [145.83939201221153, -17.066182009657563], [145.8396349930212, -17.06731400975926], [145.84118299237664, -17.067463009533625], [145.8446940028674, -17.067803019725527], [145.85731249303467, -17.069038559343625], [145.85596498237928, -17.082119999800508], [145.85594698283592, -17.08230000946541], [145.8566459925012, -17.08237000945607], [145.85511668259522, -17.097083749401733], [145.85422597244826, -17.105657019722027], [145.85406899275065, -17.1061570193208], [145.8511409924726, -17.103467009453574], [145.8505990029291, -17.1030090194349], [145.84912400247023, -17.100694999618973], [145.84889599298316, -17.099434999461174], [145.8490510026753, -17.09785500989535], [145.84945998226797, -17.096285009857606], [145.8504270222646, -17.09251699940163], [145.85032200291963, -17.091910019508582], [145.8498160124628, -17.091470009389777], [145.84763999280736, -17.091055999712434], [145.8450859728602, -17.09285800973286], [145.84405401251627, -17.09344701962893], [145.8425549929034, -17.09511500940093], [145.84123898257164, -17.096399999727154], [145.84005200265418, -17.097442019844998], [145.83724800222464, -17.100036009867207], [145.8357229925539, -17.102945009852018], [145.8348649927614, -17.103551009341555], [145.83392099275522, -17.103546019233264], [145.832245932991, -17.102697039480578], [145.83073698250263, -17.103073009248245], [145.83025069299828, -17.10338426907606], [145.8290590023154, -17.104147009502952], [145.82778399288995, -17.10476801909561], [145.82635297304907, -17.104078999306754], [145.82481299295415, -17.102636999058095], [145.8237419828449, -17.1025960090456], [145.82101200269642, -17.103401019266062], [145.81987699301305, -17.102870009433747], [145.81430899233698, -17.096083009807494], [145.81190298240918, -17.093230009285367], [145.8084889926641, -17.09029200958286], [145.8063940028439, -17.08963301909509], [145.80454301252286, -17.089499999371522], [145.80063999251348, -17.09031599935381], [145.7968719928846, -17.09170801986688], [145.79405890240264, -17.092495009682064], [145.79266285217918, -17.093194029054356], [145.79182404219785, -17.0938530198281], [145.79097804299923, -17.094678039525036], [145.79080306285994, -17.09479098942896], [145.79046215220964, -17.094963979603794], [145.79031601248258, -17.095114989652565], [145.79013599279455, -17.095463019634916], [145.790033062931, -17.095653009073413], [145.7899138924255, -17.09582698929839], [145.78978212304796, -17.09632296947041], [145.78946209283814, -17.09709103905921], [145.78927415270425, -17.097521049353087], [145.7884519130466, -17.09900999927076], [145.7884177528113, -17.1008340790731], [145.78840800249722, -17.10105804980306], [145.78818192259135, -17.105750019084503], [145.78646686264418, -17.111042009627603], [145.7799019026826, -17.122916979349892], [145.77914412253648, -17.125715969167192], [145.7788568323255, -17.12604798959699], [145.7783560529956, -17.12705598962604], [145.79028699240732, -17.128244019834888], [145.79084799299721, -17.12312201940661], [145.78628579282562, -17.12268087944], [145.78987198242413, -17.1183934292757], [145.79561759260835, -17.119068409136993], [145.7962683923873, -17.113794349067955], [145.79792498278928, -17.11396800927753], [145.80121899264677, -17.11432352910158], [145.81145538244587, -17.115441979345842], [145.81134380270439, -17.11926226956664], [145.81141600299873, -17.119351009051012], [145.81328498298163, -17.121451999530024], [145.81715697248615, -17.12352399980069], [145.81882097219255, -17.12763301944513], [145.81917802287364, -17.12851300932815], [145.82043197219556, -17.131611019804893], [145.82030097267435, -17.132046009211027], [145.81980698281134, -17.134747009399604], [145.81963598220887, -17.13475199952942], [145.8128539928679, -17.13851101948089], [145.81148699236405, -17.150214009284138], [145.81468698274725, -17.1505720194455], [145.81404601233413, -17.155748999020936], [145.8210060127301, -17.156550019566453], [145.82572601276115, -17.166577019020202], [145.83104201264382, -17.167268009499107], [145.83237901301047, -17.167364009520313], [145.83393000285753, -17.167966019070466], [145.83811002287632, -17.16846401944877], [145.83496799269358, -17.158010019831643], [145.84117200238748, -17.158752019432633], [145.84169600226912, -17.159326019598854], [145.84275800227607, -17.16093501910256], [145.84658499247308, -17.161391999509643], [145.85182000294472, -17.162020999339987], [145.85257241296208, -17.15647808960505], [145.85350897222284, -17.156582999651743], [145.85345498257593, -17.1570300194395], [145.857207992916, -17.15743199943008], [145.85696201263164, -17.159472019674872], [145.860718992627, -17.15989100984887], [145.86046401302005, -17.16179799985429], [145.8642189125172, -17.162253309569536], [145.86358107273284, -17.167757319843982], [145.87259098279313, -17.168829999630006], [145.8720679827364, -17.173364019515205], [145.87590099254408, -17.17377401976286], [145.87539499220583, -17.17773401937661], [145.87815198289823, -17.17803900911835], [145.8796780130551, -17.178216009618094], [145.87965501259055, -17.178396019800907], [145.87890698275856, -17.184468019251803], [145.87933199278746, -17.184531009510344], [145.88010601267726, -17.18449000924556], [145.88079297234134, -17.184409019664177], [145.88109599295132, -17.184423999778595], [145.8815669922312, -17.18439401980966], [145.88230798286463, -17.18420801910984], [145.882148982856, -17.18541800983548], [145.88186801229298, -17.18547699966145], [145.88143501264798, -17.185479999099993], [145.88143698265336, -17.18559199955916], [145.88130098221092, -17.18570800949561], [145.88131901229698, -17.186024009768502], [145.88161700234136, -17.186334019235137], [145.8820329923865, -17.18630200906319], [145.88179899293306, -17.188090019159933], [145.8832280023443, -17.189391009366524], [145.88460120302022, -17.189546389808818], [145.88716897258124, -17.189837009483146], [145.88700600291736, -17.19116600964066], [145.88693800224692, -17.191800009461723], [145.88877698299092, -17.195830009279177], [145.889209002574, -17.1967900094699], [145.89004200225213, -17.198559999318487], [145.8906479725051, -17.19944599964773], [145.89276997286925, -17.20254001955711], [145.8947620022832, -17.20544701982634], [145.89643800258347, -17.207891009573473], [145.8946710029449, -17.207650009034538], [145.89414496298923, -17.21179301956381], [145.90034799262116, -17.21236601963887], [145.90042599243895, -17.212388009751134], [145.90022499259754, -17.212720009759064], [145.9001080130829, -17.213061999803358], [145.8999909922458, -17.214889009067853], [145.89939998253547, -17.215374999011896], [145.8990339927191, -17.21565701975296], [145.89869498290386, -17.21583200901796], [145.89796297272835, -17.2161689993623], [145.8971669827416, -17.216701009051878], [145.89693298238987, -17.21713501972924], [145.89672898307367, -17.21744799917539], [145.89645801255642, -17.21780800914489], [145.8961949930278, -17.218287009412677], [145.8960289924481, -17.21862900975453], [145.89581601267406, -17.218859019764682], [145.89579400305124, -17.21931699933803], [145.8956580026088, -17.21955699963177], [145.89536399299945, -17.21981200947003], [145.8953589929766, -17.219940009780323], [145.89539002258314, -17.220351999666324], [145.8953500125187, -17.220582009248883], [145.89516700233915, -17.221280019506437], [145.89510302252793, -17.22144901946698], [145.8950949924876, -17.221529009524414], [145.91177399260496, -17.223368999528144], [145.91123999267754, -17.22915499951302], [145.9189312729188, -17.230041729293255], [145.9184060028193, -17.232025999558417], [145.9189250026781, -17.233694019610102], [145.9190680027932, -17.234351009140887], [145.91867001229141, -17.23531000973331], [145.91844699294572, -17.23528601982891], [145.9192809825673, -17.237520999667712], [145.92079201265554, -17.237652019763598], [145.92077598221934, -17.237830009097905], [145.920576002864, -17.24005000913528], [145.92015100271658, -17.240775999154135], [145.91938300243746, -17.241440999038105], [145.91960200272058, -17.24154800924465], [145.92146799221192, -17.242470009661982], [145.92235297290398, -17.24406700977141], [145.92248908294087, -17.244214079777375], [145.92245199240114, -17.244728009267476], [145.92281878261645, -17.251071959143164], [145.922600992364, -17.251046019555154], [145.91402699249034, -17.250180019047956], [145.9132620222287, -17.2567370096757], [145.91308788291255, -17.256594959660433], [145.91294568229804, -17.256320609103827], [145.9127728527255, -17.25611797954186], [145.91258604267233, -17.255914039772208], [145.91248479265835, -17.255746679023687], [145.91237507242954, -17.255521979783744], [145.91209910278775, -17.255166909250526], [145.91197583237118, -17.255044999464225], [145.91176702257667, -17.254819979377853], [145.91152929241986, -17.254584699538324], [145.91133249310067, -17.254464869746304], [145.9111373224271, -17.254331059719846], [145.910885872301, -17.25414702959633], [145.910648882356, -17.253867969008798], [145.91046492265713, -17.253636039739565], [145.91033100271292, -17.25349400964153], [145.9101751423162, -17.253279009578502], [145.91008010235575, -17.253183969508942], [145.90992096310822, -17.252997049708434], [145.90974258284564, -17.252850269807567], [145.90957103247413, -17.252776009477778], [145.90921713308316, -17.252892999016733], [145.90895707260498, -17.25293786952283], [145.9087030622803, -17.252926029708682], [145.90850509245627, -17.252948979267288], [145.90831102221895, -17.25294304949488], [145.90810402252973, -17.25290802934636], [145.90793306235136, -17.25283403927697], [145.9076860624792, -17.252623999662163], [145.9074841122201, -17.252417979059356], [145.90732497297265, -17.252231049045847], [145.90710308280924, -17.25206567957215], [145.90685196236478, -17.251898059678037], [145.90650996295636, -17.25173497964352], [145.90620683275193, -17.251617959343715], [145.9058630322214, -17.25161202952853], [145.90566287230473, -17.25164902910144], [145.9054209524054, -17.2516670295866], [145.90527297292866, -17.251651989718972], [145.9051200024122, -17.25167899902462], [145.9049511523764, -17.251704009416784], [145.90476789246523, -17.25172903953731], [145.9043319723972, -17.25174100982917], [145.90396828226793, -17.25178945977715], [145.90375198232053, -17.251842699370645], [145.9037310030654, -17.252017009216516], [145.9031399924568, -17.256702009120744], [145.9027889730646, -17.259477009467684], [145.901675973004, -17.268550019638067], [145.9013035323855, -17.271500819540403], [145.9008009923577, -17.275443999166868], [145.90056499235615, -17.277304009255143], [145.90046202296665, -17.2779700097014], [145.90092499310455, -17.278407019209702], [145.9020740129131, -17.278635009288674], [145.90246602243172, -17.278448019222232], [145.90249799257435, -17.27742599953534], [145.90283999288113, -17.27710899928342], [145.9032379923661, -17.277503019711304], [145.90350700275943, -17.27814300903564], [145.90405099285107, -17.27837500954883], [145.90465499309863, -17.278402999667406], [145.9046289724981, -17.278544009550124], [145.90452097254305, -17.279593019672227], [145.90354799288576, -17.288992019092706], [145.90954497234773, -17.28957400945822], [145.90843099312346, -17.298749009767135], [145.91742401305976, -17.299823008961955], [145.91699999297427, -17.30273399928028], [145.91681599285127, -17.303894009481024], [145.91678898230725, -17.303974019526525], [145.91644000298913, -17.30409100914394], [145.91628298286733, -17.30422100933707], [145.91560799235612, -17.30516800980497], [145.91576399289005, -17.30531400958269], [145.91617600250015, -17.304929009448696], [145.91721296286687, -17.30507200934752], [145.9173660124351, -17.305172999624926], [145.91736798244054, -17.30526599910652], [145.91652600230452, -17.31091301942198], [145.9159549926857, -17.3148170196482], [145.9181780229766, -17.31511600954359], [145.91764301244453, -17.318618009100824], [145.92477697249362, -17.319597009076375], [145.9248420123168, -17.320836009113513], [145.92465699260595, -17.32092201912325], [145.92467802306504, -17.321316009183104], [145.92486300235169, -17.321229009713747], [145.9248680023746, -17.321324999160208], [145.92596052264335, -17.323665899449114], [145.9246030128405, -17.323470609314633], [145.92153099285943, -17.32302499909893], [145.91875100260077, -17.3226240192156], [145.9181720024676, -17.326324019486048], [145.91748500237938, -17.326225009774607], [145.91691699313358, -17.329859019509616], [145.91484999302102, -17.329570009627776], [145.91396399274117, -17.3294420091382], [145.91319099243913, -17.33450700955399], [145.91406999304633, -17.33462901934543], [145.91523901294636, -17.334795019520648], [145.91435728235908, -17.340734739073792], [145.9110339928132, -17.340309019035825], [145.89366327285916, -17.33809177901758], [145.89299401270114, -17.34236201920661], [145.89280698256067, -17.342335009490114], [145.87767500263516, -17.34021901963848], [145.8775790023757, -17.340828018958327], [145.87225402293342, -17.340074009702615], [145.87346498247916, -17.332322009289992], [145.8671989926239, -17.331448019053436], [145.86645449227262, -17.335872609399686], [145.86622301259357, -17.337250009466], [145.8664889929694, -17.337473999236504], [145.8666370029889, -17.337675009439984], [145.86664298307372, -17.337762009692646], [145.86660498254057, -17.33799000936071], [145.8665210026379, -17.338068999570385], [145.8664739929008, -17.33854100903268], [145.8665280130904, -17.338762009713992], [145.86669999285664, -17.339023009659797], [145.8669269926373, -17.33918800945375], [145.86700499245515, -17.33932399926701], [145.8671670125998, -17.339476018934953], [145.86707401271335, -17.340145019224344], [145.86672500285243, -17.342688009081446], [145.86670098280004, -17.342869009514537], [145.86515101254082, -17.354165019326], [145.8714479924768, -17.354911009515526], [145.87078299302812, -17.360157998962354], [145.8701880127643, -17.36484301945515], [145.88358898315474, -17.366408999175867], [145.8832420124695, -17.36974501941137], [145.8909649726975, -17.370764009253627], [145.89020800283174, -17.37546600958204], [145.8901109829845, -17.376356009645075], [145.8894709926334, -17.37657300907285], [145.88897401227885, -17.377074008993713], [145.8872689829201, -17.376987009393304], [145.8862609626786, -17.377415009581135], [145.88219997302812, -17.378222009082386], [145.8813489827898, -17.379138999187997], [145.88025299232913, -17.389176009270297], [145.88038600227995, -17.38914100907999], [145.88071899248445, -17.389088008999437], [145.88097398287107, -17.389190009173102], [145.88127700258272, -17.3893859991274], [145.88150498242544, -17.38973100931174], [145.88170602269105, -17.390045009350906], [145.881963022609, -17.390423998969357], [145.88215198233073, -17.390629019615226], [145.88288099303153, -17.391014998904087], [145.8835769726794, -17.391120009523714], [145.88371297312185, -17.391290999159523], [145.88399198266256, -17.39148001914634], [145.88411199309292, -17.39150800916853], [145.88439297263912, -17.39171300974002], [145.8844640024286, -17.39204200903959], [145.88443297282205, -17.392381999335193], [145.88445998246772, -17.392629019280395], [145.88459200247507, -17.392852018967712], [145.8850159929162, -17.3931120091916], [145.88553297246386, -17.39348001893662], [145.88552498284776, -17.393558009688388], [145.88525400244905, -17.39603700940045], [145.88523499230098, -17.39621701931939], [145.88498799242873, -17.398485009448397], [145.88492499267957, -17.399022008910208], [145.88570897308932, -17.399610009112312], [145.88556900299164, -17.400020009006074], [145.88538398238245, -17.40094100958388], [145.88739998244137, -17.401160009711408], [145.88767198242792, -17.40145600946292], [145.88818798281198, -17.40146799914475], [145.88962798311073, -17.40141099950291], [145.89117299287292, -17.40156700935335], [145.89126898235264, -17.401550009335878], [145.8919460228193, -17.402921009549203], [145.8912619826799, -17.404092999621934], [145.89071101267848, -17.404606009661716], [145.89025801294196, -17.404923009167263], [145.89047000277262, -17.405430019166587], [145.8907049930678, -17.40573400950991], [145.8907990125421, -17.4057029992419], [145.8945670130693, -17.406254009527284], [145.89318100241744, -17.41509200914877], [145.8928234828158, -17.41728231930464], [145.89253601294175, -17.419202009339187], [145.89229000301293, -17.42077000936428], [145.88962302261368, -17.420372999294333], [145.88613935234864, -17.419850059273365], [145.8851669925289, -17.42582400894802], [145.8785441029096, -17.42483016956547], [145.87787399294533, -17.429371019137374], [145.87721524307614, -17.433858729212602], [145.86477991310707, -17.432165459257728], [145.86427869270443, -17.435557169413094], [145.86409908264818, -17.435483029283365], [145.86407313301456, -17.435663008901937], [145.86360801230995, -17.438794009294828], [145.86328546232568, -17.439035409528344], [145.8600868930773, -17.438708979382046], [145.86086989252667, -17.441164009225396], [145.86069501299872, -17.44275999897844], [145.86042798249235, -17.442567009255676], [145.86028209249693, -17.4427520493725], [145.8606659623808, -17.44302900929099], [145.8606398330841, -17.44326199926522], [145.86032195254273, -17.443467018883794], [145.85900795264067, -17.444471049319464], [145.85893597243358, -17.444579049273127], [145.8589298423301, -17.444715049028545], [145.8589840026569, -17.444932009277302], [145.85888195314232, -17.44492103884885], [145.8570230028495, -17.4447340092682], [145.84952193278488, -17.440219989692537], [145.84896789234185, -17.44533702938889], [145.84908498234924, -17.4466030092426], [145.84898913300677, -17.446760019149494], [145.84893406268657, -17.44686603896048], [145.84885810294278, -17.44706602915062], [145.84877101307256, -17.44725096957609], [145.848716992883, -17.447333049186437], [145.84870582233242, -17.44738903953104], [145.84866301311754, -17.447445999109508], [145.84863092260068, -17.44747102909571], [145.84855606239478, -17.447588999152973], [145.8482190926536, -17.4476559691103], [145.84771583307523, -17.448147999493123], [145.84765210299577, -17.448301988922164], [145.8475318724781, -17.448552999605447], [145.84753114304613, -17.448815979375905], [145.8476078331202, -17.449073019050676], [145.84774394315716, -17.449218999242888], [145.84807802301802, -17.449226029029916], [145.84826089306046, -17.449230969505486], [145.8485528131884, -17.449203978996028], [145.84878897309008, -17.44927299910683], [145.8489578527702, -17.449392969038726], [145.84922890233923, -17.449553979477663], [145.84948199278907, -17.449610048838835], [145.8497710724441, -17.44961202930979], [145.84987499314943, -17.44962299945594], [145.85009100294096, -17.449749009118072], [145.85116399293716, -17.45214500919216], [145.85290000249506, -17.452405009262883], [145.85287799287232, -17.452576009215953], [145.85288398283862, -17.452630008942297], [145.85145402300978, -17.452793008955496], [145.84288666258436, -17.45379213936841], [145.83991217269366, -17.454170359116247], [145.83805932286, -17.470909319228788], [145.83747638271595, -17.476138309201136], [145.83459744302883, -17.47628430883081], [145.83675700285326, -17.48262599893928], [145.83512187320346, -17.497369339442645], [145.8353496024162, -17.497219249471566], [145.83608201234202, -17.497127008998202], [145.8373189924883, -17.497182009044984], [145.83830099302767, -17.497503019095547], [145.83900719280845, -17.497628228822823], [145.83958728259813, -17.49770425934511], [145.84003777244175, -17.498312468965114], [145.84020300316521, -17.498518999578618], [145.84018577257976, -17.49899849883811], [145.84098600261467, -17.49930900888028], [145.84145641259965, -17.49950391924221], [145.84210538251037, -17.499462449553253], [145.84268329298715, -17.49947713923468], [145.84316600270515, -17.49958200944063], [145.84379081242625, -17.49967596900199], [145.84441499242837, -17.49975899908738], [145.84534600279562, -17.49988901956359], [145.84607881247175, -17.499711939229076], [145.84666920234446, -17.499602178824], [145.8473529927522, -17.499606009310234], [145.84798900266833, -17.499756999457052], [145.8486249730585, -17.49989600884052], [145.84915598249438, -17.499956008833276], [145.84961599268337, -17.49998099904332], [145.85027499318255, -17.50014399948662], [145.8507216831525, -17.500406649414796], [145.85128601289884, -17.500659009571386], [145.8518270124989, -17.500888019084897], [145.8524870029415, -17.500983018902645], [145.85296639248617, -17.50121169902243], [145.85320897264717, -17.50134500916751], [145.85356478275477, -17.501469858990596], [145.85393200236484, -17.501697649211422], [145.85441059240887, -17.50180017926293], [145.8548449026959, -17.502065509214976], [145.8552070926387, -17.502229939380886], [145.85581058264316, -17.502302229218376], [145.85616299262742, -17.50317899961863], [145.85657697314127, -17.503424018954522], [145.8567829828871, -17.503842009033928], [145.85698399261, -17.504325009361143], [145.85695500307747, -17.504501009162954], [145.85711319280574, -17.50494931934392], [145.85739866302998, -17.50517461901793], [145.85775600296856, -17.50534901936964], [145.85815819309434, -17.50543327881572], [145.8578879825518, -17.5058429995817], [145.85851297283426, -17.50593699959749], [145.85914701274493, -17.50625800960173], [145.85915698314633, -17.50654100949349], [145.85885001264404, -17.506686008922095], [145.85873099305542, -17.506821009615432], [145.85889502273136, -17.50708199902019], [145.8596940032097, -17.507393009269638], [145.85993001309274, -17.507518009142974], [145.8599990028082, -17.507723009502858], [145.85995100312766, -17.50789200933306], [145.85915898279615, -17.50817000954803], [145.85894498253586, -17.50841801888454], [145.85880201296348, -17.50868900965199], [145.8588439930333, -17.50944700891187], [145.8586149927045, -17.510386009032985], [145.85825400291094, -17.511379019143362], [145.8581280123957, -17.512839019284208], [145.85715002283408, -17.514497009106133], [145.8562820229958, -17.515657009584228], [145.85599600300264, -17.51617600884942], [145.85600498256224, -17.516516009197726], [145.85631001270343, -17.51688000906637], [145.85651901294082, -17.51733399916253], [145.8565849726389, -17.51805801916145], [145.85648799321575, -17.520400009459042], [145.85631801309938, -17.52122500892535], [145.8560069929918, -17.521925019055995], [145.85553198273422, -17.52249901933473], [145.85503500237965, -17.522745008863577], [145.85478398254662, -17.523151009628794], [145.8544880128133, -17.5233310190497], [145.85429598264997, -17.523895009492225], [145.85332599258592, -17.524421018935143], [145.85304100296037, -17.524635009305577], [145.85286700288307, -17.524849019125902], [145.85302202245674, -17.52484601923816], [145.8538369929471, -17.52478899908944], [145.8546180223911, -17.524692008943752], [145.8553670026407, -17.524536009440588], [145.8559030031162, -17.524377009051154], [145.85629198261742, -17.524323999467565], [145.8569999727406, -17.524367019107572], [145.85735001296916, -17.52452899883982], [145.8579070025813, -17.52371100960727], [145.859583992825, -17.522443019554604], [145.86105600279234, -17.522621999149763], [145.86220301306957, -17.523668009514175], [145.86223400315023, -17.524417999338006], [145.8626889728922, -17.525425009503046], [145.86473502249572, -17.527515008834943], [145.86801899278154, -17.528379019137976], [145.87303800244484, -17.52900300912442], [145.87537400306917, -17.529085019292733], [145.88165700252432, -17.527996009396574], [145.88400001270287, -17.530309009302847], [145.8844549824448, -17.531385009123355], [145.88515998297476, -17.53225700921811], [145.88619698286738, -17.533265019183784], [145.8876030025939, -17.533451018916434], [145.88846202287252, -17.533672019161372], [145.88987501262736, -17.535023019205937], [145.89088398238815, -17.534892019131263], [145.89178900269752, -17.534914019372728], [145.8926249928672, -17.534749008930913], [145.8929899927402, -17.53454001918759], [145.89306898250152, -17.534492008980237], [145.89465100285338, -17.53400401883706], [145.9007359929587, -17.53070400904149], [145.9025109831117, -17.530330009596863], [145.90369899249856, -17.53069401944628], [145.90416600236026, -17.53148200939612], [145.904807023079, -17.531984999178658], [145.90542602249687, -17.532053009650202], [145.9098839830612, -17.532463998895942], [145.9135869823928, -17.53331799960068], [145.91428497247023, -17.53275100957257], [145.91532898281534, -17.532353999602098], [145.91597401271525, -17.532284019095236], [145.91723501291384, -17.532934019500846], [145.917203002347, -17.534028009016822], [145.91695100245195, -17.534812009119843], [145.91439002235788, -17.53998201959183], [145.91448401308605, -17.540962019557423], [145.9145500024285, -17.54147801962309], [145.9147460031454, -17.54213200937878], [145.91516499266527, -17.542758018862678], [145.91571402320403, -17.54329101944562], [145.91717300310813, -17.543860999211276], [145.91935800322142, -17.54427800964495], [145.92179200285682, -17.544820998857833], [145.9220809729174, -17.54538401883463], [145.92262898296997, -17.546105018979116], [145.9238940031295, -17.546579009298835], [145.92561997311577, -17.545996009535465], [145.92961899248627, -17.545737009275392], [145.93291198275588, -17.544910009115256], [145.93465599270976, -17.54472100958869], [145.9370669927789, -17.544779009332938], [145.94054300310958, -17.54567100905734], [145.94300602282019, -17.546869009143663], [145.94381500244594, -17.547340999215443], [145.94544601242185, -17.546383018887457], [145.94630000303326, -17.544829019375875], [145.94823698278822, -17.541471009677185], [145.94940399315695, -17.540279009149106], [145.9533159927259, -17.53668499921864], [145.95539795248285, -17.53473700917793], [145.9565898928974, -17.534573019612846], [145.95733347247554, -17.534581369509272], [145.95790389279946, -17.534331009502193], [145.95940112296836, -17.53332706908313], [145.96122492308234, -17.5329590488573], [145.96418598315952, -17.5325389989213], [145.96704499282384, -17.530879019602082], [145.9688641127152, -17.530323039479978], [145.97059002251436, -17.53055400915532], [145.97120800234438, -17.530338999565352], [145.97300201252696, -17.52925700932898], [145.97336299243906, -17.528604019048807], [145.97336701239996, -17.5277620092132], [145.97291802274285, -17.526699019549017], [145.97311699239174, -17.526076009315396], [145.97511802292482, -17.522812019684366], [145.97661098250285, -17.521537019486825], [145.97818899277533, -17.520909019591933], [145.97947700261957, -17.520475009331836], [145.98134897309404, -17.519908019427625], [145.9823640028898, -17.519358009070366], [145.9845969631578, -17.518029009450633], [145.9861789826114, -17.51696099929343], [145.9866139926861, -17.51645500895533], [145.98703798312715, -17.51501602967743], [145.9855299830563, -17.513931019113762], [145.98236988236332, -17.512203969654802], [145.98114695276647, -17.51131899893626], [145.98074899280738, -17.510360019640757], [145.98124488260717, -17.50958702948925], [145.98309313306657, -17.509436019241377], [145.98343185272591, -17.509203009456954], [145.9838959825888, -17.50684901962737], [145.98454097296275, -17.501844009565765], [145.9852799926925, -17.501523008896797], [145.98607799310884, -17.501393009294564], [145.98685905309554, -17.50141702948655], [145.98723095292823, -17.501450049641857], [145.98817298292906, -17.502169019156057], [145.988938022361, -17.502933009283264], [145.98921900280544, -17.50354400887974], [145.98956301264352, -17.504001009416452], [145.9901950124802, -17.50460299961429], [145.9912340228024, -17.5055830090366], [145.9918289725235, -17.505797009618036], [145.99501698297405, -17.506940018938923], [145.99718399252723, -17.507525009263546], [145.9985969831803, -17.50778000931109], [145.99967198270775, -17.507939019097257], [146.00076800281286, -17.507772019709694], [146.0015669823929, -17.50750899919662], [146.00196801279358, -17.506860998950007], [146.00213401247495, -17.505800008963845], [146.00216398296777, -17.50385101916212], [146.0019929724838, -17.50239700897455], [146.00212299284135, -17.498138009597817], [146.0021070028293, -17.49726301919322], [146.0020679827083, -17.495951019608757], [146.00194301267922, -17.491584019686194], [146.00199900287424, -17.49008701898199], [146.00229698303718, -17.489156999362216], [146.00313601310577, -17.488613009110793], [146.00375399293586, -17.488898999261938], [146.00394499273156, -17.48900200948125], [146.0068969726378, -17.493527019433756], [146.00833598299315, -17.494738009582388], [146.01022799308504, -17.494187009692293], [146.01170099299574, -17.493612009187732], [146.01471899278715, -17.49158601940649], [146.01699002275862, -17.488305999649743], [146.01812499291614, -17.48663800929742], [146.01926897317597, -17.485349019720328], [146.0210479823916, -17.484753999312403], [146.02516602314742, -17.483123008920845], [146.02771901272698, -17.482849999068574], [146.02907700312852, -17.48328500915017], [146.02933001272996, -17.48369500946669], [146.0300189927051, -17.486482009670123], [146.03005600239644, -17.487682018912878], [146.03061098247733, -17.490043009346174], [146.03227998310496, -17.492499009359978], [146.03320898304253, -17.493466999326525], [146.0353089728856, -17.496201009310155], [146.03648004274112, -17.496079039711436], [146.03857488254263, -17.49627801970165], [146.039705612652, -17.496378458900274], [146.04083120260137, -17.496410739734383], [146.0414068026112, -17.496466909468708], [146.04723308240625, -17.49701953970182], [146.04830122239818, -17.497093999195183], [146.0582618527613, -17.497992969077448], [146.05850414276645, -17.495483059718254], [146.06391172229908, -17.495978799115054], [146.0640037025977, -17.49505572970015], [146.07103199292158, -17.495695009119444], [146.0705225331711, -17.4951006291546], [146.07289900289902, -17.49332201933659], [146.07302201280416, -17.49328399930747], [146.0727150126575, -17.49274300897009], [146.07225536269294, -17.49130671893205], [146.0721980627542, -17.490826309185984], [146.0723036525293, -17.4903343992719], [146.0721648825809, -17.489235499266957], [146.07218901312604, -17.48854509974973], [146.0726716123512, -17.487820169595913], [146.07279830265398, -17.487247709070466], [146.0728646225765, -17.48699168975299], [146.07330189281237, -17.48626605939626], [146.07393188311778, -17.485102988976813], [146.07412884233707, -17.48463696926094], [146.07450395274859, -17.484017059510748], [146.07484595305533, -17.48371402905285], [146.07566603316306, -17.48318301959001], [146.07576685288402, -17.48298600966154], [146.07644002251016, -17.482028049570445], [146.0765453230278, -17.48210799972591], [146.0766870125009, -17.482245879602818], [146.07733098238876, -17.48168638928392], [146.07768397268467, -17.481800019641312], [146.07786724247737, -17.4818095792295], [146.077936192667, -17.478232978941374], [146.07687619230984, -17.47676299958983], [146.07370624248807, -17.476313009027706], [146.07275622287113, -17.475523018925422], [146.07193617240787, -17.474043018975355], [146.07111620279295, -17.473373029711492], [146.0699361929037, -17.470993039378754], [146.06946618266892, -17.46963304917143], [146.06746620226647, -17.467263049298865], [146.06641617231062, -17.46398304951969], [146.06570617265618, -17.462633069701436], [146.06547615273945, -17.460373079072106], [146.06488616261703, -17.458893089656193], [146.06477608306213, -17.45099308933531], [146.0646660726775, -17.446473119523827], [146.06525598284986, -17.442623139042233], [146.06537595285602, -17.438333139236523], [146.065855973018, -17.43584312975459], [146.06679591263912, -17.433703119760995], [146.06703590295714, -17.430653159202866], [146.0695158226732, -17.424093149374418], [146.07058575300755, -17.414493169642494], [146.0722356527573, -17.40613317977257], [146.0725468525279, -17.403394679449452], [146.07330558309158, -17.397093209761135], [146.07319553228277, -17.394723199338323], [146.07283553243263, -17.394043209674116], [146.06967098238408, -17.391081969037888], [146.06791092312932, -17.388032039309753], [146.0669709727284, -17.38724203897608], [146.06178563280383, -17.384643289177102], [146.05966564286925, -17.385323269202065], [146.0582556831319, -17.386343269650155], [146.0549557524784, -17.386673289328826], [146.0531435630895, -17.38569924927609], [146.0509557530459, -17.384523309282883], [146.04684582228052, -17.38023332956183], [146.04343580308898, -17.375143349551504], [146.04073579253506, -17.370613349558095], [146.03848275312376, -17.365723519187778], [146.0356909122899, -17.35964299948595], [146.03533576244402, -17.359423369223567], [146.0342811331139, -17.359973019270175], [146.03287103234106, -17.360542989609456], [146.03157108298842, -17.360532999260517], [146.0296911525422, -17.358732999062884], [146.02960847250174, -17.358633989690748], [146.02598778310468, -17.354297719251853], [146.02534093231972, -17.353522999358535], [146.02393115224547, -17.350812999488106], [146.02384874259786, -17.3507077796921], [146.02158033301214, -17.34781196940476], [146.02138389301905, -17.347559739141552]]], [[[146.092983902534, -17.228723509572387], [146.092983902534, -17.229513519492635], [146.09310391296438, -17.22996350954682], [146.09522387235623, -17.230303499436825], [146.0958038525514, -17.229743509093066], [146.09616385240153, -17.228953519890407], [146.09616381287566, -17.22691354939668], [146.09428384290356, -17.22691354939668], [146.09357385223223, -17.226573529244344], [146.09345383281868, -17.226353529902333], [146.0933438628583, -17.22590353963665], [146.09310387254024, -17.223863559497573], [146.09275384219316, -17.22352354917809], [146.09169384273423, -17.22352354917809], [146.09134388245582, -17.223753559104317], [146.09122390256815, -17.224883559246056], [146.09310387254024, -17.226243529275063], [146.0932838527023, -17.226483529155164], [146.09349384288313, -17.227123539323724], [146.09334390238416, -17.228163519587866], [146.092983902534, -17.228723509572387]]], [[[146.09393892217383, -17.223292989824504], [146.09499914261824, -17.223063049683937], [146.09499914261824, -17.22250297990986], [146.09393892217383, -17.22125304951466], [146.09322899258797, -17.22215304988013], [146.09322899258797, -17.222723019873087], [146.09393892217383, -17.223292989824504]]], [[[146.07959902276698, -17.210502989334216], [146.07936899296877, -17.20904302937885], [146.07771912286347, -17.208362989648375], [146.07795885267006, -17.209373049752678], [146.07853884274672, -17.210393029903372], [146.07959902276698, -17.210502989334216]]], [[[146.07689904275574, -17.207233019833314], [146.07724396258715, -17.206563709272988], [146.07842394283196, -17.205203719782755], [146.07830392252018, -17.204193709856664], [146.07772394232495, -17.203963719366122], [146.0776039327929, -17.204303719310662], [146.07701891304896, -17.204742999611526], [146.07501396226795, -17.20464372978607], [146.0748939922618, -17.204983719899985], [146.07536903216382, -17.20609299976369], [146.07689904275574, -17.207233019833314]]], [[[146.01663444261973, -17.1559840998571], [146.0167544126259, -17.15542408986185], [146.01558444230832, -17.154744099670946], [146.01394008246893, -17.154953019539782], [146.01029450255197, -17.152024119146763], [146.00547456225064, -17.152584149700022], [146.00488461255242, -17.154394139458642], [146.00547460267484, -17.156094099307428], [146.01051456284716, -17.160954069559935], [146.01098460272632, -17.164454049565425], [146.0118046127654, -17.165024049564142], [146.01286457269836, -17.16446405912728], [146.0121645829711, -17.16185407977404], [146.0125145028254, -17.160614079328237], [146.0142844929556, -17.158134079326114], [146.01663444261973, -17.1559840998571]]]]}, "properties": {"sa2_code_2021": "306031158", "sa2_name_2021": "Babinda", "sa3_name_2021": "Innisfail - Cassowary Coast", "sa4_name_2021": "Cairns", "mapped_location": "Cairns", "geography_type": "LGA approximation from 2021 SA2 names", "fill_color": [180, 61, 31, 90], "line_color": [127, 42, 25, 220]}}, {"type": "Feature", "geometry": {"type": "Polygon", "coordinates": [[[145.79546798268936, -17.307829008915828], [145.7953280027102, -17.30768500943706], [145.7756380123556, -17.29747699941922], [145.77541098293048, -17.29735800889632], [145.77512799295474, -17.2974840195952], [145.77477598272077, -17.2975680095261], [145.77441701234, -17.29767400938534], [145.77408300254768, -17.29809900913021], [145.77406201251267, -17.29829099926246], [145.7744750129646, -17.29921100905844], [145.77470298292585, -17.299419998942657], [145.77511098245648, -17.30020101943862], [145.77510397290231, -17.300777019533147], [145.77519500278333, -17.30128600891941], [145.7753139630832, -17.3015070089613], [145.77542999307855, -17.301905019353708], [145.77535199236243, -17.302370009116068], [145.7753449828082, -17.30292401967008], [145.7754609831592, -17.303322008985294], [145.77572097267043, -17.303874008893956], [145.77578700243706, -17.30444900946705], [145.77592701295893, -17.304936019048437], [145.7759180028566, -17.30564500956591], [145.7757660124021, -17.306199009396618], [145.77554300293792, -17.306621019417875], [145.77524698289892, -17.307042999310767], [145.7749760025002, -17.307421009527946], [145.77475401262384, -17.30766500926228], [145.77469999243425, -17.308131009338485], [145.77491501228238, -17.308394999651775], [145.7750809823193, -17.308726999237695], [145.77461400300027, -17.30923800950292], [145.77405401301513, -17.309462009419544], [145.7733480027788, -17.309732019247864], [145.7716489930308, -17.309961009110243], [145.77087399307902, -17.30992100925372], [145.77009898234743, -17.30985801889597], [145.76937198297452, -17.309884009378685], [145.76862000235184, -17.309887009368822], [145.76777200260508, -17.309936009200943], [145.7671389822823, -17.310138019520096], [145.76643402307482, -17.310318999720003], [145.76570599243595, -17.310410999177815], [145.76500198274783, -17.310502999447216], [145.76463698287483, -17.31061499952664], [145.76429198309336, -17.311082019559795], [145.7640689628493, -17.311437009737013], [145.76346201253435, -17.31157299951592], [145.7627579929647, -17.31162100920285], [145.76198000252134, -17.311846009632387], [145.76149101268126, -17.312202999160093], [145.7610239929381, -17.312736009642382], [145.7605320126064, -17.31335900888632], [145.76016098234297, -17.31393600890434], [145.75959797312012, -17.314425999275], [145.7589899924375, -17.314606009586395], [145.7582620031211, -17.314654009047427], [145.75736600279552, -17.314591999700067], [145.7565470123442, -17.314218998948174], [145.75572499277385, -17.31402400922796], [145.75507299284567, -17.313828009034303], [145.7545380128563, -17.313941009635275], [145.75407198305655, -17.314430018888007], [145.753651982932, -17.31507501941643], [145.75325799262816, -17.31556400935744], [145.75279298241634, -17.315964019264047], [145.75215599243825, -17.31652100931965], [145.7514959930124, -17.316945019574568], [145.75057101303574, -17.317326009298164], [145.75005800314332, -17.317638009100115], [145.74942199232888, -17.31810599923385], [145.74880897299585, -17.318685019406697], [145.74831600272077, -17.319396009098746], [145.74811500287927, -17.319995018896233], [145.74762301266614, -17.320573009165333], [145.74708398307155, -17.32104000903904], [145.7463050026847, -17.321332008992297], [145.74557299250912, -17.321667009018988], [145.7448889829124, -17.32209100911379], [145.74425600301376, -17.32235999960141], [145.7436999925653, -17.32225201926119], [145.74316100249655, -17.32269701904677], [145.74286400239558, -17.323208009334614], [145.74253999264903, -17.323918019335075], [145.7421499926617, -17.32409700927957], [145.74134801270864, -17.324321999578494], [145.7405719823892, -17.324370009364806], [145.74011000309312, -17.32443900968961], [145.73969299256177, -17.324884009322474], [145.7393720128327, -17.325328009679627], [145.73892897271773, -17.32590600889573], [145.73858401246207, -17.326328009681966], [145.73787697275645, -17.326642009442732], [145.73700199300848, -17.3268450090187], [145.73625100232925, -17.326849009493916], [145.73564401248845, -17.32696200894699], [145.73503398274863, -17.327275009436786], [145.73463799279497, -17.32796300938358], [145.73426602289373, -17.328585009410414], [145.73399296289514, -17.329094998860434], [145.7342550023618, -17.32947101967468], [145.7345660224694, -17.3298460089595], [145.73448699228396, -17.330355019032943], [145.73418897259515, -17.330887999148672], [145.73417598295617, -17.330926999703614], [145.73396300228376, -17.33153100902135], [145.7341729825831, -17.332261019502003], [145.73423697317406, -17.33292499956914], [145.73442498247817, -17.333433008955556], [145.73403100295417, -17.333921998904962], [145.73358599283378, -17.334588999134336], [145.73306897286187, -17.335278019553716], [145.73286800266482, -17.33585401946551], [145.73295501258494, -17.33665100964552], [145.73304400239195, -17.337249009618215], [145.733014003153, -17.33780200948939], [145.7327170030521, -17.338290998947148], [145.73229699304608, -17.338868019254612], [145.73195101230428, -17.33942401890003], [145.73160499293493, -17.339957018988226], [145.73135697257655, -17.34040101890776], [145.7312429826552, -17.340876999389305], [145.73107198295102, -17.340735019471758], [145.73077297242045, -17.342824019452692], [145.72970797293874, -17.343797008968277], [145.72947500295467, -17.34623600946311], [145.72984799244378, -17.347343008894846], [145.7287720128543, -17.349222998925388], [145.72799101305472, -17.348941009452073], [145.7276590127937, -17.349387998977694], [145.72780300285228, -17.35101699953965], [145.7260010030536, -17.35254800960539], [145.72586500261113, -17.35331299924665], [145.7244530027998, -17.355320009453887], [145.7222320125829, -17.355900999185728], [145.72095100241137, -17.35766201946911], [145.72051100309358, -17.35970400932208], [145.71746098285382, -17.361086018955312], [145.7173770029512, -17.361412008983145], [145.71591101259463, -17.363829008910606], [145.7138939929479, -17.36592000924661], [145.7121679726559, -17.365729019211273], [145.7106209928883, -17.367469019446208], [145.71007101283033, -17.367165009251814], [145.70935101313003, -17.370258999399862], [145.7081299825717, -17.370815019597057], [145.70749101270675, -17.3721890090339], [145.70753700285604, -17.372304009017014], [145.7078369925502, -17.37311900939988], [145.7092069826473, -17.374617009461932], [145.70943401297072, -17.374679999024263], [145.7101750027059, -17.375672008900615], [145.71197598291678, -17.376149008888508], [145.71266700296587, -17.376874009042552], [145.71358100283484, -17.377179019039808], [145.71445499263945, -17.377166009275086], [145.7148440125648, -17.376890009149545], [145.71594999318972, -17.376795008975932], [145.71659601303304, -17.375904019125706], [145.7194139930451, -17.373790999036792], [145.72083800243342, -17.373756019052394], [145.72189197240013, -17.373930009279594], [145.72309998277674, -17.374549999010075], [145.7234719931022, -17.374142999278902], [145.72578999238667, -17.374521009321825], [145.7262460230389, -17.374441018882983], [145.72670300231215, -17.37466900894526], [145.7274639930371, -17.374733999491063], [145.72796897288922, -17.374627019618707], [145.72844701316436, -17.37429199885364], [145.73062701235648, -17.37442301927193], [145.73178099266207, -17.37495300955601], [145.73196499278504, -17.37556300886554], [145.73253501246035, -17.376076008897176], [145.73302601273008, -17.376379999156477], [145.73299498312352, -17.37686199888791], [145.7335950128175, -17.378151009167], [145.7348300229583, -17.379318008968006], [145.7348849926672, -17.380086019420602], [145.73498299257645, -17.380169009663373], [145.73578698295918, -17.380474019314725], [145.73743499265353, -17.38032900950542], [145.73852798274118, -17.380142019235144], [145.73954202259344, -17.379166009482123], [145.73949399237017, -17.37901600910999], [145.7395979831441, -17.378927009476953], [145.7404989825943, -17.37763200946841], [145.74133600313158, -17.37765000962135], [145.742932983128, -17.37659101961772], [145.74307402311914, -17.376663018913575], [145.74308701275817, -17.375585998842165], [145.7427359924676, -17.374416008896603], [145.7430620126438, -17.37222201915303], [145.74331802261827, -17.36782900956747], [145.74383599300774, -17.36718599919884], [145.74575998312372, -17.36666699929074], [145.74623802250048, -17.365822018882056], [145.74867797257627, -17.364384009484652], [145.74970399236116, -17.36473600894199], [145.7500560025952, -17.36498499956871], [145.75123002251806, -17.3639200092837], [145.7532900022967, -17.366012009129484], [145.7508179724838, -17.368255009509767], [145.7503870129127, -17.36864699888488], [145.74866899301668, -17.37020501904726], [145.74864899292524, -17.370225019266172], [145.74871699269727, -17.370311009551404], [145.74879401245315, -17.37051000928794], [145.7488460231114, -17.370977999169508], [145.74894899250086, -17.371395009409273], [145.74922701299647, -17.371717009032746], [145.74956200285075, -17.37170401945615], [145.74994398267927, -17.37201901921469], [145.74991598309015, -17.372428019548867], [145.74974498248758, -17.372896009673454], [145.74975199294005, -17.373236999180218], [145.74998602293624, -17.373528008992096], [145.7499629928273, -17.373545009041337], [145.74403999232393, -17.377749998912655], [145.74321498316027, -17.376733999687694], [145.74141900297226, -17.377923019153865], [145.7406469926138, -17.377907008849377], [145.73981698252888, -17.379099999457374], [145.73958798309835, -17.379318008968006], [145.74156398297427, -17.386661008919447], [145.73780999257227, -17.38759299920612], [145.7348849926672, -17.3883170196137], [145.73107300253884, -17.389265009062857], [145.7274399729847, -17.390167019032766], [145.7338320027625, -17.395517009467692], [145.7316240129644, -17.39794900964047], [145.73628498290154, -17.401849009513175], [145.73483498255703, -17.403445999572455], [145.7381180132051, -17.406193009206227], [145.73775998246208, -17.406587008827263], [145.74086201246183, -17.409130019034876], [145.73933299271172, -17.41081700965167], [145.74217802279352, -17.413201019478144], [145.7372009932001, -17.418664008918828], [145.73656698293382, -17.417581999154407], [145.7335329931303, -17.41924599923152], [145.72960300300113, -17.412762008953912], [145.72948799259365, -17.41265899935169], [145.72837200293978, -17.414557009470165], [145.72718199300482, -17.414417999245444], [145.72609999290634, -17.41510199909052], [145.72593800240605, -17.415221009211734], [145.72595099294344, -17.41543299885157], [145.72606301285936, -17.41556399922837], [145.72620299283847, -17.415606019442503], [145.72638699296155, -17.415452999268506], [145.72657598232763, -17.415283009369034], [145.72673100279954, -17.4152750088522], [145.7269609831904, -17.415344019512393], [145.72721400267332, -17.41541400899623], [145.72734701262416, -17.415588019596754], [145.72741997289322, -17.415837009591623], [145.72750900312442, -17.415928008955376], [145.7277340230183, -17.415947009042892], [145.7280540128039, -17.415891009049986], [145.72833101281336, -17.41593701914736], [145.72866302295586, -17.41611100953551], [145.72896301265, -17.416185009249666], [145.72947200258156, -17.416148009396334], [145.72994599235307, -17.416078009051006], [145.73034099236324, -17.4160940091568], [145.73069698303226, -17.416172999105125], [145.73093098248566, -17.416301009274054], [145.73098197265782, -17.416383018808332], [145.73091499247357, -17.416471999355597], [145.73077399290662, -17.41653500964586], [145.73065599290584, -17.416655999662055], [145.73063099279148, -17.41681300962467], [145.7307610023693, -17.417028019652967], [145.73073198319238, -17.417195019123046], [145.73048601278947, -17.417446009175492], [145.7301770031115, -17.418003009629107], [145.7299389827989, -17.418452019600636], [145.72987201249617, -17.418718009255596], [145.72981802284926, -17.41900100891832], [145.72986299251238, -17.4192269994872], [145.72996997287956, -17.41938600946654], [145.7301489729797, -17.419391009034182], [145.7303180026785, -17.419319999389682], [145.73045998320575, -17.419189999393037], [145.73058799313375, -17.419051008979746], [145.73067300250574, -17.418899019378888], [145.7307159931803, -17.418763998927005], [145.73067599299736, -17.418565019116784], [145.7306809930202, -17.418484009109385], [145.73080797258058, -17.41839000937647], [145.73097299309825, -17.41835500963681], [145.73117002238615, -17.418365008828427], [145.7313500025483, -17.41848599934659], [145.73141099276617, -17.418598998841684], [145.73135799306274, -17.418801999367076], [145.73126601276414, -17.419162009324232], [145.73130500234242, -17.419540999428687], [145.73138398312048, -17.419780008920025], [145.731504982596, -17.419925008870383], [145.7316590131245, -17.419989019079477], [145.73179099270774, -17.419958009516865], [145.73187600297808, -17.41985499883023], [145.7319759827742, -17.419608008823722], [145.73207098320879, -17.419473018895154], [145.7321989931368, -17.419366009480314], [145.73259502261632, -17.419115999182203], [145.73276897238793, -17.419036009391316], [145.73288201279001, -17.419050009578605], [145.7329430128894, -17.419095999166412], [145.73292300291644, -17.419240008831007], [145.7328079925089, -17.419496009351622], [145.73258600263253, -17.419761009231298], [145.7322409732066, -17.420033009639372], [145.73199598286573, -17.420194019420762], [145.7318960030695, -17.420351009199358], [145.73190900259004, -17.42053600927617], [145.73199700245357, -17.42071700902627], [145.73216497303864, -17.420867009474062], [145.72864097290892, -17.422324008846203], [145.72938097270054, -17.423399009441923], [145.7289790026621, -17.423535999506655], [145.72889100279858, -17.42356500885172], [145.72905598289202, -17.42399400909546], [145.7300790032022, -17.42497200883721], [145.73148600299072, -17.425766008970054], [145.73084798264497, -17.426519019028202], [145.7303559924319, -17.42778500949049], [145.72996997287956, -17.431251998845394], [145.73128799274252, -17.431101999217525], [145.73219998308016, -17.430608019306792], [145.73277799237164, -17.430592019615865], [145.73360899239998, -17.430374009545673], [145.7345629825705, -17.430973999426172], [145.7358020126722, -17.431191009444937], [145.73656698293382, -17.43209300958243], [145.73734202241153, -17.43148800957491], [145.7383559930935, -17.432017009085353], [145.7382309826403, -17.432877999377542], [145.7393309831804, -17.43405600910831], [145.74029998240266, -17.43615200944333], [145.74026600272873, -17.43654601898613], [145.73799899271813, -17.43613801913814], [145.73434899308998, -17.43562101901572], [145.7342909924654, -17.43769201889578], [145.73147600294496, -17.44413800942336], [145.7303719824439, -17.444636008872507], [145.7306740229919, -17.44523100954578], [145.73121199257454, -17.445879009035167], [145.73122700252466, -17.447155009306105], [145.7321259924435, -17.448464008991586], [145.73202299251133, -17.449472008846325], [145.73285500314435, -17.45004300961426], [145.73407400261183, -17.449826998977247], [145.73467800285945, -17.45045701914546], [145.73502398270287, -17.451262009515364], [145.73486896312932, -17.451738019473922], [145.7339870124547, -17.45260900909824], [145.73437001276935, -17.452785999016132], [145.73553199257253, -17.452408009488956], [145.73703798311206, -17.452358009142436], [145.73712897256885, -17.45260199915179], [145.73784601321847, -17.45247199887482], [145.73829697288107, -17.45300300878917], [145.73877800274943, -17.452941009451052], [145.7388769926021, -17.453198019313632], [145.73923699245225, -17.453245008933937], [145.7396889726009, -17.452849009620376], [145.74005802297754, -17.453246998791947], [145.7400060132175, -17.453328019072693], [145.73405600306853, -17.462479998999477], [145.73265101281135, -17.467067998989823], [145.7360900026708, -17.469348019292966], [145.73958699315486, -17.47997600897526], [145.73943501258188, -17.480515998812912], [145.73774498239348, -17.48227399879082], [145.73036698242106, -17.481984019134345], [145.71771597234223, -17.474292008844685], [145.71761297241002, -17.47317000939337], [145.71854200289036, -17.470663009326984], [145.7190900228244, -17.47059400931647], [145.72204400238044, -17.468966009354165], [145.722359982985, -17.46859700957798], [145.72231399283575, -17.46772300901958], [145.72212499268988, -17.467250009105037], [145.7220089923389, -17.467274019239103], [145.71652301233985, -17.466679998852555], [145.71733900241804, -17.46031300946715], [145.7119629923794, -17.45581800914842], [145.7169609724819, -17.45329101903864], [145.71721100237156, -17.452755019022923], [145.7177470028471, -17.4520680195451], [145.71690498318515, -17.451841999383216], [145.71627400293636, -17.45134601892458], [145.7160270129456, -17.450896009261903], [145.7151799923625, -17.44877401908453], [145.71507297246947, -17.448815009275126], [145.70477001301617, -17.452844019539185], [145.70464799305452, -17.452661018950415], [145.7044489928629, -17.452564998970324], [145.7042349926027, -17.452759009033144], [145.70387200315926, -17.44396801881649], [145.7033849824263, -17.44219101937059], [145.7023990023502, -17.442235008863687], [145.7002629927592, -17.442437009535585], [145.70003599297854, -17.44201899925967], [145.69969800275115, -17.44176501945926], [145.69836097274018, -17.44186100913336], [145.6988190129238, -17.438441009128756], [145.69718202286302, -17.43631300929097], [145.69685199260735, -17.435445009175798], [145.69719297242796, -17.434573009380486], [145.69817402254975, -17.433800009294913], [145.6962289723303, -17.432689009361003], [145.69455001297942, -17.429054019208348], [145.6920009930551, -17.4301480190625], [145.69004397278445, -17.43075099912657], [145.68864500303633, -17.43072400931045], [145.6893959928172, -17.425324009123642], [145.68930999260346, -17.425287009407914], [145.6897300026095, -17.42451899941509], [145.69085099318454, -17.423802019468067], [145.69175100269132, -17.4236710190012], [145.69346202291464, -17.4233130089758], [145.69362400263512, -17.42270801929194], [145.69347698255908, -17.422482998986542], [145.69379898277435, -17.4213510090044], [145.6940520031556, -17.42098901915273], [145.69418398273885, -17.420425008909724], [145.69470896268243, -17.420026019011775], [145.69504301289896, -17.41888900907394], [145.6949589925721, -17.418835999618803], [145.69249002242108, -17.41784900919809], [145.68702400298758, -17.415667008906738], [145.68696596283706, -17.415595009537057], [145.68783298261332, -17.414939019401167], [145.6882369729629, -17.414358008790956], [145.68837600252448, -17.414038009367633], [145.68835800298112, -17.413683019034583], [145.68790799283786, -17.41248700883531], [145.68750098235228, -17.412079009215123], [145.68736798318122, -17.411764009004827], [145.68733502309513, -17.40965001881779], [145.68708700273675, -17.409320008890585], [145.6869109931282, -17.40896900892981], [145.6869799828437, -17.40583801906075], [145.68718599258952, -17.40501300934583], [145.68706400317055, -17.405024019031742], [145.681627982976, -17.406110999383827], [145.67583898236694, -17.410401999020184], [145.6766179923982, -17.416262008897245], [145.67639002243692, -17.417760009607804], [145.67679900292794, -17.418460008835673], [145.66883400242637, -17.41949800900607], [145.6678569731638, -17.41582801910881], [145.66491000316188, -17.41213400922337], [145.664220992644, -17.411269009046492], [145.6639910023717, -17.41126200951192], [145.65682401306626, -17.416834009303706], [145.65673101317984, -17.416938019392784], [145.6571009726515, -17.41719801907105], [145.6578129827356, -17.417603019316065], [145.65880698297056, -17.418053009106625], [145.65975598299957, -17.41854501904064], [145.66061599322174, -17.419008019298875], [145.66106097279936, -17.419282999314337], [145.6614310023396, -17.41961399921215], [145.66175501298451, -17.42008800896676], [145.66181002311757, -17.420631998975317], [145.661775013076, -17.42136001892881], [145.6618619924534, -17.421747019275788], [145.66209698274855, -17.422191018836248], [145.6624070129127, -17.42247900917112], [145.66282399290128, -17.422554009115235], [145.66312201259, -17.42249800943415], [145.66347799247927, -17.422644009178885], [145.66378897306092, -17.42287401933], [145.66403900295057, -17.42329799945228], [145.664168982884, -17.423869999246993], [145.66428300244974, -17.424557019227713], [145.66421800305073, -17.425385998994024], [145.66437600233616, -17.426130018929985], [145.66450000308302, -17.42691001958483], [145.66441999283563, -17.42763900957197], [145.66408798269313, -17.428280009249093], [145.66372499235143, -17.429035018770627], [145.66298798305132, -17.43003099935439], [145.66229598294018, -17.431099008925685], [145.66162000248556, -17.431873009500123], [145.6616750027371, -17.432488009220403], [145.6619220026093, -17.433319009032296], [145.66215600296107, -17.433950009276003], [145.66261200307062, -17.434625019235003], [145.6629799925369, -17.43531300918356], [145.663066022395, -17.435743009404426], [145.6630180227144, -17.43619199887877], [145.66276300268333, -17.436447008885434], [145.66209099278225, -17.436700008785216], [145.66124200309204, -17.436708999097114], [145.6603060025835, -17.43650200926612], [145.65964900263245, -17.436654998940597], [145.65901999238903, -17.43725101895485], [145.65847899278893, -17.437848008894903], [145.6580589926644, -17.438331009520063], [145.6579820124344, -17.43860201895448], [145.65851002239546, -17.439279999286818], [145.65901598320792, -17.439796009462828], [145.6593689726055, -17.44038400951304], [145.65967802270768, -17.440930019003442], [145.65995699272256, -17.441481999389502], [145.66035600281216, -17.441799018861055], [145.66077499323038, -17.441970009051477], [145.6617839926356, -17.442080019320574], [145.6632289929572, -17.441976008990054], [145.6643780127658, -17.441640009555474], [145.66552999252318, -17.44091900891147], [145.6666969723492, -17.440055009004364], [145.6674590132047, -17.439702009564744], [145.66843499323508, -17.439452019410155], [145.66905998261927, -17.439556008897547], [145.66930898303963, -17.440114999583926], [145.66927299293604, -17.44087299911232], [145.66895197278274, -17.442100009104497], [145.66899001284176, -17.44302900929099], [145.66865599316802, -17.44391300954623], [145.6679960027254, -17.444595019456276], [145.66751500250146, -17.445220998971287], [145.6673920024778, -17.445712009246865], [145.66765801249804, -17.44590000879761], [145.66829800284918, -17.44606100946676], [145.66886299285724, -17.44616501918112], [145.6697559928098, -17.44624301914353], [145.6711870126507, -17.445994999612378], [145.67254500305222, -17.445561009398972], [145.67339501322857, -17.4453950094332], [145.67428298261558, -17.444957009613752], [145.6749980227171, -17.444876009608166], [145.67545799248188, -17.445137009021227], [145.67566096322713, -17.445809998780277], [145.67602498303808, -17.44697100889931], [145.6765839830798, -17.448004009215484], [145.6771879824291, -17.448794019275265], [145.67777997309966, -17.449413009439457], [145.67822399237832, -17.449715999291236], [145.67871598259143, -17.44961900937709], [145.6793430129479, -17.449423018926787], [145.67970699323305, -17.449518019046547], [145.68012196279207, -17.449878009534103], [145.6808180125085, -17.45034100912605], [145.6812320029038, -17.450729008927844], [145.68157101271896, -17.45126000935208], [145.68177501293349, -17.45183400903898], [145.68178497255502, -17.452520009324175], [145.68136201248157, -17.45346100952121], [145.68104398281992, -17.454145009549066], [145.68071399298847, -17.454284998999885], [145.68032800308058, -17.454307019282638], [145.6799860027738, -17.454219009262843], [145.67962899251694, -17.454160019105256], [145.67949401256067, -17.454316009583344], [145.67938798261108, -17.454630009118162], [145.6789220228799, -17.45524100897655], [145.67853198246837, -17.455524999173942], [145.67827900251137, -17.455579998941307], [145.6775799928461, -17.45546100914619], [145.67702800235847, -17.455601019009734], [145.6764290030321, -17.456083018822664], [145.67617299305758, -17.456438008930252], [145.6761720031141, -17.456639019519304], [145.67607900322773, -17.4571240090223], [145.67591300264803, -17.457336998867937], [145.6756369827006, -17.45757100916269], [145.67548201253425, -17.457794009227207], [145.67550099303793, -17.458110008854984], [145.67557800291232, -17.458601009258324], [145.67562600259288, -17.459030009358262], [145.67563100261575, -17.459444009611456], [145.67571498251837, -17.4598830089266], [145.67575499258282, -17.460368009502925], [145.67583098286937, -17.460979008970384], [145.6758140127953, -17.461388999548326], [145.67585598298373, -17.46164200939224], [145.67598698250492, -17.461734009067552], [145.6762070131557, -17.461680009468687], [145.67648400238534, -17.461666998867237], [145.67668800259983, -17.461850999003033], [145.67678097284184, -17.46209800892925], [145.67678600250915, -17.46241300878269], [145.67672399270336, -17.462855018991576], [145.6768169925898, -17.462987009323733], [145.67712202273103, -17.46329801957417], [145.67727401318552, -17.463544009528587], [145.67735300294675, -17.46372700946875], [145.67733697251057, -17.463896009053467], [145.67727697313444, -17.464078009485522], [145.6773709926087, -17.464261019171964], [145.67758897240566, -17.464438008909866], [145.67774001244257, -17.464536019222233], [145.67781899322063, -17.46469100937674], [145.67786202252273, -17.46482500953247], [145.67775099255027, -17.46499599954175], [145.6775679823707, -17.465142008964747], [145.67721597303506, -17.465237999179628], [145.67682798257894, -17.465298019173748], [145.67658602315385, -17.465422999139165], [145.67640202303082, -17.4655760193811], [145.6760949932398, -17.465630019538573], [145.6757510130461, -17.465656009325887], [145.6753619931207, -17.465801008792003], [145.67497298307686, -17.466065009083543], [145.67470897270644, -17.466239019349217], [145.67449099290945, -17.46634300897685], [145.6745020224245, -17.466486008756647], [145.67492998252087, -17.47480401945593], [145.6748810027783, -17.47489601933556], [145.6748330030977, -17.4749859995583], [145.67574601302326, -17.476228018901697], [145.6764749931814, -17.476270008856385], [145.67704497243253, -17.475794009031368], [145.6777900126713, -17.475752009541463], [145.67873102308425, -17.476603008861492], [145.67960300245912, -17.477885009450105], [145.68015700247804, -17.47805300880975], [145.68188900285483, -17.476197009478888], [145.68638999272127, -17.480693009589764], [145.68660801294243, -17.48095800876471], [145.6859569930762, -17.481172009203796], [145.68458897298456, -17.482719998965937], [145.68413199281304, -17.48281299903565], [145.68359300274423, -17.483335018997607], [145.6821999825382, -17.483462018946355], [145.6816550025031, -17.482804009285157], [145.67982700276514, -17.48323400880792], [145.67956898236105, -17.48389300910476], [145.67869999257937, -17.483977999077485], [145.6768740131525, -17.491410008810806], [145.6788330025302, -17.491753019104184], [145.67980098306296, -17.49124599895947], [145.68001100288816, -17.491396999477978], [145.68021401315923, -17.491318009571803], [145.68430099286743, -17.487609018973806], [145.68928999251193, -17.492592009569528], [145.6822544725467, -17.499017909211794], [145.68209402265717, -17.499115019307677], [145.68179800261825, -17.498663009015203], [145.68127696268544, -17.498576019409395], [145.6805120032036, -17.497258999315527], [145.68034698268585, -17.49604700899149], [145.68083999248682, -17.49548801950072], [145.68079297286826, -17.494884008847315], [145.68103099318085, -17.49383899875528], [145.6808609726403, -17.492943008743396], [145.6803929728352, -17.492505998921082], [145.68023799278743, -17.491564019055218], [145.68017401297627, -17.491517009338644], [145.67993501260162, -17.491571009509027], [145.6702840027709, -17.500329009357632], [145.67355101286418, -17.503577008943886], [145.67364098273313, -17.503494999245643], [145.67773099245878, -17.50755600905997], [145.68442899291392, -17.501371019554373], [145.68434001298843, -17.502092018971506], [145.68465099267175, -17.503084999032517], [145.6855929831467, -17.503211009376876], [145.68702900301042, -17.50397801934324], [145.68835899292458, -17.503957999514885], [145.68866497258506, -17.504379009152967], [145.68179296306948, -17.51279600890543], [145.69600201297374, -17.516726019425057], [145.69580805322917, -17.5265639993729], [145.6958040027256, -17.52676799911766], [145.69633099309877, -17.527034009567853], [145.69415800256255, -17.534319019143908], [145.699607012396, -17.53581499909145], [145.70034497301205, -17.53333399882521], [145.70693800263135, -17.535176009116793], [145.70620599245572, -17.53762799901722], [145.71018299322037, -17.536887999104508], [145.72076602312467, -17.539554019136844], [145.72177700241681, -17.539808008845867], [145.72243101277456, -17.541066999416607], [145.7218809931907, -17.54156100917317], [145.7265279925285, -17.547550009317508], [145.72586500261113, -17.548013009380238], [145.72571298251228, -17.548700009379814], [145.72612400307725, -17.54932401935981], [145.72484398284908, -17.550285019578027], [145.7194519926799, -17.548043998832792], [145.716906002773, -17.54877200919158], [145.71653100285428, -17.549134998742005], [145.71460099312762, -17.550445008775398], [145.7070420230496, -17.55219800898526], [145.70709199273563, -17.552864009137622], [145.70894199311323, -17.552430018832833], [145.70885198282005, -17.555841009096316], [145.70961699260755, -17.556929008938155], [145.70965699279057, -17.557560009314443], [145.70927228298194, -17.558330588756906], [145.7087159931574, -17.55753199942511], [145.70823499293348, -17.5572199994208], [145.70735099320171, -17.556832018858458], [145.7070199828842, -17.556583009412332], [145.7066360025075, -17.556261018730414], [145.70581099244555, -17.556225019459994], [145.7048550223882, -17.55643500939348], [145.7039800031143, -17.55693999915689], [145.70254800321146, -17.557691009275764], [145.70185099319605, -17.55772800946341], [145.70126400254833, -17.55732300940517], [145.70048399269214, -17.557020019097603], [145.69997800313365, -17.557263009541543], [145.6993879725871, -17.55724900885678], [145.69899998302932, -17.557533999275172], [145.69892398286134, -17.557771009185892], [145.69821296272073, -17.55824900891891], [145.69802798253568, -17.558587999403763], [145.69738996308834, -17.559109019509272], [145.69682899304115, -17.5592030193277], [145.69594201269928, -17.559182018953383], [145.6955579927968, -17.55897399949408], [145.6950649928773, -17.558918999336246], [145.69345402251875, -17.559320009011145], [145.69292499296984, -17.559748009022098], [145.69219901318473, -17.560906019103808], [145.69122099308044, -17.561533018855723], [145.69105699304885, -17.561409009437558], [145.68943501293816, -17.558152009268657], [145.6890220124863, -17.55828700934167], [145.68860602244118, -17.55825701942136], [145.68816400281233, -17.557748008797812], [145.68757800300642, -17.557751008997574], [145.68707802317718, -17.557557019389144], [145.686840992808, -17.55768301930346], [145.68691001306624, -17.55817100906296], [145.68654899272994, -17.559002009160366], [145.6856929925873, -17.559682019047685], [145.68527901297176, -17.560011999511527], [145.68442797242776, -17.56089200927977], [145.68423299309535, -17.561102999273256], [145.68507800324883, -17.56122900871028], [145.68619501249054, -17.561533018855723], [145.68667900320605, -17.56192001899161], [145.6872700129163, -17.562084999551214], [145.6874770027241, -17.56231201907812], [145.6874660127349, -17.562401019027597], [145.6868870126017, -17.562943009258998], [145.68541398304652, -17.56336900948377], [145.68497500241833, -17.56337300905493], [145.68462500261398, -17.563539009164934], [145.68517002307325, -17.564717008977574], [145.67693697247745, -17.566143009446645], [145.6758689825042, -17.564519009302252], [145.67529998241667, -17.564526998972884], [145.6749549826352, -17.564611009109125], [145.67522202302305, -17.56503400875515], [145.6753499925269, -17.565646009281213], [145.67558599252843, -17.56636301918374], [145.67565600273008, -17.566836999305647], [145.6755319732371, -17.567052009265108], [145.67538200309374, -17.56746200874816], [145.67529399245038, -17.56770500915642], [145.6753230125256, -17.5680510088363], [145.6753349825768, -17.56827200884011], [145.67526100271988, -17.568511008703183], [145.67515500241467, -17.56868799874488], [145.67498699320205, -17.568826008961484], [145.67489899244018, -17.568981999457712], [145.67482099262236, -17.569201008880285], [145.67470098309033, -17.56946599871684], [145.67452202251602, -17.569747019287018], [145.67428499304515, -17.570041019135626], [145.67399799298994, -17.570252008741136], [145.6737459930949, -17.5703770192341], [145.67352097320105, -17.570461009526657], [145.6736009825502, -17.57063199940154], [145.6749280125154, -17.573520019323677], [145.67618799312618, -17.574431009151336], [145.67722897255553, -17.5749700088277], [145.67810800280708, -17.57530400953876], [145.67904097239997, -17.57555501942845], [145.67976999298222, -17.575728009276144], [145.6809809929522, -17.575802009120345], [145.6822830129216, -17.575739018906535], [145.6830369931941, -17.575520019110957], [145.68391898249624, -17.57525499874777], [145.6845070026132, -17.574597009394402], [145.69408500276754, -17.584346018876996], [145.69421099328278, -17.584475018733592], [145.69448201320733, -17.584649008815287], [145.69456300261845, -17.584770018823114], [145.69737098258466, -17.584749018847166], [145.69756096279255, -17.58482199938349], [145.69812701281265, -17.585060998787586], [145.69846700268977, -17.585243008745465], [145.6986399831792, -17.5855409987574], [145.70140102257858, -17.590268979332293], [145.70320149254636, -17.590342329279153], [145.70361697324677, -17.592293999118745], [145.70399807272625, -17.588684988966673], [145.70435799262634, -17.588928998719155], [145.70664698261524, -17.58969600902291], [145.7071990126287, -17.590125009273642], [145.70976397315772, -17.589536999042274], [145.70995899291438, -17.589237009267777], [145.71045401314493, -17.587656018981416], [145.7111770024384, -17.588015009443918], [145.71313898320608, -17.588480009113837], [145.71328998281882, -17.589313009076417], [145.71355997327407, -17.590013009551917], [145.71593298269156, -17.590359009370456], [145.7171609931597, -17.59020701916403], [145.7192581030039, -17.589145058807567], [145.72032999256388, -17.589147009498127], [145.7208459929479, -17.589277999433552], [145.72232899290435, -17.5909350089107], [145.72345198312925, -17.591639008900305], [145.72396200253013, -17.591679009488775], [145.7267049732159, -17.592141009521555], [145.729316002946, -17.592856019395043], [145.73020897325412, -17.59278600918193], [145.7308970028117, -17.59265300948287], [145.73204700268226, -17.592698008928448], [145.73301199272345, -17.59294900922686], [145.73395197276872, -17.593089998829523], [145.73455598289777, -17.5931140188571], [145.73533898324547, -17.592982019556693], [145.73605200303598, -17.592682998838892], [145.7363219925929, -17.59239300904156], [145.7385989730048, -17.590472009048852], [145.73920199319045, -17.590776999333336], [145.73934700283687, -17.591003019504544], [145.739289012992, -17.591871019554514], [145.73940913301684, -17.592035059120956], [145.74150686269866, -17.59247999900798], [145.74258397326707, -17.59372101950406], [145.74312213239415, -17.59446602931133], [145.74416796272604, -17.594802008856643], [145.74706621259858, -17.59479649948421], [145.74849409282754, -17.59440601950333], [145.74924500265834, -17.594654049524255], [145.75059302265853, -17.594930068750784], [145.7529091327859, -17.595258039425914], [145.75379111310488, -17.595911969288835], [145.7547818326924, -17.59719303921959], [145.7557030631011, -17.597892699196308], [145.7574310830429, -17.59854401902238], [145.7581330831998, -17.599204989226454], [145.75854798269015, -17.5998760087226], [145.75877599307557, -17.600506009003734], [145.75892904264376, -17.601981049315782], [145.76015397278877, -17.604145009363606], [145.76135698314258, -17.604391009554814], [145.76357497298636, -17.60437300871683], [145.76693797255936, -17.604755009181112], [145.76840798287682, -17.60514999887488], [145.77024199324234, -17.606275009137633], [145.7719419830523, -17.606204009178942], [145.77305600270074, -17.606435019024055], [145.77459699250207, -17.607206999060157], [145.77554099250827, -17.60771800932658], [145.77594515263945, -17.607854979395313], [145.77726470323168, -17.60752978951205], [145.778892822429, -17.6068480587221], [145.78049915298917, -17.607180968762243], [145.7820060930479, -17.607870999429856], [145.78285135293305, -17.60906238940072], [145.7844469225744, -17.609680009229148], [145.7899318829856, -17.611017758730046], [145.79767999244834, -17.613215009237233], [145.79842598310472, -17.61363600893493], [145.7983849929783, -17.612290999363964], [145.7982539925587, -17.611579009229953], [145.79886898279545, -17.611194009336277], [145.79922000308602, -17.61112899880958], [145.7995109826779, -17.610853018896858], [145.80047301277017, -17.61099200896348], [145.80071000271514, -17.610866009379443], [145.80138299267824, -17.61110000914852], [145.80259399264813, -17.611017999326045], [145.8032420130396, -17.610513009036723], [145.8046009727233, -17.610071009302995], [145.8051730028283, -17.610262019448115], [145.80606499307444, -17.610200999415], [145.80690299277543, -17.609799019467008], [145.8074080130518, -17.609695009343962], [145.8079839831675, -17.609772009171614], [145.8094470126769, -17.60972099903706], [145.81088398295825, -17.60892300912289], [145.81148900279365, -17.608448019404406], [145.81228098270094, -17.60829901894896], [145.8130059725426, -17.607633019145048], [145.81348201316783, -17.607400008965573], [145.81345398303608, -17.60726099900864], [145.812231013015, -17.603449999066193], [145.81314000297962, -17.60296500934253], [145.81370900306715, -17.60236501908791], [145.81408999295212, -17.60225700939633], [145.81541300295652, -17.60248600952541], [145.8158149828765, -17.60202599934372], [145.81778401272416, -17.601520009481405], [145.8181639731399, -17.600601999524432], [145.81809499240748, -17.600139998865323], [145.81833800286157, -17.59901601900846], [145.81835600240487, -17.59859300894271], [145.81858099265432, -17.59716201879574], [145.81885098310963, -17.596035019131783], [145.8188299930747, -17.5953410094542], [145.81867198300947, -17.59401901951413], [145.8186039832374, -17.59278900880058], [145.8187969925644, -17.592420009091654], [145.81896500267536, -17.591237998936304], [145.819360992629, -17.590534009372877], [145.81952400271706, -17.58993600900723], [145.81984199285296, -17.58956900896292], [145.8200359831402, -17.588734008962376], [145.82033799314547, -17.588225999488802], [145.82064900247332, -17.58771600876645], [145.82044099307765, -17.587210019074636], [145.82024798285235, -17.586252009129897], [145.82063499324644, -17.58540900934002], [145.8206940125606, -17.584772008952424], [145.82027900257742, -17.583784998893567], [145.81975300304595, -17.582480009441387], [145.8203270031563, -17.580852009468103], [145.8204309930319, -17.579962008840813], [145.8208029925776, -17.57951800925726], [145.8213519925736, -17.579250999423916], [145.8217029832197, -17.57884599957441], [145.82217700263558, -17.578390008953818], [145.82250999284005, -17.578004009170236], [145.82348498292689, -17.57767100940499], [145.82375800250134, -17.57711001923822], [145.82408000271658, -17.57697000885458], [145.82458100303202, -17.57645100897995], [145.8245389924195, -17.57608200932165], [145.82482697253658, -17.57568801886051], [145.82578893256024, -17.575506989262596], [145.8259086923607, -17.57549399880688], [145.82584602319153, -17.575237728927863], [145.82600490282599, -17.574898639456833], [145.82707140249423, -17.57254874921403], [145.82725857277185, -17.571785499418453], [145.82736799296336, -17.571457069094496], [145.8278846230664, -17.570881419437086], [145.82809580261667, -17.570553279506218], [145.8281919528948, -17.57054097895744], [145.82828988273545, -17.569601019470134], [145.82739599255243, -17.568658998849685], [145.82814409245304, -17.567764039519282], [145.82870598237506, -17.567090009552867], [145.82908598321495, -17.565050018882097], [145.83154297253512, -17.562308019483524], [145.83298699279473, -17.559422019170963], [145.83411900300342, -17.558562009210775], [145.83399099307545, -17.558546008787594], [145.83109899278233, -17.558276019204676], [145.83171401266353, -17.55725399949677], [145.83134602319728, -17.55651901900224], [145.82943798266916, -17.55506001884177], [145.8292100028265, -17.554582008978493], [145.82923198280483, -17.553867008838317], [145.82953799300807, -17.553203998945097], [145.8303230028871, -17.55262999908524], [145.8310939927595, -17.551407999538956], [145.8321109925606, -17.550647009131733], [145.8331079931686, -17.550159009378152], [145.83430300312645, -17.54926399885984], [145.8370510124626, -17.547098999298477], [145.83698801271345, -17.543027999025213], [145.83764300313317, -17.540613009611825], [145.83887002275952, -17.53745200906728], [145.839387993149, -17.536927019036003], [145.8398510028127, -17.536640008972956], [145.84006799266626, -17.536063009195896], [145.8403009725318, -17.535706019435423], [145.84199599286163, -17.534319019143908], [145.8423759928032, -17.533197009166752], [145.8426169730647, -17.53163199909239], [145.8442049726032, -17.530346009085022], [145.84721699320812, -17.530296009609106], [145.85010202257456, -17.530841019428046], [145.85148497266624, -17.531036009010858], [145.85305502296706, -17.529801999141654], [145.85418097314079, -17.5285140088387], [145.85572200246799, -17.526918019266738], [145.85735001296916, -17.52452899883982], [145.8569999727406, -17.524367019107572], [145.85629198261742, -17.524323999467565], [145.8559030031162, -17.524377009051154], [145.8553670026407, -17.524536009440588], [145.8546180223911, -17.524692008943752], [145.8538369929471, -17.52478899908944], [145.85302202245674, -17.52484601923816], [145.85286700288307, -17.524849019125902], [145.85304100296037, -17.524635009305577], [145.85332599258592, -17.524421018935143], [145.85429598264997, -17.523895009492225], [145.8544880128133, -17.5233310190497], [145.85478398254662, -17.523151009628794], [145.85503500237965, -17.522745008863577], [145.85553198273422, -17.52249901933473], [145.8560069929918, -17.521925019055995], [145.85631801309938, -17.52122500892535], [145.85648799321575, -17.520400009459042], [145.8565849726389, -17.51805801916145], [145.85651901294082, -17.51733399916253], [145.85631001270343, -17.51688000906637], [145.85600498256224, -17.516516009197726], [145.85599600300264, -17.51617600884942], [145.8562820229958, -17.515657009584228], [145.85715002283408, -17.514497009106133], [145.8581280123957, -17.512839019284208], [145.85825400291094, -17.511379019143362], [145.8586149927045, -17.510386009032985], [145.8588439930333, -17.50944700891187], [145.85880201296348, -17.50868900965199], [145.85894498253586, -17.50841801888454], [145.85915898279615, -17.50817000954803], [145.85995100312766, -17.50789200933306], [145.8599990028082, -17.507723009502858], [145.85993001309274, -17.507518009142974], [145.8596940032097, -17.507393009269638], [145.85889502273136, -17.50708199902019], [145.85873099305542, -17.506821009615432], [145.85885001264404, -17.506686008922095], [145.85915698314633, -17.50654100949349], [145.85914701274493, -17.50625800960173], [145.85851297283426, -17.50593699959749], [145.8578879825518, -17.5058429995817], [145.85815819309434, -17.50543327881572], [145.85775600296856, -17.50534901936964], [145.85739866302998, -17.50517461901793], [145.85711319280574, -17.50494931934392], [145.85695500307747, -17.504501009162954], [145.85698399261, -17.504325009361143], [145.8567829828871, -17.503842009033928], [145.85657697314127, -17.503424018954522], [145.85616299262742, -17.50317899961863], [145.85581058264316, -17.502302229218376], [145.8552070926387, -17.502229939380886], [145.8548449026959, -17.502065509214976], [145.85441059240887, -17.50180017926293], [145.85393200236484, -17.501697649211422], [145.85356478275477, -17.501469858990596], [145.85320897264717, -17.50134500916751], [145.85296639248617, -17.50121169902243], [145.8524870029415, -17.500983018902645], [145.8518270124989, -17.500888019084897], [145.85128601289884, -17.500659009571386], [145.8507216831525, -17.500406649414796], [145.85027499318255, -17.50014399948662], [145.84961599268337, -17.49998099904332], [145.84915598249438, -17.499956008833276], [145.8486249730585, -17.49989600884052], [145.84798900266833, -17.499756999457052], [145.8473529927522, -17.499606009310234], [145.84666920234446, -17.499602178824], [145.84607881247175, -17.499711939229076], [145.84534600279562, -17.49988901956359], [145.84441499242837, -17.49975899908738], [145.84379081242625, -17.49967596900199], [145.84316600270515, -17.49958200944063], [145.84268329298715, -17.49947713923468], [145.84210538251037, -17.499462449553253], [145.84145641259965, -17.49950391924221], [145.84098600261467, -17.49930900888028], [145.84018577257976, -17.49899849883811], [145.84020300316521, -17.498518999578618], [145.84003777244175, -17.498312468965114], [145.83958728259813, -17.49770425934511], [145.83900719280845, -17.497628228822823], [145.83830099302767, -17.497503019095547], [145.8373189924883, -17.497182009044984], [145.83608201234202, -17.497127008998202], [145.8353496024162, -17.497219249471566], [145.83512187320346, -17.497369339442645], [145.83675700285326, -17.48262599893928], [145.83459744302883, -17.47628430883081], [145.83747638271595, -17.476138309201136], [145.83805932286, -17.470909319228788], [145.83991217269366, -17.454170359116247], [145.84288666258436, -17.45379213936841], [145.85145402300978, -17.452793008955496], [145.85288398283862, -17.452630008942297], [145.85287799287232, -17.452576009215953], [145.85290000249506, -17.452405009262883], [145.85116399293716, -17.45214500919216], [145.85009100294096, -17.449749009118072], [145.84987499314943, -17.44962299945594], [145.8497710724441, -17.44961202930979], [145.84948199278907, -17.449610048838835], [145.84922890233923, -17.449553979477663], [145.8489578527702, -17.449392969038726], [145.84878897309008, -17.44927299910683], [145.8485528131884, -17.449203978996028], [145.84826089306046, -17.449230969505486], [145.84807802301802, -17.449226029029916], [145.84774394315716, -17.449218999242888], [145.8476078331202, -17.449073019050676], [145.84753114304613, -17.448815979375905], [145.8475318724781, -17.448552999605447], [145.84765210299577, -17.448301988922164], [145.84771583307523, -17.448147999493123], [145.8482190926536, -17.4476559691103], [145.84855606239478, -17.447588999152973], [145.84863092260068, -17.44747102909571], [145.84866301311754, -17.447445999109508], [145.84870582233242, -17.44738903953104], [145.848716992883, -17.447333049186437], [145.84877101307256, -17.44725096957609], [145.84885810294278, -17.44706602915062], [145.84893406268657, -17.44686603896048], [145.84898913300677, -17.446760019149494], [145.84908498234924, -17.4466030092426], [145.84896789234185, -17.44533702938889], [145.84952193278488, -17.440219989692537], [145.8570230028495, -17.4447340092682], [145.85888195314232, -17.44492103884885], [145.8589840026569, -17.444932009277302], [145.8589298423301, -17.444715049028545], [145.85893597243358, -17.444579049273127], [145.85900795264067, -17.444471049319464], [145.86032195254273, -17.443467018883794], [145.8606398330841, -17.44326199926522], [145.8606659623808, -17.44302900929099], [145.86028209249693, -17.4427520493725], [145.86042798249235, -17.442567009255676], [145.86069501299872, -17.44275999897844], [145.86086989252667, -17.441164009225396], [145.8600868930773, -17.438708979382046], [145.86328546232568, -17.439035409528344], [145.86360801230995, -17.438794009294828], [145.86407313301456, -17.435663008901937], [145.86409908264818, -17.435483029283365], [145.86427869270443, -17.435557169413094], [145.86477991310707, -17.432165459257728], [145.87721524307614, -17.433858729212602], [145.87787399294533, -17.429371019137374], [145.8785441029096, -17.42483016956547], [145.8851669925289, -17.42582400894802], [145.88613935234864, -17.419850059273365], [145.88962302261368, -17.420372999294333], [145.89229000301293, -17.42077000936428], [145.89253601294175, -17.419202009339187], [145.8928234828158, -17.41728231930464], [145.89318100241744, -17.41509200914877], [145.8945670130693, -17.406254009527284], [145.8907990125421, -17.4057029992419], [145.8907049930678, -17.40573400950991], [145.89047000277262, -17.405430019166587], [145.89025801294196, -17.404923009167263], [145.89071101267848, -17.404606009661716], [145.8912619826799, -17.404092999621934], [145.8919460228193, -17.402921009549203], [145.89126898235264, -17.401550009335878], [145.89117299287292, -17.40156700935335], [145.88962798311073, -17.40141099950291], [145.88818798281198, -17.40146799914475], [145.88767198242792, -17.40145600946292], [145.88739998244137, -17.401160009711408], [145.88538398238245, -17.40094100958388], [145.88556900299164, -17.400020009006074], [145.88570897308932, -17.399610009112312], [145.88492499267957, -17.399022008910208], [145.88498799242873, -17.398485009448397], [145.88523499230098, -17.39621701931939], [145.88525400244905, -17.39603700940045], [145.88552498284776, -17.393558009688388], [145.88553297246386, -17.39348001893662], [145.8850159929162, -17.3931120091916], [145.88459200247507, -17.392852018967712], [145.88445998246772, -17.392629019280395], [145.88443297282205, -17.392381999335193], [145.8844640024286, -17.39204200903959], [145.88439297263912, -17.39171300974002], [145.88411199309292, -17.39150800916853], [145.88399198266256, -17.39148001914634], [145.88371297312185, -17.391290999159523], [145.8835769726794, -17.391120009523714], [145.88288099303153, -17.391014998904087], [145.88215198233073, -17.390629019615226], [145.881963022609, -17.390423998969357], [145.88170602269105, -17.390045009350906], [145.88150498242544, -17.38973100931174], [145.88127700258272, -17.3893859991274], [145.88097398287107, -17.389190009173102], [145.88071899248445, -17.389088008999437], [145.88038600227995, -17.38914100907999], [145.88025299232913, -17.389176009270297], [145.8813489827898, -17.379138999187997], [145.88219997302812, -17.378222009082386], [145.8862609626786, -17.377415009581135], [145.8872689829201, -17.376987009393304], [145.88897401227885, -17.377074008993713], [145.8894709926334, -17.37657300907285], [145.8901109829845, -17.376356009645075], [145.89020800283174, -17.37546600958204], [145.8909649726975, -17.370764009253627], [145.8832420124695, -17.36974501941137], [145.88358898315474, -17.366408999175867], [145.8701880127643, -17.36484301945515], [145.87078299302812, -17.360157998962354], [145.8714479924768, -17.354911009515526], [145.86515101254082, -17.354165019326], [145.86670098280004, -17.342869009514537], [145.86672500285243, -17.342688009081446], [145.86707401271335, -17.340145019224344], [145.8671670125998, -17.339476018934953], [145.86700499245515, -17.33932399926701], [145.8669269926373, -17.33918800945375], [145.86669999285664, -17.339023009659797], [145.8665280130904, -17.338762009713992], [145.8664739929008, -17.33854100903268], [145.8665210026379, -17.338068999570385], [145.86660498254057, -17.33799000936071], [145.86664298307372, -17.337762009692646], [145.8666370029889, -17.337675009439984], [145.8664889929694, -17.337473999236504], [145.86622301259357, -17.337250009466], [145.86645449227262, -17.335872609399686], [145.8671989926239, -17.331448019053436], [145.87346498247916, -17.332322009289992], [145.87225402293342, -17.340074009702615], [145.8775790023757, -17.340828018958327], [145.87767500263516, -17.34021901963848], [145.89280698256067, -17.342335009490114], [145.89299401270114, -17.34236201920661], [145.89366327285916, -17.33809177901758], [145.9110339928132, -17.340309019035825], [145.91435728235908, -17.340734739073792], [145.91523901294636, -17.334795019520648], [145.91406999304633, -17.33462901934543], [145.91319099243913, -17.33450700955399], [145.91396399274117, -17.3294420091382], [145.91484999302102, -17.329570009627776], [145.91691699313358, -17.329859019509616], [145.91748500237938, -17.326225009774607], [145.9181720024676, -17.326324019486048], [145.91875100260077, -17.3226240192156], [145.92153099285943, -17.32302499909893], [145.9246030128405, -17.323470609314633], [145.92596052264335, -17.323665899449114], [145.9248680023746, -17.321324999160208], [145.92486300235169, -17.321229009713747], [145.92467802306504, -17.321316009183104], [145.92465699260595, -17.32092201912325], [145.9248420123168, -17.320836009113513], [145.92477697249362, -17.319597009076375], [145.91764301244453, -17.318618009100824], [145.9181780229766, -17.31511600954359], [145.9159549926857, -17.3148170196482], [145.91652600230452, -17.31091301942198], [145.91736798244054, -17.30526599910652], [145.9173660124351, -17.305172999624926], [145.91721296286687, -17.30507200934752], [145.91617600250015, -17.304929009448696], [145.91576399289005, -17.30531400958269], [145.91560799235612, -17.30516800980497], [145.91628298286733, -17.30422100933707], [145.91644000298913, -17.30409100914394], [145.91678898230725, -17.303974019526525], [145.91681599285127, -17.303894009481024], [145.91699999297427, -17.30273399928028], [145.91742401305976, -17.299823008961955], [145.90843099312346, -17.298749009767135], [145.90954497234773, -17.28957400945822], [145.90354799288576, -17.288992019092706], [145.90452097254305, -17.279593019672227], [145.9046289724981, -17.278544009550124], [145.90465499309863, -17.278402999667406], [145.90405099285107, -17.27837500954883], [145.90350700275943, -17.27814300903564], [145.9032379923661, -17.277503019711304], [145.90283999288113, -17.27710899928342], [145.90249799257435, -17.27742599953534], [145.90246602243172, -17.278448019222232], [145.9020740129131, -17.278635009288674], [145.90092499310455, -17.278407019209702], [145.90046202296665, -17.2779700097014], [145.90056499235615, -17.277304009255143], [145.9008009923577, -17.275443999166868], [145.9013035323855, -17.271500819540403], [145.901675973004, -17.268550019638067], [145.9027889730646, -17.259477009467684], [145.9031399924568, -17.256702009120744], [145.9037310030654, -17.252017009216516], [145.90375198232053, -17.251842699370645], [145.90396828226793, -17.25178945977715], [145.9043319723972, -17.25174100982917], [145.90476789246523, -17.25172903953731], [145.9049511523764, -17.251704009416784], [145.9051200024122, -17.25167899902462], [145.90527297292866, -17.251651989718972], [145.9054209524054, -17.2516670295866], [145.90566287230473, -17.25164902910144], [145.9058630322214, -17.25161202952853], [145.90620683275193, -17.251617959343715], [145.90650996295636, -17.25173497964352], [145.90685196236478, -17.251898059678037], [145.90710308280924, -17.25206567957215], [145.90732497297265, -17.252231049045847], [145.9074841122201, -17.252417979059356], [145.9076860624792, -17.252623999662163], [145.90793306235136, -17.25283403927697], [145.90810402252973, -17.25290802934636], [145.90831102221895, -17.25294304949488], [145.90850509245627, -17.252948979267288], [145.9087030622803, -17.252926029708682], [145.90895707260498, -17.25293786952283], [145.90921713308316, -17.252892999016733], [145.90957103247413, -17.252776009477778], [145.90974258284564, -17.252850269807567], [145.90992096310822, -17.252997049708434], [145.91008010235575, -17.253183969508942], [145.9101751423162, -17.253279009578502], [145.91033100271292, -17.25349400964153], [145.91046492265713, -17.253636039739565], [145.910648882356, -17.253867969008798], [145.910885872301, -17.25414702959633], [145.9111373224271, -17.254331059719846], [145.91133249310067, -17.254464869746304], [145.91152929241986, -17.254584699538324], [145.91176702257667, -17.254819979377853], [145.91197583237118, -17.255044999464225], [145.91209910278775, -17.255166909250526], [145.91237507242954, -17.255521979783744], [145.91248479265835, -17.255746679023687], [145.91258604267233, -17.255914039772208], [145.9127728527255, -17.25611797954186], [145.91294568229804, -17.256320609103827], [145.91308788291255, -17.256594959660433], [145.9132620222287, -17.2567370096757], [145.91402699249034, -17.250180019047956], [145.922600992364, -17.251046019555154], [145.92281878261645, -17.251071959143164], [145.92245199240114, -17.244728009267476], [145.92248908294087, -17.244214079777375], [145.92235297290398, -17.24406700977141], [145.92146799221192, -17.242470009661982], [145.91960200272058, -17.24154800924465], [145.91938300243746, -17.241440999038105], [145.92015100271658, -17.240775999154135], [145.920576002864, -17.24005000913528], [145.92077598221934, -17.237830009097905], [145.92079201265554, -17.237652019763598], [145.9192809825673, -17.237520999667712], [145.91844699294572, -17.23528601982891], [145.91867001229141, -17.23531000973331], [145.9190680027932, -17.234351009140887], [145.9189250026781, -17.233694019610102], [145.9184060028193, -17.232025999558417], [145.9189312729188, -17.230041729293255], [145.91123999267754, -17.22915499951302], [145.91177399260496, -17.223368999528144], [145.8950949924876, -17.221529009524414], [145.89510302252793, -17.22144901946698], [145.89516700233915, -17.221280019506437], [145.8953500125187, -17.220582009248883], [145.89539002258314, -17.220351999666324], [145.8953589929766, -17.219940009780323], [145.89536399299945, -17.21981200947003], [145.8956580026088, -17.21955699963177], [145.89579400305124, -17.21931699933803], [145.89581601267406, -17.218859019764682], [145.8960289924481, -17.21862900975453], [145.8961949930278, -17.218287009412677], [145.89645801255642, -17.21780800914489], [145.89672898307367, -17.21744799917539], [145.89693298238987, -17.21713501972924], [145.8971669827416, -17.216701009051878], [145.89796297272835, -17.2161689993623], [145.89869498290386, -17.21583200901796], [145.8990339927191, -17.21565701975296], [145.89939998253547, -17.215374999011896], [145.8999909922458, -17.214889009067853], [145.9001080130829, -17.213061999803358], [145.90022499259754, -17.212720009759064], [145.90042599243895, -17.212388009751134], [145.90034799262116, -17.21236601963887], [145.89414496298923, -17.21179301956381], [145.8946710029449, -17.207650009034538], [145.89643800258347, -17.207891009573473], [145.8947620022832, -17.20544701982634], [145.89276997286925, -17.20254001955711], [145.8906479725051, -17.19944599964773], [145.89004200225213, -17.198559999318487], [145.889209002574, -17.1967900094699], [145.88877698299092, -17.195830009279177], [145.88693800224692, -17.191800009461723], [145.88700600291736, -17.19116600964066], [145.88716897258124, -17.189837009483146], [145.88460120302022, -17.189546389808818], [145.8832280023443, -17.189391009366524], [145.88179899293306, -17.188090019159933], [145.8820329923865, -17.18630200906319], [145.88161700234136, -17.186334019235137], [145.88131901229698, -17.186024009768502], [145.88130098221092, -17.18570800949561], [145.88143698265336, -17.18559199955916], [145.88143501264798, -17.185479999099993], [145.88186801229298, -17.18547699966145], [145.882148982856, -17.18541800983548], [145.88230798286463, -17.18420801910984], [145.8815669922312, -17.18439401980966], [145.88109599295132, -17.184423999778595], [145.88079297234134, -17.184409019664177], [145.88010601267726, -17.18449000924556], [145.87933199278746, -17.184531009510344], [145.87890698275856, -17.184468019251803], [145.87965501259055, -17.178396019800907], [145.8796780130551, -17.178216009618094], [145.87815198289823, -17.17803900911835], [145.87539499220583, -17.17773401937661], [145.87590099254408, -17.17377401976286], [145.8720679827364, -17.173364019515205], [145.87259098279313, -17.168829999630006], [145.86358107273284, -17.167757319843982], [145.8642189125172, -17.162253309569536], [145.86046401302005, -17.16179799985429], [145.860718992627, -17.15989100984887], [145.85696201263164, -17.159472019674872], [145.857207992916, -17.15743199943008], [145.85345498257593, -17.1570300194395], [145.85350897222284, -17.156582999651743], [145.85257241296208, -17.15647808960505], [145.85182000294472, -17.162020999339987], [145.84658499247308, -17.161391999509643], [145.84275800227607, -17.16093501910256], [145.84169600226912, -17.159326019598854], [145.84117200238748, -17.158752019432633], [145.83496799269358, -17.158010019831643], [145.83811002287632, -17.16846401944877], [145.83393000285753, -17.167966019070466], [145.83237901301047, -17.167364009520313], [145.83104201264382, -17.167268009499107], [145.82572601276115, -17.166577019020202], [145.8210060127301, -17.156550019566453], [145.81404601233413, -17.155748999020936], [145.81468698274725, -17.1505720194455], [145.81148699236405, -17.150214009284138], [145.8128539928679, -17.13851101948089], [145.81963598220887, -17.13475199952942], [145.81980698281134, -17.134747009399604], [145.82030097267435, -17.132046009211027], [145.82043197219556, -17.131611019804893], [145.81917802287364, -17.12851300932815], [145.81882097219255, -17.12763301944513], [145.81715697248615, -17.12352399980069], [145.81328498298163, -17.121451999530024], [145.81141600299873, -17.119351009051012], [145.81134380270439, -17.11926226956664], [145.81145538244587, -17.115441979345842], [145.80121899264677, -17.11432352910158], [145.79792498278928, -17.11396800927753], [145.7962683923873, -17.113794349067955], [145.79561759260835, -17.119068409136993], [145.78987198242413, -17.1183934292757], [145.78628579282562, -17.12268087944], [145.79084799299721, -17.12312201940661], [145.79028699240732, -17.128244019834888], [145.7783560529956, -17.12705598962604], [145.77773614268602, -17.128302029432746], [145.77758400221285, -17.128934009489694], [145.77740209246957, -17.12938895938843], [145.7771609029006, -17.13075498965672], [145.77585982256892, -17.131518019634683], [145.7756710029844, -17.13186699967016], [145.7753630128943, -17.132220019797224], [145.77521293225806, -17.132624999699935], [145.77501203302793, -17.132786029089086], [145.77428302232713, -17.13304296965971], [145.77425801233133, -17.133245009426194], [145.77233998253726, -17.152586999457476], [145.76214698226468, -17.151673009606117], [145.7606710026421, -17.16583601973441], [145.7550431023029, -17.165295799300793], [145.75387700282582, -17.16521300919823], [145.75345626248946, -17.170240419184125], [145.75448980296994, -17.172624569058094], [145.75461499308622, -17.173182019277967], [145.7557470023966, -17.179779999031847], [145.7557559828545, -17.184072999631905], [145.7563840022561, -17.184863009708444], [145.75822101299477, -17.18577699905831], [145.758260982635, -17.186318019728198], [145.75689500261728, -17.18742501963464], [145.75704801265962, -17.18831601902414], [145.75807698251194, -17.188636009740385], [145.75982398295739, -17.188275019597086], [145.76007798250228, -17.18875901976935], [145.75919300270857, -17.190302009625235], [145.7594500026265, -17.192820009226335], [145.76004798236502, -17.193396999334244], [145.7609200030625, -17.192709009478953], [145.76086598287284, -17.19054100915174], [145.7614360025482, -17.190140999253064], [145.76187298262826, -17.190672009328704], [145.76156401247619, -17.192821008999566], [145.76358997305505, -17.195371009560954], [145.7661069824125, -17.194363019311282], [145.76741999237112, -17.194272019230176], [145.76794399225275, -17.194573009293876], [145.76846999268253, -17.196119019483323], [145.76903099237407, -17.196845018979836], [145.77126100257476, -17.198191019412295], [145.77174900247138, -17.201821019016215], [145.7726430022489, -17.203411019682353], [145.77250901223607, -17.20734000951757], [145.77284700246338, -17.208563009770515], [145.7746569927765, -17.211205009734297], [145.77805500239108, -17.212754018984192], [145.78119298296855, -17.21805699954893], [145.7829109929831, -17.22250500916677], [145.7836069825124, -17.22582699900218], [145.78409998243185, -17.228862999292037], [145.78521601250992, -17.233206009228624], [145.78602098295457, -17.23537701946293], [145.78808797228731, -17.237479009041493], [145.789667003046, -17.238900009186125], [145.79014099281747, -17.2410210197551], [145.7909200127302, -17.24286300937445], [145.7922149926027, -17.245672009122615], [145.79382099258282, -17.247195998972277], [145.791808272273, -17.24683245929374], [145.79002291286662, -17.246091679265525], [145.78851010231745, -17.24514397958199], [145.7870518823881, -17.244144459123152], [145.78542829249642, -17.24356108901704], [145.78374768294037, -17.243394469477472], [145.78163171296674, -17.24343381973639], [145.7800599127478, -17.243215729661774], [145.77553321309796, -17.243095849589903], [145.77470970232415, -17.242775369701178], [145.77412380312958, -17.24252369893268], [145.77394200298065, -17.242450009270033], [145.7735260129355, -17.24415300931543], [145.77325299246277, -17.244992999003703], [145.77278199228456, -17.24603501917197], [145.77267198279827, -17.246597009694852], [145.77265099276337, -17.247267999208226], [145.7729459824346, -17.24838401900555], [145.77323999294234, -17.24927101934346], [145.773663982485, -17.250248999141924], [145.77408800257052, -17.25102200939016], [145.7745860025129, -17.251693019703495], [145.77496498286663, -17.2521240090016], [145.77605199286944, -17.253022999316894], [145.77671997292822, -17.253504999247557], [145.7777550126969, -17.25439601905394], [145.7785449830729, -17.254896018998842], [145.7792849828646, -17.255496009079717], [145.7796449827147, -17.25618300945073], [145.77959501302874, -17.256874019553976], [145.77949200231677, -17.257744018925287], [145.77970699252046, -17.25872099899889], [145.77964100227967, -17.25921600902243], [145.7794349925339, -17.260435009634914], [145.77890497304153, -17.261046009457033], [145.77899601280404, -17.26175499912428], [145.77944200298637, -17.26292501951719], [145.77969900290432, -17.26322201943422], [145.78030800227648, -17.26320900931835], [145.78112698284625, -17.262874009241113], [145.7817420126089, -17.262844999354638], [145.78233900240403, -17.26311300928675], [145.7826290028322, -17.26333301972233], [145.78293297296145, -17.263973009360747], [145.78316898284447, -17.26500100902537], [145.78334301256618, -17.265655009059582], [145.78367899236386, -17.26621801896229], [145.78412798291933, -17.266799008997022], [145.78464299246156, -17.26741499915998], [145.78488097235, -17.268092009503263], [145.78526598309426, -17.26891701899454], [145.78558301293106, -17.26972999905349], [145.78566200269233, -17.270038009224248], [145.78563200255508, -17.270399018933073], [145.78541198268414, -17.2710470191554], [145.78551399267286, -17.271828009043052], [145.78513698232453, -17.273284019088955], [145.78487101272844, -17.27450199939563], [145.78487097230425, -17.274728019665776], [145.78487597232717, -17.27575100903996], [145.7849909827346, -17.276892019545596], [145.78507001292007, -17.277845008975625], [145.785284012282, -17.27961101914453], [145.78570000232716, -17.280123999076597], [145.78631999258678, -17.280448008961134], [145.78747598242367, -17.280916009651943], [145.7885340028939, -17.28114501908], [145.7893720124764, -17.280732009500202], [145.79014500289694, -17.280510009230948], [145.79045500251829, -17.280696009057415], [145.79116200269803, -17.28148201969753], [145.79139998258648, -17.282401999431496], [145.79143699227782, -17.283347019267467], [145.7916730030592, -17.28437300921242], [145.7921060027043, -17.28565200895512], [145.79249498310378, -17.287429009036583], [145.79278198226058, -17.28790500921141], [145.7932610124791, -17.2884720193297], [145.7937320027758, -17.28902399946077], [145.79401999277445, -17.28952299969869], [145.79422997307384, -17.28986900909061], [145.79476298305775, -17.29060400970904], [145.79547200265026, -17.291149999152175], [145.79647301243935, -17.291928999669132], [145.79715800299627, -17.29240600974175], [145.79800199266361, -17.29293301959808], [145.7985120129628, -17.293533009336652], [145.79907400259782, -17.294377009334085], [145.79934698264634, -17.294674009146146], [145.7996029926209, -17.29512400916959], [145.80034000281933, -17.29556100969634], [145.80047198240254, -17.29595600957774], [145.80051699248983, -17.29653200923994], [145.80022097245092, -17.297277019065415], [145.79994200243604, -17.297742019668444], [145.79971297246277, -17.298114009183983], [145.79966001228522, -17.29890701960589], [145.79971698254224, -17.300043008995928], [145.79979600284616, -17.30041700939332], [145.80035898242465, -17.301011999374868], [145.80032398226456, -17.301416009379817], [145.7999650029006, -17.301819009022427], [145.79790202274893, -17.302740008928122], [145.79695999274813, -17.303123019581328], [145.79618097283543, -17.303352009097495], [145.79537001242446, -17.303502009585046], [145.79486701245924, -17.303732999547375], [145.79445799244235, -17.304384019754412], [145.7944221523575, -17.3049120090455], [145.794579832741, -17.305551019689855], [145.79489916226495, -17.30619099897055], [145.79552499247225, -17.306938019443454], [145.79546798268936, -17.307829008915828]]]}, "properties": {"sa2_code_2021": "306031162", "sa2_name_2021": "Wooroonooran", "sa3_name_2021": "Innisfail - Cassowary Coast", "sa4_name_2021": "Cairns", "mapped_location": "Cairns", "geography_type": "LGA approximation from 2021 SA2 names", "fill_color": [180, 61, 31, 90], "line_color": [127, 42, 25, 220]}}, {"type": "Feature", "geometry": {"type": "Polygon", "coordinates": [[[139.4867399855035, -20.693239004817883], [139.48644298540253, -20.693292004704613], [139.48383699611955, -20.69441099481876], [139.48387199538135, -20.693863014534543], [139.4813019953035, -20.69369501433662], [139.4779230057185, -20.69346400462168], [139.47740317581642, -20.706592694793425], [139.47500016536338, -20.743644994906028], [139.47495486601855, -20.744329214576275], [139.47402798610506, -20.758329994459263], [139.47346779579553, -20.767520724218123], [139.47152727578003, -20.768589454605202], [139.47208344612866, -20.769068134812617], [139.47302613549286, -20.768901134432923], [139.47338965584058, -20.76880146445571], [139.47281639594203, -20.778196364460584], [139.482892795789, -20.7788165947249], [139.48316246554577, -20.778859844652157], [139.4835620352858, -20.77815897425406], [139.48429895565272, -20.776645984269486], [139.48492499606579, -20.77547598481876], [139.4854030758667, -20.774683984568625], [139.48584515568265, -20.77403103449457], [139.48628687527415, -20.773583014321886], [139.4867228357664, -20.77312203456989], [139.48740899592985, -20.77277400501199], [139.48953515549374, -20.771782024694783], [139.48981595537688, -20.771835034884397], [139.49094747600367, -20.77176320448971], [139.49120837550828, -20.771744954591675], [139.49119798559371, -20.774437004908123], [139.49127299581824, -20.775453004185753], [139.49157901590291, -20.778406015018717], [139.49168099534893, -20.779366014440498], [139.49302200579498, -20.77945200499912], [139.4978149957395, -20.779757014755024], [139.49832899557538, -20.77960901423952], [139.4977440054758, -20.779163014578177], [139.49730202537287, -20.778371014347062], [139.49689698579107, -20.777545004371994], [139.49675000613925, -20.77682200498147], [139.4976610056352, -20.77473500483582], [139.4982089752635, -20.772917004629655], [139.4984679856111, -20.770410994295727], [139.49868300545913, -20.768648004496875], [139.49884897549614, -20.766737004515196], [139.4988390059931, -20.766367004657532], [139.4991368154761, -20.766232584870817], [139.50062604614737, -20.766330984850015], [139.5048094959339, -20.766617314490116], [139.50487800594905, -20.76573303446382], [139.51266984539984, -20.766191054918124], [139.56087203588564, -20.769650014924213], [139.56179190534664, -20.74402822450087], [139.56179508538278, -20.743954014387068], [139.56109092567593, -20.743716954594067], [139.56082305524478, -20.743512034301062], [139.55924303544097, -20.743046994276064], [139.55839415534527, -20.742386044301377], [139.55659489540818, -20.74178898463854], [139.55526107597603, -20.740229024315845], [139.55325010558434, -20.73919798476339], [139.55140798612675, -20.73783997465724], [139.55051483525722, -20.737549004330678], [139.5486540254518, -20.737331994807697], [139.547661846102, -20.736577995002737], [139.54704911602644, -20.735874014993954], [139.54633309586288, -20.734642984516583], [139.54577687610694, -20.734269024709672], [139.54500289574304, -20.733966994698175], [139.54341203596874, -20.73330199423934], [139.54225210612105, -20.732671974395224], [139.54114188544787, -20.732019034425484], [139.54044980538674, -20.73178686491623], [139.53965505597338, -20.73173103459215], [139.53876011565984, -20.731830044284624], [139.53812687524967, -20.731775044882298], [139.53810479555835, -20.73161094467404], [139.5376081359024, -20.72709098490606], [139.53707571611156, -20.722257714284876], [139.5370504159599, -20.72200489445628], [139.52310599536534, -20.723353004619142], [139.52036637539553, -20.723606144831283], [139.52032991547313, -20.723206064668325], [139.51998287561756, -20.722543025017824], [139.51993896596653, -20.722341964501847], [139.51983490602234, -20.721752014551218], [139.51975390583146, -20.721557974571287], [139.51959586612182, -20.721383014561756], [139.519043986127, -20.721003024603505], [139.51875818532275, -20.720919965056208], [139.51876786556826, -20.72080997426957], [139.51923797551603, -20.714009014410834], [139.52070601582804, -20.71284401472437], [139.52287297597385, -20.710260004609914], [139.52920299594592, -20.702877004609082], [139.52348001612037, -20.698540014415013], [139.52046700557196, -20.70205501504478], [139.52085810599556, -20.697207774319608], [139.52218028595658, -20.68249085478824], [139.5033880054216, -20.68099999499075], [139.50298099583438, -20.680672004643224], [139.50247999551894, -20.680928014757814], [139.50202801537029, -20.680912014663583], [139.49881900590165, -20.680803005047075], [139.49883999593655, -20.67987501451829], [139.49749500595382, -20.679848004611], [139.49662498580446, -20.679839014474332], [139.49664999580034, -20.679773004986707], [139.49666097590804, -20.67971001431678], [139.4966709759538, -20.679683994414], [139.49666200537737, -20.679657004643218], [139.49658797611312, -20.679575994961063], [139.4965789956552, -20.679567004808277], [139.4965789956552, -20.679549004330614], [139.49658900558245, -20.679505015013554], [139.49658998564442, -20.679478005040448], [139.49658100608485, -20.67946000455224], [139.4965430154331, -20.67944200490235], [139.49650698580373, -20.67938799501412], [139.49650800539158, -20.67930800464007], [139.49651800543734, -20.679282014924176], [139.49653800552878, -20.679264014412723], [139.49649198573513, -20.679201005041886], [139.49644599558582, -20.67911199497419], [139.49643697560208, -20.679103004793937], [139.49641799599672, -20.679103004793937], [139.49641701593478, -20.67915600457572], [139.49640701588902, -20.679174014344774], [139.49638799585946, -20.679173015062787], [139.49637000529933, -20.67915501453841], [139.4963709853613, -20.679092994319593], [139.49635401528727, -20.67903100433129], [139.49630798561208, -20.678941004965658], [139.4962529853605, -20.678878014790893], [139.49619801565166, -20.678789004533797], [139.49613300547284, -20.67870801455903], [139.49606799529403, -20.678663004701807], [139.49601200599733, -20.678617014875787], [139.49597598535107, -20.678564004820494], [139.49593200563143, -20.678385004769318], [139.49592199570418, -20.678120004329454], [139.49591199565842, -20.67799400478262], [139.49589400599655, -20.677940004464567], [139.49587699549838, -20.67786900442183], [139.49576501600657, -20.677778005076068], [139.4957580055541, -20.677712014862934], [139.4957930057142, -20.677637015023763], [139.49578399561193, -20.677628004585415], [139.49576599606854, -20.67753799430258], [139.49576599606854, -20.67751999442478], [139.49577497562814, -20.677494004402753], [139.49577497562814, -20.67747600451974], [139.49575698596627, -20.67741301457751], [139.49575698596627, -20.677387004366402], [139.49576599606854, -20.67735200470731], [139.49575698596627, -20.677289004628257], [139.49576698601203, -20.67723600503511], [139.4957849756739, -20.67719201504774], [139.4957939956577, -20.677166004798757], [139.49579497571966, -20.677094994308614], [139.4957580055541, -20.677057994309422], [139.49387398597676, -20.677016004543862], [139.4931769858427, -20.676837994400685], [139.4930820060694, -20.67559699476616], [139.49347799602305, -20.6732540144658], [139.4945629955963, -20.66905001464337], [139.49463300579797, -20.668242005078245], [139.49456200565282, -20.667574004830232], [139.49485598561776, -20.667547994614758], [139.49522098549076, -20.66747300488436], [139.49743700532915, -20.667010004256113], [139.4976199759829, -20.664923994350257], [139.49800301582337, -20.66431900432866], [139.49770400529286, -20.664367994942353], [139.497699985332, -20.664170014299238], [139.4975450052842, -20.660242994821694], [139.49698699608425, -20.657730014531516], [139.49681197552076, -20.6569450047399], [139.49623600540502, -20.65434700447345], [139.49660498571302, -20.65038900476621], [139.49626900591528, -20.650302004498627], [139.49453098592772, -20.64987100451617], [139.49423201582138, -20.650523004481865], [139.49400498549795, -20.651183015033244], [139.49389898609112, -20.651399994862043], [139.49366498573931, -20.65168800434701], [139.49347701596108, -20.651785004327817], [139.49321800561358, -20.65184399444145], [139.49295900604574, -20.651873004889506], [139.49256100566254, -20.651830014584316], [139.49178300533765, -20.651669004464832], [139.49120200555458, -20.651609014819936], [139.49071801573743, -20.651583994610352], [139.48964797580862, -20.65150500502923], [139.48934999564577, -20.651523004627393], [139.48898699542258, -20.651587014856247], [139.48862900600207, -20.65167699428419], [139.48829200571817, -20.65178799430848], [139.48796700602816, -20.651935994495016], [139.48773698611149, -20.652054004843404], [139.4875649955655, -20.652176994746025], [139.48700001543892, -20.652617004316156], [139.48643199541337, -20.65303800449574], [139.4862159955033, -20.653175994645142], [139.48584099558457, -20.653365014720304], [139.48560301569614, -20.653497004504974], [139.4853759853727, -20.653635004324673], [139.48501400563572, -20.653892004824414], [139.48485899594357, -20.654010014494848], [139.48472000590786, -20.654153994557653], [139.48462999561468, -20.65433999490662], [139.4845339953552, -20.654592004560904], [139.48447099560605, -20.65485600458018], [139.48441800578405, -20.655213014259893], [139.4843839856859, -20.655551004371013], [139.48433700559318, -20.65592800448095], [139.48430700545597, -20.656134994968717], [139.4842449956502, -20.65627400443442], [139.4841560058432, -20.656434014447143], [139.4840439859273, -20.656583014583912], [139.48392798557634, -20.65668000471642], [139.4837280053227, -20.656844014539132], [139.48350900593792, -20.65699500472422], [139.48325397602542, -20.65717900442405], [139.48295000589619, -20.65738400444392], [139.48273798552285, -20.65749400507866], [139.48249397524393, -20.65764800465674], [139.48223500532055, -20.65781600440053], [139.48203101588578, -20.65797600438414], [139.48167601605854, -20.658262994423854], [139.4814489857351, -20.65843700428805], [139.48122198595445, -20.658601014736213], [139.480977005495, -20.658756005043855], [139.48062900534043, -20.658919004805284], [139.4803079959669, -20.659103004697187], [139.47995397530332, -20.65930101463785], [139.47971698535832, -20.659455004819755], [139.47935698550825, -20.659648004641134], [139.47893697550222, -20.659827004922725], [139.47712099612104, -20.676564014376947], [139.48451399526377, -20.678808004386003], [139.48869299569472, -20.68007499424979], [139.48893498566258, -20.680286004399722], [139.4882519956537, -20.682841004729468], [139.48784498606648, -20.685512995061938], [139.48773198608856, -20.68657600482328], [139.48742100550692, -20.688651004836206], [139.4870929757994, -20.691067014571335], [139.487048005238, -20.69107800497123], [139.48683700535082, -20.692129004710853], [139.48675699600173, -20.692424004434038], [139.48664099565076, -20.692701004665967], [139.48674400546437, -20.693022004929986], [139.4867399855035, -20.693239004817883]]]}, "properties": {"sa2_code_2021": "315021405", "sa2_name_2021": "Mount Isa", "sa3_name_2021": "Outback - North", "sa4_name_2021": "Queensland - Outback", "mapped_location": "Remote Queensland Community", "geography_type": "Remote/regional Queensland demonstration subset", "fill_color": [121, 85, 72, 90], "line_color": [78, 52, 46, 220]}}, {"type": "Feature", "geometry": {"type": "Polygon", "coordinates": [[[139.5532624053172, -20.900991024871885], [139.55320269609692, -20.927838044270263], [139.55297128558817, -21.03040592478495], [139.5414126062335, -21.16252045423374], [139.53564049574842, -21.275900334296967], [139.50124380589014, -21.275144644652745], [139.3771435562254, -21.272374434455433], [139.37475002569354, -21.36461142392842], [139.37405652629423, -21.39425722435534], [139.23674250616105, -21.502361814015945], [139.24798231592916, -21.509313873813802], [139.23847100580323, -21.519476123839947], [139.23690817616068, -21.522779394269897], [139.2421537759729, -21.540631194314127], [139.23415527639614, -21.617954864095974], [139.23262830660144, -21.63270332397493], [139.2550432761833, -21.655878324104133], [139.27465750622014, -21.676149483888178], [139.3230170860353, -21.72609613417725], [139.28089367649955, -21.837703194030226], [139.26788970666738, -21.872116414047262], [139.35260887608501, -21.958269724010687], [139.3175754864045, -21.986446113448793], [139.49452981632123, -22.144678724200784], [139.38930717636373, -22.23388811386066], [139.49272919633484, -22.2421498733758], [139.49025756627225, -22.2816641740841], [139.50119840593402, -22.28202307356241], [139.62300751594134, -22.29073622415456], [139.6279202360419, -22.220556014179436], [139.66628290613284, -22.22310177387935], [139.75033119662834, -22.228672993561347], [139.75791929637603, -22.162820233867485], [139.79261918650732, -22.166283633894018], [139.84155769638707, -22.17115536383259], [139.8850630966139, -22.242866973604798], [140.0416777763592, -22.253276833793635], [140.0623554958097, -22.254625163612957], [140.06027269612795, -22.286085124018125], [140.05479459615051, -22.29779388410517], [140.0411892257953, -22.326864373700598], [140.05936319592024, -22.327890883926347], [140.08280520577316, -22.329211893551186], [140.2474653957307, -22.338435663632993], [140.25788019633515, -22.33905948373105], [140.25749869620702, -22.345450673618295], [140.25964770621684, -22.35303830437805], [140.258503725957, -22.36694216399061], [140.2601568865912, -22.36710019389771], [140.32968737621928, -22.371888803794963], [140.3630290657433, -22.374174184102156], [140.3670173161102, -22.374149933823883], [140.37020930609742, -22.290308543839277], [140.41425261571973, -22.233797733955477], [140.53146079559028, -22.135463033929124], [140.56425739638303, -22.169549013857644], [140.61943492599826, -22.209396234113324], [140.65229288621657, -22.24395677397252], [140.6382706059413, -22.255088854422628], [140.65927438599218, -22.279446324196964], [140.7016396058328, -22.3285419742781], [140.70724107593978, -22.335030033976825], [140.70935880571304, -22.333402734580098], [140.71257091616607, -22.33177592390104], [140.7156343958637, -22.329262564415945], [140.71714078615355, -22.328099084294216], [140.72085338578054, -22.326799494031857], [140.72401600624795, -22.32470592459595], [140.72802950646084, -22.32331337383632], [140.7322494862385, -22.32212994418807], [140.73296098607943, -22.321866744337882], [140.73450069578146, -22.321225114560914], [140.7380655063746, -22.31838562415036], [140.74088480601174, -22.31631112451583], [140.74342549585847, -22.31386096439052], [140.7454217958632, -22.31108494463722], [140.7453086063408, -22.30890505405156], [140.74601360597242, -22.307652803989075], [140.74701049608757, -22.306945964006513], [140.74765789574315, -22.30514870401079], [140.74789649636747, -22.302751383877073], [140.74942211599424, -22.3010644440082], [140.74960020610104, -22.29970239434502], [140.7492914856806, -22.298760934104784], [140.7494874863975, -22.298156574559986], [140.7505071155675, -22.29723096384154], [140.75120167587716, -22.296425784190067], [140.7528706756065, -22.295763194625863], [140.7550610063227, -22.294194354547287], [140.75618888607767, -22.293289013922283], [140.7562549957944, -22.292644124292615], [140.75578089642843, -22.291232503968136], [140.75565306616355, -22.29002297405983], [140.75617680643202, -22.289413193918033], [140.75775882588565, -22.288816124267797], [140.75880849561705, -22.288794814048977], [140.75969058642886, -22.289145964281488], [140.76027641555484, -22.288983344290056], [140.76105981565289, -22.28776889414704], [140.76230701593212, -22.286039753922992], [140.76293850642404, -22.284181044431133], [140.7638708957052, -22.28274379403192], [140.76368558583846, -22.281250314498863], [140.76403850606582, -22.280324443856568], [140.7642765263784, -22.278090564311114], [140.7639855863124, -22.276945764542834], [140.7643967856422, -22.276183453939765], [140.76574520629097, -22.275095544547877], [140.76684017626548, -22.27379085410843], [140.7675450959471, -22.271832793919277], [140.76754860566487, -22.269687124615643], [140.7683544160343, -22.267262774296], [140.7700608961722, -22.26567928389569], [140.77216479638167, -22.265110264497945], [140.77322281595366, -22.265034503864538], [140.7737824061885, -22.265324904023558], [140.77434260637952, -22.265267774590114], [140.77463379617717, -22.264785473881787], [140.77459339624386, -22.264109654024473], [140.77569562640255, -22.262334894225297], [140.7760071863976, -22.262045704135378], [140.77588100633784, -22.26130283434567], [140.77538139571615, -22.260369254617636], [140.77468099635712, -22.25962196468117], [140.77398099585002, -22.25868809440047], [140.77398369618578, -22.25700889435408], [140.77559170569722, -22.25421243456722], [140.77739947627333, -22.251789414192647], [140.78020829616432, -22.250020723929975], [140.78304099597054, -22.2488481740705], [140.78508199614384, -22.248532084117198], [140.78598080639972, -22.248599674019086], [140.7874270859223, -22.247884674252536], [140.79084027616682, -22.243877644442897], [140.79208098611807, -22.24105841428479], [140.79742647589495, -22.235331404665537], [140.79892579554522, -22.231932734447042], [140.80216009618232, -22.22813941445047], [140.80471830587203, -22.226188164250427], [140.80652939572306, -22.22058736473485], [140.80764429572054, -22.21448886416517], [140.80812860623627, -22.213036504285533], [140.80931960611468, -22.211930344449748], [140.81127421620542, -22.211537074321054], [140.81289069593163, -22.20979850470615], [140.81467929556126, -22.206477913944926], [140.81553128562447, -22.204580244728785], [140.81910350552207, -22.201419834576242], [140.82165379566422, -22.200156894185202], [140.82318478631808, -22.19865545439424], [140.82293538614746, -22.19430410460006], [140.8237020955475, -22.192564493943085], [140.8250634061223, -22.190904634221337], [140.82591607621023, -22.18829489455083], [140.8281264860697, -22.18679414393949], [140.82923341621392, -22.184659334744392], [140.8294919163184, -22.181574274576658], [140.82949370576242, -22.1801502744049], [140.83119481577154, -22.17825339406646], [140.8313666958248, -22.176513154592666], [140.8328137056777, -22.17398309443234], [140.83663857585063, -22.17161365457978], [140.83820628604005, -22.16977732472587], [140.83917050622497, -22.168708554569594], [140.83960949583633, -22.168344254515883], [140.84004106626176, -22.167186804353133], [140.8400434054748, -22.165129914616713], [140.8408098660415, -22.163311124763233], [140.84300209579624, -22.161928564518288], [140.84355769571465, -22.161750224479306], [140.84762507598, -22.161086164498823], [140.84933867616476, -22.1611764339781], [140.85095690580917, -22.161577014024957], [140.85286019604607, -22.162376894490713], [140.85519229618546, -22.162911084594235], [140.85838220567456, -22.162514814496863], [140.8618094159257, -22.162828143988655], [140.86385560566637, -22.163672354689794], [140.86790130599067, -22.164429504254468], [140.8708521755793, -22.16514135448724], [140.8726607959616, -22.165630544310247], [140.8754701260957, -22.164967584159584], [140.87889780616578, -22.16483713397897], [140.88213447566034, -22.16537162421618], [140.88441959570704, -22.165328904671778], [140.88613410588525, -22.16448759405197], [140.88718151545544, -22.164355323984964], [140.89065518567472, -22.166353084496908], [140.89436770625005, -22.16728672431833], [140.896223625627, -22.168307794343423], [140.8988415157909, -22.1690189144968], [140.9004122856422, -22.169285923980503], [140.90145859567448, -22.17079421468732], [140.90188619554633, -22.172124734670128], [140.90397990616552, -22.17367797465778], [140.90597879601324, -22.174698984128305], [140.90769181588644, -22.176074594195796], [140.9096912860458, -22.176208734084693], [140.9116431958008, -22.17620980469437], [140.9122143060309, -22.176564864004405], [140.91297529585754, -22.17780685412236], [140.9148311056401, -22.179404144108098], [140.9177343160096, -22.181179334777234], [140.92254238597278, -22.182378924112523], [140.92482797583838, -22.181892233989636], [140.9265896861966, -22.18167132447689], [140.92883899580278, -22.181672324339242], [140.92517739622937, -22.234890534292617], [141.0527800056087, -22.242239014819543], [141.10046597562325, -22.244874004425245], [141.1828502062251, -22.249625524474695], [141.19863378543016, -22.055172784183704], [141.29433758558304, -22.06188535461966], [141.29370522552196, -22.054018674289587], [141.29224621597345, -22.0519406847485], [141.29238520600916, -22.050104684289693], [141.29022068568767, -22.04508317461211], [141.29122939583536, -22.04233539463975], [141.29137831584825, -22.03240429428986], [141.2927452058593, -22.03092253458581], [141.2886023760932, -22.0262982947513], [141.29083811574878, -22.023904764371355], [141.28419588540143, -22.00997535471834], [141.28430899587207, -21.99862137449629], [141.2845429261552, -21.98884293434755], [141.28836808558566, -21.983916364814096], [141.29024703596988, -21.978033354624102], [141.3047880861352, -21.949594155089947], [141.30967029585543, -21.93967095434229], [141.06293879534036, -21.92868833427173], [141.06358360605122, -21.90246299460338], [140.99383589570272, -21.893864124509708], [140.9894287061216, -21.94334155452097], [140.98089661624917, -22.052907974674017], [140.96561548544375, -22.05160836451373], [140.9500853955405, -22.050328574292088], [140.94748779562397, -22.048792464207104], [140.94061769592668, -22.049698204074925], [140.92811261626738, -22.048742294887788], [140.91337730542193, -22.047497764520607], [140.90967201628467, -22.046370774071388], [140.8940249756129, -22.04715016431682], [140.8853292055092, -22.047374824177492], [140.88239767575035, -22.048035354790347], [140.90940399583482, -21.96836267475817], [140.91254999567278, -21.93827429493452], [140.9096930754899, -21.938095164408985], [140.85477429571077, -21.93445889446957], [140.85638018609643, -21.913735584232537], [140.87541482580684, -21.8818131649073], [140.8810565260655, -21.872348564390826], [140.8811954056084, -21.87053647468244], [140.86045438547308, -21.869122224831887], [140.86501250549665, -21.80974528494265], [140.88984400607484, -21.81167232491314], [140.92330800571636, -21.773175674900145], [140.92586622528756, -21.739711184950142], [140.92606908553995, -21.734037924670595], [140.92105960610357, -21.714730524612953], [140.92057021561484, -21.712841144944374], [140.92146019543148, -21.698499605010067], [140.9498343855889, -21.624823334312012], [140.95925368577193, -21.62548728455473], [140.9583124256273, -21.623608875030524], [140.95891058592724, -21.623651064914153], [140.95580202607366, -21.61929073489584], [140.95272441587656, -21.610927134929874], [140.95195572569136, -21.60205759507585], [140.94669173556863, -21.5939096347061], [140.94613773554974, -21.591815624632513], [140.94174872607334, -21.581634664430663], [140.93745288536664, -21.57396339440756], [140.93311679564363, -21.568374155054194], [140.92631170522682, -21.556152984578226], [140.92047980557143, -21.552163364807356], [140.91335241580035, -21.545288585037248], [140.9094503857344, -21.540571525081514], [140.90594780593258, -21.538333474557252], [140.90421679549925, -21.53507436455348], [140.89335581606622, -21.526526275039473], [140.88167421573965, -21.505224334385662], [140.8808502953341, -21.50469864476557], [140.87765340593532, -21.499401854401256], [140.8734196954086, -21.49458282499058], [140.87060427559516, -21.488398454583514], [140.8668332055246, -21.48240197467344], [140.864728615409, -21.479955335059426], [140.8629761756645, -21.472596774967958], [140.85878097591402, -21.45980985443291], [140.85661360523815, -21.457479034984733], [140.85590320583339, -21.454220554465252], [140.85526087537087, -21.452128744714443], [140.85335287526703, -21.448733434388483], [140.8525786056455, -21.447332284452894], [140.8498013157227, -21.4424007646972], [140.8488742157219, -21.43962339511896], [140.84369300535266, -21.427048464904892], [140.84133561584133, -21.42640207517933], [140.8371137657713, -21.42650580452376], [140.83500640525133, -21.425279024950218], [140.8250678959021, -21.426760105174218], [140.8001335058845, -21.419592114780603], [140.80252370546324, -21.39852105452679], [140.80751409569987, -21.354504944492856], [140.8562975159374, -21.359134464861672], [140.85918977584362, -21.321920045179443], [140.876010285771, -21.323047495284992], [140.88244957591593, -21.225024905163977], [140.80878319510907, -21.220056384550034], [140.8049513953321, -21.19447806468643], [140.83262160544578, -21.112276284732225], [140.8327977956157, -21.11174060479207], [140.83378931560213, -21.097229204739666], [140.86471649533917, -21.099087134635283], [140.87302648574075, -20.991399784704544], [140.82842859578795, -20.98908656507254], [140.82820079560827, -20.989072265051522], [140.82868602510058, -20.988005995433305], [140.82949099554523, -20.985722004971624], [140.82997101570717, -20.98514800489656], [140.83018099510824, -20.9840680148495], [140.82994699565478, -20.98323299495034], [140.8302879754754, -20.98239800477252], [140.83081098541362, -20.98185900477001], [140.83086602519103, -20.98023799472373], [140.83157299572642, -20.978962014719375], [140.83387501577855, -20.977785005093224], [140.83447697505378, -20.977197004683447], [140.8343209754182, -20.976656004719207], [140.8347399954808, -20.97604300494185], [140.83471498548494, -20.974913015055467], [140.8350300255534, -20.97339099520794], [140.83605198585155, -20.97113299503823], [140.83602701538163, -20.970740005389864], [140.83560898526247, -20.97024799495557], [140.83555799509028, -20.969241004793524], [140.83629299575745, -20.96673701546493], [140.83629500528872, -20.964158995064544], [140.83666200570985, -20.963300005202868], [140.83700299541192, -20.96290701509845], [140.83836301510763, -20.962245004669985], [140.8395390158158, -20.962148015469865], [140.8406110149702, -20.96234599517401], [140.8410820151484, -20.962297014913904], [140.8417089754363, -20.962715005456893], [140.84207499579546, -20.96249499525965], [140.8424149955541, -20.961905015388105], [140.8430949851899, -20.961980014792655], [140.84416797518602, -20.96112100486552], [140.84560600547942, -20.9604100148809], [140.84654799505603, -20.960018015442586], [140.84879800534813, -20.95830101504501], [140.84942700571006, -20.956436004865623], [140.84872299512358, -20.95425000536999], [140.84906397584248, -20.953611004841147], [140.84904098525945, -20.95051700505487], [140.8493829855662, -20.948479005263497], [140.84768701571713, -20.946584995185773], [140.8461820151211, -20.945540005488333], [140.84469598514713, -20.943567004807132], [140.84483997520567, -20.94307900503644], [140.84434000525792, -20.940400005475286], [140.84382097575477, -20.939861005115954], [140.84333698503917, -20.939658005360204], [140.84254898556696, -20.9388990052611], [140.84179598535644, -20.938796995496787], [140.84081100510528, -20.93792100541009], [140.83884098531414, -20.935257004886076], [140.83853799524695, -20.93396000545763], [140.83848500542496, -20.932528015375645], [140.83814500566632, -20.931955015148883], [140.83746497560637, -20.93146600509511], [140.83673099542534, -20.930219004864348], [140.83615801580117, -20.929797005231777], [140.8351190054789, -20.92809500528572], [140.8348350057968, -20.925735995310212], [140.83445901503632, -20.925045005140053], [140.83387099581762, -20.92255100488596], [140.83320797535757, -20.921708015134637], [140.8331380055801, -20.920681004828555], [140.83258298507502, -20.91961900539453], [140.83235099515295, -20.91833901523715], [140.83204698549784, -20.91778199531627], [140.83065002528096, -20.916534005170735], [140.82984399572265, -20.916163004787766], [140.82945001530027, -20.915522995061647], [140.8293260154517, -20.914680005224128], [140.82984702574007, -20.913013015274462], [140.83189299539353, -20.91138099500836], [140.83210801524166, -20.91101099472682], [140.83275402520346, -20.910523004712047], [140.83427899534834, -20.9099349951477], [140.83451201563807, -20.909564005289315], [140.8353910054655, -20.90907700496979], [140.83609100507422, -20.90900999472183], [140.83661101553767, -20.90832000493656], [140.8384950054707, -20.907041005044093], [140.8389980054359, -20.906166015074128], [140.8388369752347, -20.90527299523953], [140.83910798527785, -20.903420004920303], [140.8387860156053, -20.902830005472925], [140.8389659957674, -20.902425994960307], [140.8393430052174, -20.90205599524596], [140.83932497513138, -20.90165201537778], [140.83887799500556, -20.90118000524007], [140.83868096571766, -20.900573004722116], [140.83819800536972, -20.899831005471945], [140.8374809952628, -20.89932500480185], [140.83694400574214, -20.898668005434065], [140.83590602578758, -20.897757005100715], [140.8352969850929, -20.896864004868018], [140.83545900523754, -20.89642600541941], [140.83554999559266, -20.89541499488475], [140.8357469952362, -20.89497800500693], [140.8356769850345, -20.893174994876986], [140.83377901551907, -20.892027994844234], [140.8336180149623, -20.891185004733913], [140.83379800500586, -20.89078100483262], [140.83415799497448, -20.88963600494689], [140.83433900550423, -20.88776700533506], [140.83414299580423, -20.88650300537926], [140.8335550152131, -20.883487014786176], [140.8313180053397, -20.880334995504654], [140.83083697547139, -20.877824014993244], [140.83139699510096, -20.873681015520088], [140.83455198527832, -20.87121801472338], [140.8369929953662, -20.86931099528233], [140.83982900546422, -20.86631199477623], [140.84130499496823, -20.864054005261693], [140.84117698504025, -20.862717004712543], [140.8413849953342, -20.862037005350075], [140.84208401577925, -20.861211014889836], [140.84386897543533, -20.860193014916586], [140.84586099496772, -20.85868800546253], [140.84627501500745, -20.857886004747016], [140.8471040055045, -20.856866015428412], [140.84891498576104, -20.855240004823624], [140.85026001526964, -20.854221014991467], [140.85103600516493, -20.853345995125622], [140.85134800533442, -20.851840005474116], [140.85132201527668, -20.85093700518077], [140.85091201519785, -20.849722015535324], [140.8506780049646, -20.848230005045465], [140.84991501548816, -20.847732004798885], [140.84991599555013, -20.8469590051834], [140.85038699572834, -20.845964995185213], [140.8516809955389, -20.844585004892192], [140.85609000510684, -20.84237901552539], [140.85932398504536, -20.84039399530739], [140.86220602571694, -20.837523005096156], [140.863441005315, -20.835370005031333], [140.86573699497663, -20.830621005307737], [140.87474800547315, -20.824610005551747], [140.877434994947, -20.82433300512046], [140.88172301492085, -20.825551004891725], [140.8837199949503, -20.825553004880486], [140.88554200562024, -20.82494599531566], [140.8868949852191, -20.823456005433687], [140.88930599516974, -20.8194250053799], [140.89289098551743, -20.81799099531008], [140.89459499528826, -20.81832299546752], [140.89665099553017, -20.818324995552242], [140.89817899569243, -20.817663014760253], [140.89982500573703, -20.816172004857183], [140.90206000518077, -20.81247300520813], [140.90241402494604, -20.81020801506925], [140.90341499520923, -20.80683901520025], [140.90400301532625, -20.805403005214092], [140.90617801539383, -20.80275301534456], [140.9074729952664, -20.79927301497276], [140.90949801530908, -20.796172004852643], [140.91173498565655, -20.7933090051019], [140.9124619949109, -20.792179004859985], [140.91282301524723, -20.791653015580444], [140.91344099507728, -20.789996005135936], [140.9148849749127, -20.781573005115316], [140.91779402522994, -20.77773599511324], [140.92129200565748, -20.772019995473745], [140.92229199496037, -20.769258004874807], [140.92443698500927, -20.766000005061475], [140.92484900539918, -20.76475800543243], [140.92467299489226, -20.763073005081097], [140.92517297561986, -20.76177501516346], [140.92541000509073, -20.75835001501724], [140.92679102560118, -20.75639001551709], [140.92990498522792, -20.753462994920753], [140.93384001490583, -20.751834995323133], [140.93997697524526, -20.751423004957452], [140.94279597484504, -20.750513005479014], [140.94423499508184, -20.749409005489966], [140.94511697540085, -20.74706099505187], [140.94696800524773, -20.74479700526609], [140.94961100512046, -20.742947005661904], [140.94978799568932, -20.74043400534223], [140.9504049855759, -20.73916399490125], [140.95146202508587, -20.73786600558043], [140.95234397486215, -20.735656004999544], [140.95190400518885, -20.734607005039567], [140.95164000559822, -20.73181699511869], [140.95275697531403, -20.72960800514223], [140.95287399525287, -20.728310005284776], [140.95211198494007, -20.72502300484981], [140.95137899560083, -20.723283005505348], [140.95120298509394, -20.72134899549332], [140.95302601535172, -20.71452800491252], [140.9534380249619, -20.709859995073707], [140.95241201505846, -20.706186005361225], [140.9526390049577, -20.70237300568466], [140.952224004856, -20.701492005611524], [140.95097402518928, -20.69985199518886], [140.95102399487527, -20.697117015143878], [140.95429501504793, -20.69217901495965], [140.9561200153112, -20.688181015409146], [140.95645500516545, -20.68474900545722], [140.95596601532546, -20.68307401568529], [140.95369002485694, -20.680596015398198], [140.953160995308, -20.676608005386722], [140.9541929951778, -20.671347015671632], [140.9556950052823, -20.666917005560826], [140.95652899490386, -20.66587900544081], [140.95821799562293, -20.662645995563334], [140.96228800525714, -20.66147500513473], [140.96268898535217, -20.660009004898903], [140.96239998564718, -20.658836995572177], [140.95977599502422, -20.657623005614596], [140.95775400499895, -20.65188700491685], [140.95597598482843, -20.649771995116616], [140.95566500514502, -20.647197995412814], [140.95846798508848, -20.644665995406214], [140.95909001542208, -20.643892015365026], [140.9596800055445, -20.640867005085244], [140.95971402564265, -20.639130005214007], [140.96003697537716, -20.63731899558947], [140.95987100534023, -20.63582299566564], [140.9600600054861, -20.63482901498644], [140.9607609851568, -20.634107015099218], [140.963736975234, -20.63278300514455], [140.96527198495045, -20.632452995611033], [140.96605699482947, -20.631906004933363], [140.9666039754127, -20.63117000521716], [141.0067839849342, -20.63631962502173], [141.0551841847699, -20.642344465468295], [141.07784659529673, -20.645195785529918], [141.082761685153, -20.590322825662177], [141.04006986482457, -20.543420255450503], [141.03899811540182, -20.522868875271893], [141.03790888476365, -20.517633285238567], [141.03799929480707, -20.51260187535568], [141.03638938535883, -20.508990865075095], [141.0241905755159, -20.483857815380286], [141.013578675555, -20.42960192515523], [141.01774347541792, -20.386795315492616], [141.0183190053592, -20.386846385627372], [141.0188058751752, -20.386360285673426], [141.01926329552123, -20.385713305875203], [141.01926318502845, -20.384958535062847], [141.01972049488177, -20.384275615291077], [141.0203303054326, -20.383880195738207], [141.02078771499887, -20.38380828524246], [141.02109260500288, -20.38416762518641], [141.0217405849702, -20.383987865218472], [141.02242667506502, -20.38391587561906], [141.0233032951367, -20.383520425671424], [141.02414170536778, -20.383017145476103], [141.02429401472426, -20.38168733577918], [141.02486560555298, -20.38125594532134], [141.0260471147304, -20.380860435501578], [141.02699998470175, -20.3807524758464], [141.02776221510183, -20.38014136547834], [141.02886746539644, -20.38017713548503], [141.02951537529512, -20.37956602536354], [141.03016329507528, -20.379494045489107], [141.03088748541632, -20.379601735715532], [141.03149722500024, -20.37917033521346], [141.03313610511637, -20.37895440588261], [141.03386019484608, -20.378558905318304], [141.0343937851417, -20.37834316544448], [141.03500362533697, -20.37834303576215], [141.03565161518563, -20.378738245516534], [141.0366044150884, -20.378414585864398], [141.03736649546977, -20.37769562569995], [141.03847178529034, -20.377443805778576], [141.039348405362, -20.377407655351732], [141.040301094772, -20.376760505783462], [141.04041530478057, -20.376257325633876], [141.04129181525778, -20.37557422585747], [141.0423207851101, -20.37543022529665], [141.04319722551875, -20.374819025630895], [141.04415001554, -20.374387495540976], [141.0449503946952, -20.374531055807445], [141.04554639544514, -20.3745929654785], [141.04648178509942, -20.37429867515928], [141.0481031148298, -20.373504265506845], [141.04935028546467, -20.373121645534532], [141.050722205143, -20.372621355476387], [141.05249928477733, -20.37144458590591], [141.0535903048596, -20.370238605411373], [141.05436950533365, -20.369179755637735], [141.05489948530015, -20.3690031556125], [141.05627148492857, -20.368914485401586], [141.0577680952599, -20.368561135481976], [141.05889050517305, -20.368090255326262], [141.05932668485426, -20.367149145900534], [141.05932631474832, -20.366090515787185], [141.05892069485483, -20.365502535462518], [141.05845261509964, -20.36444407512157], [141.05820259509142, -20.363091485319593], [141.0590440955271, -20.361973785350955], [141.05910589512712, -20.360562275353214], [141.0591365950519, -20.35909194513794], [141.05832559511506, -20.35841590535654], [141.05742119554156, -20.35782806592607], [141.0566102054862, -20.35706379585883], [141.05617341495065, -20.356269955265283], [141.05608259527543, -20.355812975449922], [141.05663440520166, -20.354915645625415], [141.05695812479237, -20.352569165934053], [141.0571738749708, -20.351191875298376], [141.05803859505994, -20.34950832540407], [141.05852470490117, -20.34762085525984], [141.059010705148, -20.34568239539145], [141.06025370490494, -20.343539615623474], [141.0607398147462, -20.341907185270685], [141.06176659540418, -20.34007052510785], [141.06246907526142, -20.33864204541232], [141.06349560528938, -20.33629532530824], [141.0643058650144, -20.33399964540567], [141.06544079474776, -20.332264935440204], [141.066791914834, -20.330377115719198], [141.0683593052232, -20.32848921567069], [141.06938630507005, -20.327570665409255], [141.07095360472943, -20.325682725205418], [141.0723590055167, -20.324559965658406], [141.0732505951143, -20.323316765284396], [141.0738460146543, -20.322684355931152], [141.0743420149468, -20.32184127562684], [141.07538419542368, -20.321395965759425], [141.07642620522066, -20.320412165888417], [141.0770215151662, -20.31963925549502], [141.07716897541667, -20.319202025636056], [141.0780873851154, -20.317467335881705], [141.07841099511165, -20.315783925870548], [141.0793836154428, -20.314508285873174], [141.08124051488178, -20.313853385159664], [141.07280160545716, -20.312891385431232], [141.03229288530525, -20.307977555422095], [141.02644580501982, -20.30982430526745], [141.01928840523007, -20.309047955264198], [140.99904470501247, -20.30687307566061], [140.97473749537002, -20.304190815386818], [140.94105908493816, -20.300553045135146], [140.9244396152764, -20.299843735225505], [140.90848028517763, -20.299165505327256], [140.90925080523112, -20.29226234521688], [140.91596749513576, -20.286661605181123], [140.93379730540397, -20.272789635452174], [140.9516367851379, -20.258930505607758], [140.99703698472547, -20.22356000597941], [140.90121138469817, -20.112677205951712], [140.89993001520048, -20.111065005189566], [140.890594005014, -20.112925015915405], [140.87737899487047, -20.117189005601986], [140.86551299467067, -20.123023015609743], [140.8653380154297, -20.12281200579952], [140.85583980543558, -20.111294585394205], [140.78349559470828, -20.023497605674375], [140.89930929461048, -19.93204581537584], [140.89867660486772, -19.930185345963373], [140.87493561502694, -19.928435745666416], [140.87864620512266, -19.87495046566046], [140.88162701466138, -19.83195816541754], [140.88633989464552, -19.76393190567277], [140.8183556849975, -19.75929240534381], [140.8180079947617, -19.757446015817287], [140.8215339945413, -19.708761005476564], [140.73942469512872, -19.666900205996058], [140.7400232947048, -19.66620195557413], [140.74011049506777, -19.665307946057737], [140.74015509462498, -19.664291945698462], [140.74041351477942, -19.663682685839813], [140.74114399512402, -19.662952155831636], [140.74200239466686, -19.662709545445356], [140.74273130475632, -19.663035735682858], [140.74431671445186, -19.66425727542013], [140.74560370470826, -19.66434037579706], [140.74646229469386, -19.66401646545022], [140.7469351148588, -19.6634887657694], [140.74706480463644, -19.66279803606892], [140.74680817482434, -19.66230994589264], [140.7463801752022, -19.661659065882358], [140.7456095150115, -19.660641915603527], [140.74496648476142, -19.660315855848193], [140.74410939496238, -19.659704995571946], [140.74398161500307, -19.65917645605299], [140.74415440504967, -19.658404485775517], [140.74445570448754, -19.65779528560678], [140.74518548504454, -19.657471186079647], [140.74574299478124, -19.65763453616723], [140.74634239475628, -19.658407595513392], [140.74707031490234, -19.659302755928955], [140.74792747477005, -19.65987296565121], [140.7489142247023, -19.659914995788288], [140.7498156948697, -19.659550455634637], [140.75024588458456, -19.658778835690782], [140.7502472751766, -19.657884695962377], [140.75037739524717, -19.656990755972764], [140.7496925053015, -19.65597371567217], [140.748749384746, -19.655484686000854], [140.74776330495692, -19.655117515795542], [140.74733501517886, -19.654629216130072], [140.74776468476918, -19.65422337596111], [140.74849490460244, -19.653655405772927], [140.74871091529226, -19.652680275686585], [140.74862660480954, -19.651745375909456], [140.7481137045116, -19.650484725960567], [140.74781480447382, -19.649630825837473], [140.74845972477922, -19.64869694549847], [140.74940478479752, -19.647844765957945], [140.75000666502098, -19.646992075973934], [140.74992202485657, -19.64630104596669], [140.74976729454056, -19.645861446180252], [140.74928097449347, -19.645476295378558], [140.74838851532667, -19.64528284568605], [140.74765799455784, -19.645358696145625], [140.74656150463383, -19.6458569554894], [140.74554658533089, -19.646124645453373], [140.74522239502298, -19.645855065473647], [140.74469562473703, -19.645431415429396], [140.74437197521485, -19.64473894552941], [140.74453498530292, -19.644316256168786], [140.74498189446183, -19.64397087537223], [140.74603769519507, -19.643511026113146], [140.7467695948778, -19.642589355753024], [140.74681101529725, -19.642012705438685], [140.74636619472145, -19.64105095593252], [140.74588008488013, -19.64051200606621], [140.74547438503657, -19.640434545818156], [140.7449465951628, -19.640664466135227], [140.74437800470702, -19.640932795911183], [140.74372899527043, -19.64081653603058], [140.74324281446226, -19.640316035923526], [140.74320291489065, -19.63993153596904], [140.74365040525947, -19.63920169564589], [140.74454451463149, -19.63828025605664], [140.7448704952818, -19.637434925971874], [140.74556060443925, -19.637282095642526], [140.746128394496, -19.63743667563953], [140.7467365952659, -19.63770666571527], [140.7476296050999, -19.637554155457853], [140.74819830515008, -19.637132025891326], [140.74840179512154, -19.636747845741574], [140.74815929491055, -19.636132376017233], [140.74787597525312, -19.63563217604966], [140.7471464848519, -19.635092935556973], [140.74674188454628, -19.634361865879782], [140.74718890509624, -19.63393960608537], [140.7477166949701, -19.633709665986036], [140.74836577447527, -19.633825905629738], [140.74913668529592, -19.633865435634902], [140.749542024915, -19.634135135585165], [140.74950070510693, -19.634596416194988], [140.74905270449491, -19.635672275865982], [140.7490110145809, -19.636441136191465], [140.75022610458026, -19.637826885742154], [140.75099720494543, -19.637751046106974], [140.7518902147795, -19.637560075387956], [140.7526621146453, -19.63698442567799], [140.75290699449337, -19.636062075679504], [140.75282727530018, -19.635100815944778], [140.75221991445508, -19.634292625756437], [140.75120630489582, -19.633752975490218], [140.7505179950639, -19.632752425492637], [140.74966790493747, -19.6314440654717], [140.7492637052804, -19.63048236604473], [140.74935959504714, -19.62904691598589], [140.85914297451566, -19.640366005460272], [140.86443500465163, -19.635156995636365], [140.94052221489346, -19.640041055979985], [140.94187420454892, -19.640131775766225], [140.942445394729, -19.640165226173316], [140.94363288488964, -19.626633535908752], [140.94666362458847, -19.582113155759266], [140.9719541148695, -19.572852035842633], [140.9758599043849, -19.571432436120677], [140.9796184950595, -19.57004450632036], [141.01473068495682, -19.557177225824585], [141.01504097473403, -19.55682799600663], [141.0142819944387, -19.556608015590076], [141.01360601488233, -19.555968005827822], [141.01297299455948, -19.555148015823747], [141.0125929946179, -19.55434799577127], [141.01231898510005, -19.553808006298084], [141.0120020244335, -19.553328006331068], [141.01195198467894, -19.552917005832754], [141.01220897471538, -19.55245100625641], [141.01255101454802, -19.551886995584383], [141.01259799464074, -19.55133199584213], [141.01261500513897, -19.55069700619567], [141.01275801513557, -19.55022801620274], [141.01320199488836, -19.549814995609612], [141.01344497479965, -19.549537005658888], [141.01349998493274, -19.549206995882045], [141.01326798512915, -19.54850701615927], [141.0129190147941, -19.548001005788954], [141.0125990151269, -19.54754900563987], [141.01221901518534, -19.54691299625903], [141.01222700480145, -19.54637000629193], [141.01252897438258, -19.545666005849032], [141.01250798434756, -19.545106006132023], [141.012486995211, -19.544606005800926], [141.01214897444092, -19.543946006039732], [141.01181200469975, -19.543505996233982], [141.01143200475818, -19.54330599599791], [141.01107298497, -19.5432460060375], [141.01069298502844, -19.542785995917445], [141.0105239948555, -19.54204599558472], [141.00997598480294, -19.541285006163633], [141.00936398505777, -19.540425005949285], [141.00900497515107, -19.53984499605151], [141.00896299508125, -19.539385016029147], [141.0090889945796, -19.539245006389795], [141.00940599477204, -19.539425016221195], [141.0095959749799, -19.53944500573122], [141.01056600456977, -19.5389050163379], [141.01100900515885, -19.53852500569341], [141.01113598471926, -19.53794501606063], [141.01113598471926, -19.537285005997784], [141.010924984832, -19.53664399596126], [141.01084000510446, -19.536124005746473], [141.01073499474268, -19.535504015648304], [141.01048201478565, -19.53498401583632], [141.01039697487099, -19.53440400586501], [141.0101860046282, -19.533644005673157], [141.00970098444333, -19.53284400601868], [141.00923700459913, -19.53186400635398], [141.00883601462255, -19.531163005748354], [141.0088990143718, -19.530423006331034], [141.0091519943288, -19.529742995983195], [141.00902599483044, -19.529043015683317], [141.00873001431736, -19.52868300569323], [141.00864599488887, -19.528303015867024], [141.00837100441072, -19.527823016255965], [141.00824500491228, -19.527383005693704], [141.0078020043232, -19.526762995588143], [141.00764202515094, -19.526649006099795], [141.01781800504378, -19.51646601580353], [141.03917400463612, -19.495248015983176], [141.03977801476518, -19.494647006324367], [141.04005099481373, -19.493389006111244], [141.03881101429445, -19.491516006366997], [141.03763400477828, -19.490480006239725], [141.0368350144185, -19.490022006229644], [141.03437699473074, -19.489405005676296], [141.03316300516752, -19.488696015583475], [141.0300440050937, -19.48534499584711], [141.02858798513856, -19.480669015696098], [141.0287659943969, -19.476698006425057], [141.02820097474446, -19.475543016227732], [141.0265380045073, -19.473965996254776], [141.025350005002, -19.47300901597521], [141.02338900429632, -19.47064301640765], [141.02223100492822, -19.468784006126306], [141.0222009949095, -19.466953006428472], [141.02142898455094, -19.465122995637945], [141.02053802467236, -19.463686016347], [141.02041899430398, -19.4623340160194], [141.02107198507392, -19.461039016371686], [141.02193297445962, -19.460503016312774], [141.02267498468092, -19.460672006279644], [141.02374399514036, -19.461263016212744], [141.0242190143812, -19.460954006206016], [141.02445699516792, -19.460249006317515], [141.0242190143812, -19.45870000639459], [141.02389200515987, -19.45723600637626], [141.0229420250688, -19.455742996240847], [141.02228797428685, -19.455207995952968], [141.0219719945806, -19.455177016068287], [141.0189839949264, -19.455240005812023], [141.01822399504317, -19.454519006155], [141.01787998430683, -19.45383899619], [141.01756199506931, -19.45289000577132], [141.01781899498724, -19.45242800567839], [141.0184839845544, -19.452219005708276], [141.01964099487742, -19.452430006381988], [141.02116498496028, -19.452863015829006], [141.02195601445004, -19.452809015602057], [141.0229460046055, -19.452109005794213], [141.02278299451746, -19.451256005869247], [141.0218989947857, -19.450122015742217], [141.02132897511035, -19.44947501565423], [141.0209969748493, -19.449050016239998], [141.02054499470066, -19.448309016259138], [141.02026898463467, -19.447030995889058], [141.02019200440466, -19.4457040156511], [141.02079899514388, -19.444356005966043], [141.02270097473874, -19.442274006159394], [141.02362201470456, -19.44149000634934], [141.02542701487636, -19.4402969956717], [141.02982000478775, -19.436719006361393], [141.03057300499827, -19.435161006406997], [141.0307260150406, -19.43404100606696], [141.03031100505743, -19.432963005962545], [141.02926199468948, -19.431865016241485], [141.02766599475513, -19.431450006029436], [141.0255119847224, -19.431575005971283], [141.02301498443956, -19.432759006165462], [141.02237802500423, -19.433544995703183], [141.0221589842969, -19.434560996354314], [141.02172200511515, -19.435265996036147], [141.02097901483182, -19.43553500623716], [141.02005100483774, -19.435250015821996], [141.01927001491956, -19.43470700612613], [141.01895998475547, -19.43368700621353], [141.01899199442397, -19.432123015817368], [141.01890099508572, -19.430832005730323], [141.01805901494973, -19.43018700597816], [141.01802601443939, -19.427315015842947], [141.01685601447738, -19.42639900586816], [141.0145070143325, -19.42627701618976], [141.01022600481113, -19.42299200580788], [141.0094900150989, -19.421582006129626], [141.00903402487077, -19.4194340157675], [141.0081910251469, -19.41735100598566], [141.0082800050724, -19.415569005934902], [141.00663900493217, -19.413813005919714], [141.00560700506247, -19.413728996183817], [141.0023909851413, -19.41127099597403], [141.00109899486202, -19.40887800570138], [141.00134599473424, -19.405747005723704], [141.00082897476238, -19.40152800564953], [141.000672964347, -19.398384006118686], [141.00127598453255, -19.39657800608134], [141.00218698492685, -19.395493016129652], [141.0034310249329, -19.39487799564516], [141.00425402456528, -19.395034005748467], [141.00531299455477, -19.395765995821506], [141.00635101493359, -19.394888006096007], [141.00634601491072, -19.393359996094553], [141.0056979945193, -19.392527996040297], [141.00293801513192, -19.390883996094608], [141.00199299463952, -19.389931006153684], [141.00192798446076, -19.388687016330863], [141.00242201474788, -19.386993005966065], [141.00156700454863, -19.38589800637007], [140.9996020243063, -19.385655005902407], [140.99806300451036, -19.383424996052316], [140.99785002473632, -19.381964996295224], [140.9970380043133, -19.381600015919762], [140.99464499480436, -19.381843015659065], [140.99208098469288, -19.379612006197764], [140.9920380146796, -19.37786900577459], [140.99020097429658, -19.374989006371603], [140.98947498463005, -19.372313015824776], [140.9887920045027, -19.365824006085944], [140.98785198493152, -19.361850006393162], [140.9848190147158, -19.355118006250834], [140.9822979943806, -19.352197995862866], [140.98127300496327, -19.35004900609647], [140.9818720042897, -19.345871995750542], [140.98366601447225, -19.343682006275408], [140.98499099448202, -19.340722005666283], [140.98503399503807, -19.33881600577896], [140.98422201503928, -19.337235015720427], [140.98255601478468, -19.33707201575903], [140.98050602427202, -19.33889699590816], [140.97879698483388, -19.33853201575054], [140.9782839749414, -19.336747006239428], [140.97862602465554, -19.333503005718615], [140.97640499491277, -19.332530006097947], [140.97538000459724, -19.331070005844538], [140.97503902477655, -19.32936600625729], [140.97538098465918, -19.32831200614867], [140.9779009845083, -19.326406006367858], [140.9796949946908, -19.326123006059206], [140.9803790042875, -19.32547400580969], [140.98003700487905, -19.323325016057105], [140.97926900459993, -19.322229995866532], [140.97888400463543, -19.321297005934312], [140.98247297451985, -19.317404016405934], [140.9839690045395, -19.310185996120122], [140.9839690045395, -19.307996006353612], [140.98319998467255, -19.30625200613722], [140.97982599511036, -19.303129005726515], [140.9779479942454, -19.299277016460767], [140.9787589950805, -19.296560006294758], [140.97807600507173, -19.293680006134174], [140.97534299490582, -19.29047600604203], [140.9724820143378, -19.287921006070107], [140.97128700437992, -19.28443299579652], [140.9711599843954, -19.281513016232786], [140.97222800491144, -19.27936399582406], [140.97291099492023, -19.27778300580802], [140.97487601468853, -19.27478201643361], [140.97615800492204, -19.268659016007287], [140.97770399474624, -19.266835005767874], [140.97919100478208, -19.265797005821973], [140.98325801494158, -19.264095006105894], [140.98758801498525, -19.263139995734935], [140.99423499472553, -19.262684016402286], [140.9963339946252, -19.261895006179586], [140.99751499445784, -19.259901006097405], [140.99734000443712, -19.258323005954846], [140.9932740147638, -19.254709016545913], [140.99064999449644, -19.253671016163285], [140.98960000496479, -19.252217006212017], [140.989731984548, -19.25030701627336], [140.9905630142207, -19.24723401607343], [140.99021298477197, -19.24586299612419], [140.98964496474642, -19.244617006111866], [140.9896880048283, -19.242665015797677], [140.98929500446792, -19.241834015820587], [140.98619101434423, -19.23884400595047], [140.98435400450393, -19.235852995922098], [140.98334897475394, -19.232946006198652], [140.9817749844424, -19.23136800639266], [140.9788460050006, -19.228875006373354], [140.9771149945673, -19.226661016328485], [140.97608602471496, -19.225401996188943], [140.9754079943048, -19.2235080065171], [140.9752390050302, -19.219680005896095], [140.97651197438165, -19.217505016136553], [140.97668097443605, -19.216659006108912], [140.97613000443462, -19.215892995930552], [140.97413699495877, -19.214443006479463], [140.9689630142309, -19.212991015869374], [140.96764798485955, -19.212467005735732], [140.96624898456867, -19.21093601583336], [140.9659100043979, -19.2094050057379], [140.96625000505483, -19.207874005989204], [140.96824301453069, -19.206263006041993], [140.96714100445928, -19.20432899582455], [140.96281601431988, -19.202837016265722], [140.96014399437192, -19.201467006052468], [140.95823598438653, -19.200298016301737], [140.95687501427318, -19.198971005781832], [140.95543501487276, -19.195129005886624], [140.95427599501846, -19.193404006289942], [140.95318201498736, -19.19272999616585], [140.9529430146128, -19.192088015890015], [140.95310299468343, -19.191294006315708], [140.95393899473453, -19.190045996546978], [140.95497500468377, -19.18834399577222], [140.9556120045433, -19.187020005944113], [140.95537402465487, -19.185091016229396], [140.95465698490352, -19.184031996547372], [140.95366301431298, -19.18233000657299], [140.95242898423413, -19.180740996065992], [140.9516329942474, -19.180400006567904], [140.9508759848558, -19.180475006025507], [140.95011999505206, -19.180627006326088], [140.9491649745139, -19.18043700656478], [140.94789101432073, -19.180738996276435], [140.94665698424186, -19.180776996515927], [140.94566097447566, -19.180436006243948], [140.94410899468514, -19.17918699615151], [140.9437270247381, -19.17877600574029], [140.9435229849977, -19.17818300612498], [140.9433960045391, -19.1775100163348], [140.9433630049271, -19.176660006314293], [140.94355298423667, -19.17567000578475], [140.94423002470333, -19.17427001582777], [140.9437929745547, -19.173627006497714], [140.94307600487195, -19.17324899642928], [140.94204097498474, -19.1732479960648], [140.94084698461478, -19.17358801612529], [140.9396930043092, -19.173360996486107], [140.9392150044583, -19.17279301626064], [140.93929500482423, -19.17192301603175], [140.9396540246124, -19.1705240064995], [140.93957500430838, -19.16999399631294], [140.93921598452027, -19.169616005911504], [140.93865899490817, -19.16931301578781], [140.9383349842633, -19.168774016000967], [140.9383199841946, -19.166901995982837], [140.93852898443205, -19.165513995874566], [140.93928800425323, -19.164137006516818], [140.94073799471624, -19.16256500605975], [140.94301501465404, -19.16053300617137], [140.9435670042433, -19.159614996145073], [140.94380900499095, -19.158796006288465], [140.94353499457478, -19.1541080158433], [140.9431729842951, -19.151247005926745], [140.94240400485234, -19.1496259960532], [140.94014699488747, -19.14722201624359], [140.93418898434254, -19.14179100649295], [140.93300098483718, -19.1409820058941], [140.93119598466544, -19.13938400589904], [140.92933598424216, -19.138176016577273], [140.92728001454293, -19.137105016121552], [140.92651197473796, -19.136884015971106], [140.92508099442298, -19.1367980063705], [140.9239369746373, -19.136577005809137], [140.9223100250464, -19.135861996225387], [140.92144001477863, -19.135350005876063], [140.9210409948075, -19.13463799617009], [140.92063000478524, -19.133499006286975], [140.92041698458692, -19.131766006069697], [140.9204069845412, -19.130822006562184], [140.92026201442067, -19.129119006558096], [140.9199519743751, -19.128436006266448], [140.91975002501437, -19.1268420062712], [140.91967698479522, -19.126014005792868], [140.9197209645149, -19.125180006565344], [140.92000497497685, -19.124073005774786], [140.92038399485645, -19.120812005802627], [140.92012301450345, -19.119144005798272], [140.9199389847361, -19.11854801637168], [140.91962599462312, -19.118004006003424], [140.91868601457776, -19.1168619960847], [140.91783698446338, -19.116264006346675], [140.9165149949452, -19.116082996577024], [140.91541298487377, -19.11629201603735], [140.91450001447413, -19.1174590160589], [140.9143420044089, -19.11877500617806], [140.9150970042692, -19.119823016283085], [140.9151590149733, -19.12063000627127], [140.9144350042953, -19.12161699639661], [140.9137109945157, -19.12212600606915], [140.91298701438043, -19.122365005827863], [140.91179101447912, -19.122065015841304], [140.91084701447295, -19.121436016254197], [140.9102180150093, -19.120179016525515], [140.90996700505767, -19.119041996242107], [140.9096839845392, -19.118384015862205], [140.90847699464874, -19.11747701597508], [140.9066060042362, -19.116749756519944], [140.90639171471847, -19.11691921627558], [140.8942653243588, -19.12612091584416], [140.88756958496322, -19.131448266456076], [140.81736110445087, -19.187273556158594], [140.73000667504502, -19.087959556093757], [140.71123537466346, -19.066566305860796], [140.66982324488143, -19.09836342620481], [140.63347997497272, -19.056570125940244], [140.57492580486692, -19.052600846467772], [140.51514880487724, -19.048440916325145], [140.51028159432735, -19.072331595976078], [140.50964080447562, -19.10156364617742], [140.5107097044423, -19.101635595878037], [140.51077299434732, -19.102095005875576], [140.4114590150862, -19.095383995692217], [140.41127527457633, -19.094916225887822], [140.39563130434618, -19.093854125911434], [140.30253345484886, -19.087556535819232], [140.30578326489933, -19.0451946257835], [140.00894669508997, -19.024338005409515], [139.99876070526986, -19.023614156230234], [139.99805228485363, -19.032625266007443], [139.93185719495978, -19.02790733545784], [139.91153899476072, -19.0264545356431], [139.91160900496237, -19.027555575864476], [139.91123998512853, -19.030684275460317], [139.91118826462602, -19.032672995686553], [139.91183110443322, -19.035070985725405], [139.9128309149714, -19.036181885661964], [139.91483910507728, -19.03707771557621], [139.91735559520848, -19.03723982563851], [139.91945350455342, -19.0362575857427], [139.92105191466766, -19.034646255402407], [139.9225342947866, -19.03299737541091], [139.92552407490172, -19.03183608576874], [139.92773492493563, -19.03133325604515], [139.93013589441634, -19.031384025430544], [139.93144941461802, -19.03190731588643], [139.93295091447945, -19.033315686093065], [139.93452611482178, -19.03531381614369], [139.93544178465888, -19.037492296198906], [139.9373021147639, -19.041783005706666], [139.93808029475179, -19.045603546143454], [139.9398172951515, -19.050116515808387], [139.94146979462565, -19.055315825384547], [139.94192809442237, -19.058981895894892], [139.94174730487816, -19.062186375752297], [139.94147990516416, -19.066382506152724], [139.93959778462528, -19.072019475529835], [139.93828969473944, -19.075751705816813], [139.9386609747346, -19.079420015627548], [139.9401899944847, -19.08200009544503], [139.94174898472772, -19.08662104573212], [139.94143081492885, -19.089394546052848], [139.9399136951612, -19.09167141598462], [139.93797700466376, -19.092435725629535], [139.93269059528657, -19.09334389594351], [139.92963679493604, -19.09422408605173], [139.92730808503853, -19.095843075853438], [139.92452967491647, -19.100602086156833], [139.92420602449602, -19.104191805549977], [139.92496818482743, -19.105828805960343], [139.92594769523689, -19.107058925531696], [139.92790851448282, -19.10927429602874], [139.92960897501004, -19.111896286024976], [139.9308418049397, -19.113821685667453], [139.93117030446598, -19.116149966115284], [139.93124180497276, -19.11839514575255], [139.93105850463735, -19.120189865355982], [139.93035098523134, -19.123369245610977], [139.92937800467575, -19.127771445826145], [139.92894409503737, -19.13370189570194], [139.92976311513303, -19.13849526574997], [139.93061889518845, -19.141307236017266], [139.93323430510387, -19.147022285886088], [139.9336538749354, -19.147771835900933], [139.9360484151736, -19.150075326130843], [139.93803697529387, -19.153063335947287], [139.9397142251507, -19.154523115498943], [139.9422840051413, -19.154537915616], [139.9449263851765, -19.155774245549278], [139.95141447450257, -19.158482635342406], [139.95413537448007, -19.16002455531099], [139.95728929476397, -19.16197287556957], [139.958843105321, -19.163524415842772], [139.96032299530998, -19.16637900584223], [139.96106898506793, -19.17138800592019], [139.96010761523743, -19.175996116098002], [139.9579880951218, -19.182955575429727], [139.95728199505393, -19.186800675344067], [139.95695981517562, -19.19339179553125], [139.95896388470928, -19.199996165966724], [139.96557341458367, -19.213629375563077], [139.97018569493397, -19.22022599562341], [139.9712298948237, -19.221292755767152], [139.97192860534994, -19.221734505585996], [139.97323560468104, -19.222428175927213], [139.9743529750455, -19.223476706110077], [139.9759744853373, -19.225239806055278], [139.97698400486703, -19.226440216046853], [139.97786219519386, -19.227233185678887], [139.9787103844851, -19.228559795912222], [139.97890109502333, -19.228863436094013], [139.9799775947373, -19.230422235720706], [139.98166410532644, -19.232217305423067], [139.98430922522326, -19.23430785589137], [139.98512989462577, -19.235322286093908], [139.98788980484284, -19.23797444577188], [139.99035848483808, -19.239951725772993], [139.99229706449262, -19.241701645293027], [139.9941732049466, -19.244012235366032], [139.99487349471116, -19.245418685446896], [139.9958695044774, -19.246770645376134], [139.9965722053202, -19.247784365880783], [139.99679989500703, -19.249188245287932], [139.99667261451108, -19.25070235541509], [139.997367394908, -19.253006435301298], [139.99905628513434, -19.25699909561273], [140.00057997517987, -19.25902717566835], [140.00292897532478, -19.261340265968634], [140.00586948464323, -19.263544335352396], [140.00893030532765, -19.265412375271712], [140.01164141456692, -19.266493045843482], [140.01293431483955, -19.267622125770274], [140.01463309461886, -19.270043755756852], [140.01597819509436, -19.272351275451], [140.01655288511085, -19.275047395919724], [140.0158922748307, -19.27683917572374], [140.01452640530582, -19.278010005851677], [140.01168079491237, -19.279621645731414], [140.009307495339, -19.28129192601249], [140.0058645250445, -19.283966205459805], [140.0038984847901, -19.28664850561196], [140.00347742465354, -19.28788049541449], [140.00317009482515, -19.289842456041168], [140.00362747474696, -19.292369626053308], [140.00438718537265, -19.293776365799946], [140.0047862053438, -19.296191006039514], [140.00476849505796, -19.299108325273654], [140.00557777472102, -19.30208625572161], [140.00545521487183, -19.302814935896105], [140.0045597149078, -19.304324865897684], [140.00443138517957, -19.30600729572344], [140.00417628519844, -19.30909161530721], [140.00445040520907, -19.31262764557011], [140.0044286147753, -19.31621818578046], [140.00512452525277, -19.318410045722374], [140.00505969473704, -19.31936344598853], [140.00546860515942, -19.32015113570842], [140.00575761474593, -19.3212186757028], [140.00503421492232, -19.323571085704884], [140.00431181492368, -19.32575520588583], [140.00441839464224, -19.327663296027545], [140.00532256514543, -19.329341585484567], [140.00711909510233, -19.331787285408524], [140.00869148461612, -19.333873506028592], [140.01048888504053, -19.336175885601655], [140.01274619504267, -19.337334435962408], [140.01432551505886, -19.33827436540375], [140.01900010525225, -19.339087665715905], [140.02156240497146, -19.339746245969692], [140.02374426457453, -19.340904245470522], [140.02667850455063, -19.342496105349795], [140.02870691483517, -19.344083126000694], [140.02937990479828, -19.34516135541432], [140.03034919507465, -19.34717256583988], [140.03109430538206, -19.348824355278985], [140.031151395115, -19.34903231591547], [140.0311688745338, -19.350355125621753], [140.03062568484106, -19.35147270581709], [140.02941209502822, -19.35246926568412], [140.02743989502585, -19.354106575349256], [140.0258438151414, -19.35596077550794], [140.02499731468293, -19.358678735342263], [140.0255857947373, -19.361261055500414], [140.02663280455715, -19.362914495592314], [140.02911111539055, -19.365077055395048], [140.03045457464404, -19.365656505699608], [140.03151110480928, -19.365867095819155], [140.03324747459163, -19.36567683528922], [140.03591059493007, -19.365705466038897], [140.03806098475218, -19.365168205788994], [140.04004202507517, -19.365335405817525], [140.04070121511884, -19.36557399574417], [140.04135642472755, -19.366517995685502], [140.04184359458083, -19.36793137596163], [140.04167251492655, -19.368949375466382], [140.04205000497524, -19.36981096584637], [140.04214088483758, -19.3707849660308], [140.04197900483013, -19.37302663528456], [140.04170087474012, -19.373794845904754], [140.04088630489832, -19.374832785540494], [140.03956840540963, -19.375678796023067], [140.03791440485057, -19.37606192564314], [140.03551208520204, -19.3773032552201], [140.03244170464637, -19.37959390535996], [140.03093629531682, -19.381147765981044], [140.0300283950086, -19.38283892548657], [140.03001777512532, -19.384641546029073], [140.0308343949226, -19.38621345605176], [140.03247561515008, -19.38802487565034], [140.03448650469335, -19.389448005555128], [140.03538280505623, -19.389825775404482], [140.03678451466604, -19.390206245768294], [140.03756747458957, -19.390743285327243], [140.03801200500962, -19.391544965963984], [140.0385118051758, -19.392506836008863], [140.039124784983, -19.393309425635792], [140.03946050516757, -19.3935243556966], [140.03973820496464, -19.394058705859194], [140.0399016848716, -19.3949122052187], [140.03944860518502, -19.39554929524992], [140.038488584624, -19.396450115253224], [140.03685411523594, -19.397453975987766], [140.03516058521117, -19.398937105852255], [140.03402890468422, -19.400369895416276], [140.03329697535705, -19.400685745788763], [140.03154789531175, -19.402061935535208], [140.03001730530644, -19.404451825889755], [140.02995360487134, -19.40573041595312], [140.0300565050905, -19.407329665445815], [140.0301549047501, -19.409674895535332], [140.0306502151365, -19.411382796001842], [140.0317084952199, -19.41288053583137], [140.03310498471959, -19.41416691521134], [140.03416519528253, -19.415344935415725], [140.03444248454943, -19.415932575737465], [140.03504681537703, -19.41822723594057], [140.0359301153212, -19.42084308521576], [140.03603359495372, -19.422335735193467], [140.0358029147753, -19.42334702526404], [140.03568279475047, -19.424678615591663], [140.0364076148105, -19.425588365302197], [140.0373021948996, -19.426285875939318], [140.03802948532675, -19.426769355926535], [140.03892450469206, -19.427413545801553], [140.03976258524148, -19.42816403536519], [140.04031741530363, -19.42933933553958], [140.04047867457524, -19.430565835864], [140.0408095151112, -19.431633375220017], [140.04136679487917, -19.43238236532863], [140.04175278478712, -19.433610045606876], [140.04359241501302, -19.436017785229513], [140.04425708477996, -19.437619955722393], [140.044310405182, -19.438099845790887], [140.04441749514365, -19.43900630555103], [140.04480691481928, -19.439647855594604], [140.04451447456674, -19.44161800574717], [140.04366202456612, -19.443318765801706], [140.04269539509957, -19.445285375519052], [140.04262520523486, -19.447683015251354], [140.04176851518602, -19.450076505434506], [140.04122798540487, -19.45254569562822], [140.04171759508247, -19.45724765534332], [140.04273028476686, -19.458501255658657], [140.04378141515895, -19.461277845344473], [140.0448156051213, -19.464657245266977], [140.050827995182, -19.47088325578689], [140.05132727522366, -19.471803275601808], [140.05141228459559, -19.472744865782676], [140.05120657488712, -19.47382974537618], [140.0502129753008, -19.47586100536854], [140.04913698493155, -19.47818499517471], [140.04713200540453, -19.48050301578044], [140.04645901544149, -19.482137005443327], [140.04618099494587, -19.484276015474133], [140.0472969845997, -19.486422015183187], [140.0488830150311, -19.487562995356726], [140.05007098489205, -19.48882900544895], [140.05079299502188, -19.490217005756296], [140.0507190052835, -19.491412995795176], [140.0513799847712, -19.492046015817273], [140.0546969950932, -19.492378015522846], [140.05701901523685, -19.492642005824255], [140.05847401470587, -19.49359399578459], [140.06005501457165, -19.495554005203832], [140.06129601467876, -19.499086005611485], [140.0627419950624, -19.50173701575099], [140.06391999542038, -19.504638995962267], [140.0649740049129, -19.50596600587414], [140.06701399537982, -19.509251015170594], [140.068194985331, -19.51164899536826], [140.06870700527998, -19.515051005404978], [140.07034899536362, -19.51808100574131], [140.07291199487045, -19.52262701523463], [140.07376098545893, -19.525149005955154], [140.07367998526811, -19.52779300527946], [140.07313299480336, -19.530560015545834], [140.07290202536745, -19.53111901590003], [140.07104841466074, -19.533649845609755], [140.0695038046488, -19.535449135427815], [140.0671864952705, -19.53762235555374], [140.0669362848195, -19.538943655339807], [140.06752429505505, -19.542166935537114], [140.06787999466988, -19.54360638567705], [140.0669512848881, -19.546879325836333], [140.0662649046374, -19.55021102557732], [140.06703830468967, -19.552860215875494], [140.06557191548112, -19.554692765657403], [140.0648214054006, -19.55612174550073], [140.06444399530199, -19.56077269516005], [140.0649109054507, -19.56325696516895], [140.06631600530235, -19.5671694253903], [140.04361818498356, -19.565520835892517], [139.93869379468347, -19.55787419591616], [139.88721626492512, -19.55408269513553], [139.88543039527565, -19.58471264578955], [139.77737401526275, -19.578388765668517], [139.78088611540994, -19.523939935493516], [139.78231428489644, -19.502889585301023], [139.7851121947483, -19.460085055547705], [139.6813997054284, -19.452157295514944], [139.6323164050911, -19.448384535826364], [139.51430628479335, -19.438106135602748], [139.51512121485948, -19.36836316553485], [139.51601079492582, -19.291940005342283], [139.54139099546273, -19.29369729576708], [139.55079139509215, -19.166737735496696], [139.34495529544134, -19.150580965692182], [139.20483811480344, -19.139449735435996], [139.2035911651542, -19.154354595524204], [139.19389486496175, -19.269036005323017], [139.05746282514758, -19.2498729048896], [139.05863739483948, -19.233652205077167], [138.99337591503723, -19.229377355547367], [138.94669616504046, -19.226305335125854], [138.94998708559163, -19.181252265181474], [138.89770400507695, -19.18127200508649], [138.84049201502364, -19.183175435483736], [138.74578699504136, -19.18628600517612], [138.62126428566478, -19.190301595223808], [138.60438759509952, -19.363580885155987], [138.51162540559957, -19.246491754715517], [138.3436069250378, -19.370737464854763], [138.32535677508181, -19.384657415124884], [138.2804484255702, -19.3166086752668], [138.26107498535202, -19.310013005227518], [138.25303509500017, -19.281077985229782], [138.2422281752826, -19.257326794996242], [138.23919119498754, -19.237104985310978], [138.24051639508457, -19.22538867494563], [138.17324587537024, -19.227195715272757], [138.16639468520967, -19.220794605262938], [138.16578958542422, -19.217685014567966], [138.03247811504065, -19.208960084918456], [137.99596348520325, -19.206866505014286], [137.99593749514548, -19.224930504947483], [137.99594299553, -19.239468004505046], [137.995975955616, -19.293338275215422], [137.99607549523773, -19.45764250511272], [137.9962064956573, -19.67581300489245], [137.99633899536505, -19.89397900435351], [137.99637299570026, -19.95171450444928], [137.99652457562468, -20.22442450423238], [137.996581945632, -20.32836857380811], [137.99670549632293, -20.548317503749498], [137.9967289962507, -20.591266504251013], [137.99678699597706, -20.693689504105123], [137.996815285722, -20.745110953624827], [137.9968419962286, -20.79197400415819], [137.99690849581415, -20.911744503594775], [137.99693449665173, -20.95682900358343], [137.9970679359973, -21.194274173393584], [137.99720674636993, -21.19428042405284], [138.0012065266135, -21.19453750406655], [138.0833872959901, -21.199342673533746], [138.15981420595327, -21.203645883488235], [138.16607402617916, -21.13643723376931], [138.16612301670145, -21.13578640356468], [138.1780797162023, -20.99828134350091], [138.28559360631002, -20.99832172409838], [138.34238348609614, -20.998378093713416], [138.31557448635377, -21.021081184189434], [138.3791618657925, -21.086525514086475], [138.37960778590627, -21.086999644226392], [138.4196040162903, -21.129305794320384], [138.36421420579026, -21.17671767353104], [138.49014840653172, -21.313068943564193], [138.5300426862158, -21.314979303552512], [138.55447848609796, -21.28933706370839], [138.5572935160425, -21.28638217408712], [138.65604360573184, -21.17859695375343], [138.6849057957859, -21.147034774034058], [138.74381938632845, -21.123468414062746], [138.8153182859666, -21.061673104438142], [138.81673386646267, -21.06044876438275], [138.88843997599588, -20.998385814405026], [138.9802758057068, -20.921095754367546], [138.99034666564341, -20.91280125461833], [138.9866026061169, -20.908736033986973], [139.04097501616712, -20.864506974281817], [139.1289107355119, -20.96020930459927], [139.39664601607794, -20.96772163410028], [139.4004513955041, -20.937284194599762], [139.39550520597274, -20.8929269145456], [139.4401020053708, -20.896503244785258], [139.45632121538637, -20.897800994630668], [139.46250887574206, -20.898237064895323], [139.47486299621278, -20.899240014225917], [139.53445012558905, -20.90035779414076], [139.53902098551998, -20.900442684217808], [139.5416149957687, -20.900524994523874], [139.54411918616714, -20.900699724918486], [139.5532624053172, -20.900991024871885]], [[139.47402798610506, -20.758329994459263], [139.47495486601855, -20.744329214576275], [139.47500016536338, -20.743644994906028], [139.47740317581642, -20.706592694793425], [139.4779230057185, -20.69346400462168], [139.4813019953035, -20.69369501433662], [139.48387199538135, -20.693863014534543], [139.48383699611955, -20.69441099481876], [139.48644298540253, -20.693292004704613], [139.4867399855035, -20.693239004817883], [139.48674400546437, -20.693022004929986], [139.48664099565076, -20.692701004665967], [139.48675699600173, -20.692424004434038], [139.48683700535082, -20.692129004710853], [139.487048005238, -20.69107800497123], [139.4870929757994, -20.691067014571335], [139.48742100550692, -20.688651004836206], [139.48773198608856, -20.68657600482328], [139.48784498606648, -20.685512995061938], [139.4882519956537, -20.682841004729468], [139.48893498566258, -20.680286004399722], [139.48869299569472, -20.68007499424979], [139.48451399526377, -20.678808004386003], [139.47712099612104, -20.676564014376947], [139.47893697550222, -20.659827004922725], [139.47935698550825, -20.659648004641134], [139.47971698535832, -20.659455004819755], [139.47995397530332, -20.65930101463785], [139.4803079959669, -20.659103004697187], [139.48062900534043, -20.658919004805284], [139.480977005495, -20.658756005043855], [139.48122198595445, -20.658601014736213], [139.4814489857351, -20.65843700428805], [139.48167601605854, -20.658262994423854], [139.48203101588578, -20.65797600438414], [139.48223500532055, -20.65781600440053], [139.48249397524393, -20.65764800465674], [139.48273798552285, -20.65749400507866], [139.48295000589619, -20.65738400444392], [139.48325397602542, -20.65717900442405], [139.48350900593792, -20.65699500472422], [139.4837280053227, -20.656844014539132], [139.48392798557634, -20.65668000471642], [139.4840439859273, -20.656583014583912], [139.4841560058432, -20.656434014447143], [139.4842449956502, -20.65627400443442], [139.48430700545597, -20.656134994968717], [139.48433700559318, -20.65592800448095], [139.4843839856859, -20.655551004371013], [139.48441800578405, -20.655213014259893], [139.48447099560605, -20.65485600458018], [139.4845339953552, -20.654592004560904], [139.48462999561468, -20.65433999490662], [139.48472000590786, -20.654153994557653], [139.48485899594357, -20.654010014494848], [139.48501400563572, -20.653892004824414], [139.4853759853727, -20.653635004324673], [139.48560301569614, -20.653497004504974], [139.48584099558457, -20.653365014720304], [139.4862159955033, -20.653175994645142], [139.48643199541337, -20.65303800449574], [139.48700001543892, -20.652617004316156], [139.4875649955655, -20.652176994746025], [139.48773698611149, -20.652054004843404], [139.48796700602816, -20.651935994495016], [139.48829200571817, -20.65178799430848], [139.48862900600207, -20.65167699428419], [139.48898699542258, -20.651587014856247], [139.48934999564577, -20.651523004627393], [139.48964797580862, -20.65150500502923], [139.49071801573743, -20.651583994610352], [139.49120200555458, -20.651609014819936], [139.49178300533765, -20.651669004464832], [139.49256100566254, -20.651830014584316], [139.49295900604574, -20.651873004889506], [139.49321800561358, -20.65184399444145], [139.49347701596108, -20.651785004327817], [139.49366498573931, -20.65168800434701], [139.49389898609112, -20.651399994862043], [139.49400498549795, -20.651183015033244], [139.49423201582138, -20.650523004481865], [139.49453098592772, -20.64987100451617], [139.49626900591528, -20.650302004498627], [139.49660498571302, -20.65038900476621], [139.49623600540502, -20.65434700447345], [139.49681197552076, -20.6569450047399], [139.49698699608425, -20.657730014531516], [139.4975450052842, -20.660242994821694], [139.497699985332, -20.664170014299238], [139.49770400529286, -20.664367994942353], [139.49800301582337, -20.66431900432866], [139.4976199759829, -20.664923994350257], [139.49743700532915, -20.667010004256113], [139.49522098549076, -20.66747300488436], [139.49485598561776, -20.667547994614758], [139.49456200565282, -20.667574004830232], [139.49463300579797, -20.668242005078245], [139.4945629955963, -20.66905001464337], [139.49347799602305, -20.6732540144658], [139.4930820060694, -20.67559699476616], [139.4931769858427, -20.676837994400685], [139.49387398597676, -20.677016004543862], [139.4957580055541, -20.677057994309422], [139.49579497571966, -20.677094994308614], [139.4957939956577, -20.677166004798757], [139.4957849756739, -20.67719201504774], [139.49576698601203, -20.67723600503511], [139.49575698596627, -20.677289004628257], [139.49576599606854, -20.67735200470731], [139.49575698596627, -20.677387004366402], [139.49575698596627, -20.67741301457751], [139.49577497562814, -20.67747600451974], [139.49577497562814, -20.677494004402753], [139.49576599606854, -20.67751999442478], [139.49576599606854, -20.67753799430258], [139.49578399561193, -20.677628004585415], [139.4957930057142, -20.677637015023763], [139.4957580055541, -20.677712014862934], [139.49576501600657, -20.677778005076068], [139.49587699549838, -20.67786900442183], [139.49589400599655, -20.677940004464567], [139.49591199565842, -20.67799400478262], [139.49592199570418, -20.678120004329454], [139.49593200563143, -20.678385004769318], [139.49597598535107, -20.678564004820494], [139.49601200599733, -20.678617014875787], [139.49606799529403, -20.678663004701807], [139.49613300547284, -20.67870801455903], [139.49619801565166, -20.678789004533797], [139.4962529853605, -20.678878014790893], [139.49630798561208, -20.678941004965658], [139.49635401528727, -20.67903100433129], [139.4963709853613, -20.679092994319593], [139.49637000529933, -20.67915501453841], [139.49638799585946, -20.679173015062787], [139.49640701588902, -20.679174014344774], [139.49641701593478, -20.67915600457572], [139.49641799599672, -20.679103004793937], [139.49643697560208, -20.679103004793937], [139.49644599558582, -20.67911199497419], [139.49649198573513, -20.679201005041886], [139.49653800552878, -20.679264014412723], [139.49651800543734, -20.679282014924176], [139.49650800539158, -20.67930800464007], [139.49650698580373, -20.67938799501412], [139.4965430154331, -20.67944200490235], [139.49658100608485, -20.67946000455224], [139.49658998564442, -20.679478005040448], [139.49658900558245, -20.679505015013554], [139.4965789956552, -20.679549004330614], [139.4965789956552, -20.679567004808277], [139.49658797611312, -20.679575994961063], [139.49666200537737, -20.679657004643218], [139.4966709759538, -20.679683994414], [139.49666097590804, -20.67971001431678], [139.49664999580034, -20.679773004986707], [139.49662498580446, -20.679839014474332], [139.49749500595382, -20.679848004611], [139.49883999593655, -20.67987501451829], [139.49881900590165, -20.680803005047075], [139.50202801537029, -20.680912014663583], [139.50247999551894, -20.680928014757814], [139.50298099583438, -20.680672004643224], [139.5033880054216, -20.68099999499075], [139.52218028595658, -20.68249085478824], [139.52085810599556, -20.697207774319608], [139.52046700557196, -20.70205501504478], [139.52348001612037, -20.698540014415013], [139.52920299594592, -20.702877004609082], [139.52287297597385, -20.710260004609914], [139.52070601582804, -20.71284401472437], [139.51923797551603, -20.714009014410834], [139.51876786556826, -20.72080997426957], [139.51875818532275, -20.720919965056208], [139.519043986127, -20.721003024603505], [139.51959586612182, -20.721383014561756], [139.51975390583146, -20.721557974571287], [139.51983490602234, -20.721752014551218], [139.51993896596653, -20.722341964501847], [139.51998287561756, -20.722543025017824], [139.52032991547313, -20.723206064668325], [139.52036637539553, -20.723606144831283], [139.52310599536534, -20.723353004619142], [139.5370504159599, -20.72200489445628], [139.53707571611156, -20.722257714284876], [139.5376081359024, -20.72709098490606], [139.53810479555835, -20.73161094467404], [139.53812687524967, -20.731775044882298], [139.53876011565984, -20.731830044284624], [139.53965505597338, -20.73173103459215], [139.54044980538674, -20.73178686491623], [139.54114188544787, -20.732019034425484], [139.54225210612105, -20.732671974395224], [139.54341203596874, -20.73330199423934], [139.54500289574304, -20.733966994698175], [139.54577687610694, -20.734269024709672], [139.54633309586288, -20.734642984516583], [139.54704911602644, -20.735874014993954], [139.547661846102, -20.736577995002737], [139.5486540254518, -20.737331994807697], [139.55051483525722, -20.737549004330678], [139.55140798612675, -20.73783997465724], [139.55325010558434, -20.73919798476339], [139.55526107597603, -20.740229024315845], [139.55659489540818, -20.74178898463854], [139.55839415534527, -20.742386044301377], [139.55924303544097, -20.743046994276064], [139.56082305524478, -20.743512034301062], [139.56109092567593, -20.743716954594067], [139.56179508538278, -20.743954014387068], [139.56179190534664, -20.74402822450087], [139.56087203588564, -20.769650014924213], [139.51266984539984, -20.766191054918124], [139.50487800594905, -20.76573303446382], [139.5048094959339, -20.766617314490116], [139.50062604614737, -20.766330984850015], [139.4991368154761, -20.766232584870817], [139.4988390059931, -20.766367004657532], [139.49884897549614, -20.766737004515196], [139.49868300545913, -20.768648004496875], [139.4984679856111, -20.770410994295727], [139.4982089752635, -20.772917004629655], [139.4976610056352, -20.77473500483582], [139.49675000613925, -20.77682200498147], [139.49689698579107, -20.777545004371994], [139.49730202537287, -20.778371014347062], [139.4977440054758, -20.779163014578177], [139.49832899557538, -20.77960901423952], [139.4978149957395, -20.779757014755024], [139.49302200579498, -20.77945200499912], [139.49168099534893, -20.779366014440498], [139.49157901590291, -20.778406015018717], [139.49127299581824, -20.775453004185753], [139.49119798559371, -20.774437004908123], [139.49120837550828, -20.771744954591675], [139.49094747600367, -20.77176320448971], [139.48981595537688, -20.771835034884397], [139.48953515549374, -20.771782024694783], [139.48740899592985, -20.77277400501199], [139.4867228357664, -20.77312203456989], [139.48628687527415, -20.773583014321886], [139.48584515568265, -20.77403103449457], [139.4854030758667, -20.774683984568625], [139.48492499606579, -20.77547598481876], [139.48429895565272, -20.776645984269486], [139.4835620352858, -20.77815897425406], [139.48316246554577, -20.778859844652157], [139.482892795789, -20.7788165947249], [139.47281639594203, -20.778196364460584], [139.47338965584058, -20.76880146445571], [139.47302613549286, -20.768901134432923], [139.47208344612866, -20.769068134812617], [139.47152727578003, -20.768589454605202], [139.47346779579553, -20.767520724218123], [139.47402798610506, -20.758329994459263]]]}, "properties": {"sa2_code_2021": "315021406", "sa2_name_2021": "Mount Isa Surrounds", "sa3_name_2021": "Outback - North", "sa4_name_2021": "Queensland - Outback", "mapped_location": "Remote Queensland Community", "geography_type": "Remote/regional Queensland demonstration subset", "fill_color": [121, 85, 72, 90], "line_color": [78, 52, 46, 220]}}, {"type": "Feature", "geometry": {"type": "Polygon", "coordinates": [[[143.24890069532685, -22.84029718486667], [143.24349201535796, -22.890100384780595], [143.23926852586254, -22.895280444753006], [143.20624441594433, -22.919390144983822], [143.1932980155455, -22.929492015083945], [143.1081890653295, -22.99749401495939], [143.09736896553014, -22.99663900453949], [143.00638187577772, -22.989417654791126], [143.00351699562304, -23.02045301471022], [142.99006699608276, -23.06997899461856], [142.9870669958346, -23.101529304796564], [142.97947802561941, -23.13678085499441], [142.98848388607433, -23.14689389455276], [142.99387920540005, -23.152959194792757], [142.99425639541144, -23.15338550448397], [143.0198780056045, -23.18217600500338], [143.0202519859354, -23.18259700439411], [143.06959090548003, -23.23900657498773], [142.9462593756449, -23.33439864423248], [142.92273099547234, -23.309621004808747], [142.9212279954244, -23.311111014519554], [142.91735699586334, -23.314027004344034], [142.91724800596484, -23.31390800439215], [142.91663578613245, -23.314938694149376], [142.91605678599916, -23.31567026491689], [142.91405100607327, -23.31661500420754], [142.91154900576748, -23.317586014594927], [142.90980700624323, -23.318765994647233], [142.90857899577514, -23.321243994553065], [142.9083713861298, -23.32503707486035], [142.9073830057553, -23.327400004468373], [142.90613378606332, -23.329341334283523], [142.90500097545575, -23.331694004472258], [142.90387659553713, -23.333747744149296], [142.90282199585144, -23.335504004862056], [142.90123099594, -23.337296004204624], [142.89922298549715, -23.338425004691093], [142.89959401576064, -23.341536004888603], [142.90046800556524, -23.34447400432687], [142.90268001622255, -23.34624201467271], [142.9047029854114, -23.34772900419565], [142.90571199559645, -23.349003004455206], [142.90633220594327, -23.351514454817366], [142.8515449754544, -23.347318214623517], [142.84404900602388, -23.415001004725806], [142.83545099597933, -23.492571004719235], [142.84946841636892, -23.49384552446572], [142.84720880578135, -23.50868770445949], [142.83772789554283, -23.50371301402925], [142.82829867616255, -23.509646854647166], [142.80870039571357, -23.63707157443642], [142.88674601591975, -23.648591004088672], [142.87788800558414, -23.702117024520348], [142.9500455859213, -23.70788880406736], [142.93408399566124, -23.86716900412222], [142.98765690600692, -23.871750954038383], [142.9887439860783, -23.871827044099206], [143.06901299590155, -23.878548004657656], [143.05932728594803, -23.961002564542582], [143.0563887062108, -23.990063304489148], [143.05159599654067, -24.037791014368345], [143.04636200655523, -24.08359501416476], [143.0443739962039, -24.083433014536357], [143.04314701610338, -24.097899013825174], [143.04299400606104, -24.099719004263328], [143.04005400608742, -24.13436800373711], [143.04202398635266, -24.134509013745866], [143.10381600633931, -24.138230004499732], [143.09667572574386, -24.217644184260006], [143.09483802599743, -24.217872013972155], [143.10019100592717, -24.26823700369707], [143.1577669762656, -24.27178101402014], [143.20414099633354, -24.275111014116508], [143.25458100607472, -24.27957600434981], [143.2803629960888, -24.281762003912693], [143.29004297658747, -24.278643014022855], [143.29142497626157, -24.28011999429015], [143.29753398641918, -24.278152004285324], [143.2979789965396, -24.278047994035653], [143.3001919863606, -24.2767840043842], [143.30214601613957, -24.275853003908665], [143.30312698631138, -24.274333014088967], [143.30390900569878, -24.273421993983064], [143.30517598598226, -24.27264100444021], [143.3062320059044, -24.27174500410927], [143.30692499595895, -24.2709500040916], [143.30691802593068, -24.269523014080328], [143.30716600586484, -24.268410014492936], [143.30708497602959, -24.267069004324924], [143.30733799641087, -24.265779993870392], [143.30717199583117, -24.26489901391447], [143.30772398631876, -24.264012004405135], [143.30939900655707, -24.262178014034024], [143.30999198627273, -24.261494013881897], [143.31040899590573, -24.260888003962467], [143.3105649964397, -24.26047401398853], [143.310270985932, -24.259828013836213], [143.3100270259587, -24.259139994536557], [143.31019298611423, -24.258374003951968], [143.3110120062099, -24.25744700456313], [143.31169901617963, -24.256956994012523], [143.3122639963062, -24.257323004351488], [143.312903005697, -24.257647014477655], [143.31375498587877, -24.25808599390847], [143.3154489857225, -24.258434994558005], [143.31710302580734, -24.2585410044663], [143.3182660260967, -24.25817300419451], [143.31910099578022, -24.2575330144669], [143.3199220263055, -24.256541004325776], [143.32038798603662, -24.255363003781376], [143.32047697584363, -24.253935004197547], [143.32032699581876, -24.252456004543344], [143.3206339959654, -24.250967014196085], [143.32130099596213, -24.250323004353973], [143.3233860261608, -24.250439004388618], [143.32569599630318, -24.2511109937806], [143.32821197619137, -24.251259993927647], [143.33045899599196, -24.25078600380418], [143.33125501652142, -24.24981499391827], [143.33104799617092, -24.248643004389862], [143.33001799595095, -24.247738004576327], [143.32845999654975, -24.24598300377547], [143.32859697615586, -24.24455600382241], [143.32979501613116, -24.243792004246803], [143.3312129762644, -24.243739004214383], [143.33237002611332, -24.243590004267595], [143.33382797654804, -24.242965004315934], [143.33516497601636, -24.242403014572133], [143.33686401630703, -24.241611004284668], [143.33745501613586, -24.241075004569687], [143.33799598609153, -24.240625014105106], [143.33871299619847, -24.23989400453446], [143.3391200057857, -24.23911200383877], [143.3392220265542, -24.23805800434372], [143.33883698616557, -24.23725601456135], [143.33784301647339, -24.236770003882395], [143.33628099621296, -24.23682000387001], [143.3352610059202, -24.23723599415888], [143.33469802634178, -24.23676001453125], [143.3345840058777, -24.23570099387727], [143.33452669605748, -24.234406843958034], [143.33448800651658, -24.234025003910254], [143.3346949963243, -24.2326659937918], [143.3363169863165, -24.23052501400931], [143.33741800644444, -24.229804014148385], [143.3401110164274, -24.228812004049562], [143.3409870157632, -24.22839299455284], [143.34276602587718, -24.2274450043773], [143.34450700581357, -24.227003004512838], [143.34640299634043, -24.22618999397392], [143.34696600646157, -24.225807014341864], [143.34760800634402, -24.224326014084056], [143.34776400597963, -24.22307500433721], [143.34776601640925, -24.222150003919268], [143.34778700644415, -24.22142401419848], [143.34704798581606, -24.21955700379641], [143.3463499957387, -24.21846001433299], [143.34594699623082, -24.21745999444626], [143.34568799576473, -24.216419004240628], [143.34577800605788, -24.215805003945196], [143.34526700569674, -24.215198003842545], [143.3445599965338, -24.214740994109498], [143.34453901638042, -24.213794004249067], [143.3450140257397, -24.213145004477905], [143.34546600588834, -24.212430014039207], [143.3457839960242, -24.211381004407052], [143.34587801639682, -24.20979799395795], [143.34569401627377, -24.208670994141425], [143.34450798587554, -24.207344014507083], [143.3442959960449, -24.206348004025305], [143.34406301617935, -24.205264004498726], [143.34406900614567, -24.204228994187652], [143.34407998625332, -24.202974993920588], [143.34438600633806, -24.20152999400496], [143.34439001641746, -24.20053900424375], [143.34372798590087, -24.19933501433682], [143.34316497577967, -24.198066003979427], [143.34293998642858, -24.196705014036137], [143.34327001578586, -24.196052003973197], [143.34402100646508, -24.19497000391762], [143.34469402607255, -24.19410600445238], [143.34530098626902, -24.19301999405014], [143.3457550064917, -24.19223800383505], [143.3465399759465, -24.191641004021324], [143.3468129964192, -24.190480004399227], [143.3469780160386, -24.18889901409077], [143.34721898641862, -24.18802499425523], [143.34805100603484, -24.187450004054153], [143.3493590159705, -24.187020004044694], [143.3505929759808, -24.18581600450185], [143.35144097572754, -24.184692004193487], [143.35186602618063, -24.184108014262147], [143.35313100591597, -24.18347801455486], [143.35449898648173, -24.182652003870036], [143.35496498573872, -24.182267004486697], [143.35569998640594, -24.180919994519886], [143.35725298578424, -24.178538014570925], [143.35809799593773, -24.177501013917738], [143.3591870064887, -24.17631701435382], [143.36025499646195, -24.17504401416182], [143.36091101635103, -24.173915014026647], [143.36161900647423, -24.172632994528303], [143.36216701652677, -24.171105004306906], [143.36263698633732, -24.169751014308225], [143.36273400618464, -24.168015004097658], [143.36254099595934, -24.16638099419858], [143.36241401639896, -24.165784004543376], [143.36241901642188, -24.16472700454061], [143.3625309959136, -24.163924014003097], [143.36259997574763, -24.163455004261024], [143.3628980062162, -24.162251004528542], [143.36262301573805, -24.16092399441155], [143.36230301607085, -24.160387993846804], [143.36227600642528, -24.158802014572622], [143.36233298566543, -24.15761501464814], [143.362439995677, -24.156385003962697], [143.36229699646017, -24.155500994447625], [143.36182099625913, -24.154520994619098], [143.36211201627523, -24.15358201419741], [143.36180201575547, -24.152671994204653], [143.36141500625973, -24.15191399390786], [143.36201700595913, -24.151004003839105], [143.36206700618786, -24.15008000449272], [143.36179099612187, -24.149678014624836], [143.36205598565599, -24.14878100416205], [143.36186497597882, -24.146201014054974], [143.36234199576774, -24.14462801447135], [143.36219300568627, -24.143942014308628], [143.36228399604138, -24.143284004436513], [143.3630469962976, -24.14257501400971], [143.3641069957565, -24.142447013988185], [143.36506898632288, -24.142337014546143], [143.36563499591875, -24.141823004362774], [143.36579902649305, -24.141122004128242], [143.3660289763411, -24.139785003871257], [143.36637101617373, -24.137878003850396], [143.36626300633728, -24.137435004175863], [143.36570897577568, -24.136673014650132], [143.3650880063524, -24.135756004475294], [143.36497101605795, -24.134807014282355], [143.3653740164641, -24.134112004348594], [143.3665289858148, -24.133149003862105], [143.36721299630983, -24.13268100429417], [143.36788499632945, -24.13183800409924], [143.3686220056296, -24.131218004050762], [143.36966699603664, -24.1315730038645], [143.37038400614358, -24.131678014185763], [143.37096800629968, -24.13138401441826], [143.3712900056167, -24.131017004622315], [143.37152499591184, -24.130340004362278], [143.37189901576858, -24.129842994145147], [143.37259199594166, -24.129925004165404], [143.37313300632155, -24.129476014359927], [143.37339901634178, -24.128536014554765], [143.37314099593766, -24.127494994153025], [143.3725369956901, -24.126798003920833], [143.37240599616885, -24.12633301453842], [143.37301299589117, -24.125225004211728], [143.37390899621678, -24.12407900434172], [143.37416701572263, -24.12342499403335], [143.37424599650072, -24.122304004575813], [143.37427600562108, -24.120949014583466], [143.3746039859212, -24.120362004668337], [143.37538399577738, -24.119919004178293], [143.37547002563545, -24.1198359940421], [143.376242585763, -24.11998451463848], [143.40477499619143, -24.12411800419268], [143.42325118562906, -24.12679107462245], [143.45948499582045, -24.13048899399796], [143.46297297620222, -24.101276004256814], [143.5248959858287, -24.107491004634213], [143.5362597163936, -24.108628994462958], [143.53686097588124, -24.108687003993023], [143.63674790602047, -24.118230654031034], [143.6314479958628, -24.164842004740994], [143.630416976055, -24.16612551462687], [143.63104098627556, -24.168636994230223], [143.6302237062166, -24.175555034623724], [143.63523829616864, -24.176109504257983], [143.64253001565297, -24.176757994314276], [143.64409217605058, -24.1769112741053], [143.67801837597375, -24.179962084360803], [143.67900219560153, -24.1800550344953], [143.74418601604745, -24.186489994301574], [143.74404629568141, -24.18771686408121], [143.73792400572896, -24.240037004704423], [143.73641348588376, -24.252413614614486], [143.73459399588648, -24.27349699445314], [143.73251999610122, -24.28440600436281], [143.73112397642046, -24.2963910043228], [143.72686541579804, -24.295994924010206], [143.72547348614677, -24.308057454523492], [143.7165102956678, -24.30722340401268], [143.7158631861681, -24.312026164243804], [143.71057298590034, -24.35184199460516], [143.70255349628857, -24.35126844407697], [143.69359800616826, -24.44049499428447], [143.7579957162989, -24.436379543874395], [143.7599518957465, -24.436676784476933], [143.75862800629145, -24.444895003826957], [143.7695589959261, -24.445982003999735], [143.7693962759939, -24.4477912540522], [143.7598870059419, -24.524048934553605], [143.7569941962668, -24.54694999387584], [143.75515930645057, -24.544636654503126], [143.75293999608326, -24.543794003762674], [143.74623629581765, -24.537937714309386], [143.72031549632928, -24.508226584183404], [143.71875909592924, -24.509352834513667], [143.64627998609407, -24.562067004050988], [143.64523298615572, -24.56282400443687], [143.62121240646255, -24.580280944306544], [143.61903299656524, -24.581864004133973], [143.53542200595012, -24.642264003759912], [143.60610699600826, -24.732369994152407], [143.59490200583886, -24.740070014068824], [143.5703160058446, -24.737993993920988], [143.52637029638137, -24.769076694055194], [143.5145740063459, -24.77774100394466], [143.5134769962973, -24.79021200418371], [143.47478499663669, -24.818835003942343], [143.47363100644966, -24.81898300391499], [143.47274299663843, -24.820335004074707], [143.4659549858902, -24.825441993601665], [143.46430398660254, -24.826029003838297], [143.46385298651583, -24.8269419936279], [143.43374501641898, -24.849611003577788], [143.43308100601544, -24.85696599386305], [143.4304359966114, -24.859828004230607], [143.429754976608, -24.861941993801633], [143.42841900660906, -24.872112003434143], [143.55779321679788, -25.010268564147133], [143.5591943065701, -25.011812713477557], [143.5611643964298, -25.0087103637057], [143.5636969861676, -25.007210013975417], [143.56417911647213, -25.005243923952854], [143.57262499682335, -25.00061000412151], [143.57895099593625, -24.990732004042755], [143.578546026423, -24.986204003990604], [143.57488730595009, -24.980366904222276], [143.57511002615678, -24.974717003801167], [143.58251510674177, -24.970017073572173], [143.5841418766695, -24.967691823859745], [143.58813639637881, -24.966440674126243], [143.5940639962564, -24.965714014036116], [143.59694027603197, -24.95734350382714], [143.6003886865239, -24.957409863773904], [143.61029098658062, -24.953162004141497], [143.61902098608994, -24.96337300351177], [143.619683026488, -24.967447994053643], [143.6240529862905, -24.969743334025924], [143.62662199642483, -24.972452004190902], [143.6279280067108, -24.975176003637316], [143.634162825924, -24.981362584080536], [143.63582948644031, -24.984082293739803], [143.63877069644462, -24.987438283726235], [143.6641100164496, -25.016378003779845], [143.66423101592508, -25.016530993845493], [143.67042601641498, -25.014301003887102], [143.6750080064723, -25.013093013880844], [143.68280199648987, -25.012750003734283], [143.68753998618274, -25.011987003694394], [143.69115600613696, -25.010838014058894], [143.69506000620834, -25.009277994027315], [143.69625100608675, -25.007781014272066], [143.69799099607965, -25.00573001419243], [143.70023100632602, -25.002668004110358], [143.70190200660352, -25.000340003670402], [143.70452000636192, -24.99772900366453], [143.70806897606332, -24.99498500350692], [143.70990200636686, -24.993362003744362], [143.71404800628753, -24.988692013493303], [143.71672498673252, -24.986195013949573], [143.71757299636073, -24.985281004015835], [143.7187759959347, -24.981801003669208], [143.7196269960545, -24.97709001391357], [143.72062599631232, -24.972212003859607], [143.72131299640054, -24.966873993568388], [143.72262700618413, -24.96273501397556], [143.723548986686, -24.958744003856456], [143.72470498640433, -24.95716501428775], [143.72703101662742, -24.95442701399276], [143.72974898630048, -24.951438003772633], [143.7306609766382, -24.94829200424715], [143.73179802639564, -24.94513500417963], [143.73388199658217, -24.941048993968728], [143.73514701674168, -24.939412003859708], [143.73704300637021, -24.93683900380465], [143.7398950064803, -24.933560013840914], [143.74082699601124, -24.931232013882013], [143.74335998639762, -24.928188003534117], [143.74558900665485, -24.926305993674692], [143.74977099667908, -24.925556004097558], [143.75425698647692, -24.92364401384934], [143.7580759861595, -24.92035101400466], [143.7631670065725, -24.91588400393853], [143.7690049959073, -24.911105003666435], [143.77199299645983, -24.908548014273652], [143.77475100584175, -24.906162013587245], [143.77817697641783, -24.90192199398829], [143.78209400655237, -24.899184994132703], [143.7862079959062, -24.89426399364405], [143.7875860160436, -24.893071003597775], [143.79105500604035, -24.89151500434613], [143.79200798650444, -24.890771014221023], [143.79589501650173, -24.887712994058667], [143.8048540163399, -24.87844000437468], [143.8070379959671, -24.877014003899745], [143.81004701619898, -24.87537801399464], [143.8103000060375, -24.87397900384342], [143.8108300165467, -24.872576003951202], [143.81547402629124, -24.86972100437336], [143.81846599649901, -24.867087993598272], [143.82091299655318, -24.864861003990033], [143.82447999634064, -24.863616004396267], [143.82693600649708, -24.861987013773454], [143.8315159861248, -24.859875013758007], [143.83616601637834, -24.859107004216103], [143.83925402637155, -24.857796004302088], [143.84154301636045, -24.85522899391427], [143.84248201634378, -24.85207100408681], [143.84477800600538, -24.851100003968167], [143.84962097641565, -24.85032901440329], [143.85355198613271, -24.84990601436989], [143.85853000656783, -24.84865600429704], [143.8641319860196, -24.845991003718023], [143.8679649958273, -24.844301003692056], [143.87286497602042, -24.842590993757483], [143.87699900588999, -24.840772004413445], [143.8794729760639, -24.838805013858455], [143.88204202662246, -24.83572899417698], [143.88338800654864, -24.832932003733767], [143.8838700263604, -24.830527004048292], [143.88434897662887, -24.827994994014674], [143.88461100621407, -24.822814994297108], [143.88437200583954, -24.818905003863282], [143.88485000658872, -24.816246993826773], [143.8856839962103, -24.814090014070466], [143.88755297619318, -24.811412004287025], [143.88958099660894, -24.808335013968783], [143.89243299582074, -24.805077014160396], [143.89459499636789, -24.8028760143896], [143.90270000649298, -24.812238014114186], [143.90313300613798, -24.8127319942593], [143.90653940601732, -24.816625024308237], [143.92840202578543, -24.84138200392605], [143.94307798583839, -24.83058499415496], [143.94458339606626, -24.829399984208674], [143.9493920157984, -24.83448799445697], [143.9510695162853, -24.835285224145814], [143.9580021063869, -24.842559083953564], [143.96048698660005, -24.84318701446062], [143.9632790160801, -24.844181004423692], [143.96506897575904, -24.844977993974346], [143.96592800591915, -24.845365994341645], [144.0011029862581, -24.88132999384822], [144.01571499614434, -24.896442004033915], [144.00894500649895, -24.901790003843136], [144.02799600632733, -24.923305004334324], [144.02954199615155, -24.92439600443347], [144.03004098603736, -24.92474800377137], [144.066540985912, -24.96594300365381], [144.0673159966436, -24.967723004227825], [144.0896689959456, -24.992819014046777], [144.12215899634197, -25.029237993763374], [144.15004700658957, -25.06048901416285], [144.18213601611114, -25.036713993669835], [144.22999466657777, -25.090698863708635], [144.25334261653228, -25.116860694071015], [144.20281698656464, -25.153600013796304], [144.2002900166873, -25.15545500411147], [144.2003180162764, -25.159627994381403], [144.1977890763936, -25.161335453649816], [144.19601900631335, -25.16540700415357], [144.2065060063138, -25.185137993859286], [144.20639241614276, -25.186660884327388], [144.21020681645103, -25.193642314160698], [144.23184419623817, -25.230796184250423], [144.22616201609617, -25.249271003981953], [144.22498398609386, -25.25548101353415], [144.2253320158928, -25.255098004056517], [144.25347201615395, -25.20951000371441], [144.3811709860172, -25.113567733869072], [144.3987449363296, -25.132398584256553], [144.46172900632519, -25.032329994086304], [144.4818269962105, -25.078179024009415], [144.62754602604443, -24.967546014327347], [144.63420198624254, -24.88042300405121], [144.65177600572525, -24.662523004739402], [144.6581820061023, -24.65997400446376], [144.66611298560744, -24.65682600459711], [144.68228098626184, -24.650430004543374], [144.68531198557386, -24.648957014134528], [144.68725699626748, -24.635883004086885], [144.65561098553837, -24.632837004159164], [144.65687599581642, -24.622954004489465], [144.65685099570206, -24.6216150143201], [144.6592699961671, -24.601921004261214], [144.659442026239, -24.60041101462609], [144.66036298625477, -24.59268201486888], [144.66192300596708, -24.57724000483718], [144.66261299564857, -24.5712690048132], [144.66324400554177, -24.570871014899023], [144.67203200567573, -24.49371400479379], [144.67144001590353, -24.493659004381982], [144.67447801578643, -24.466246994801445], [144.6792999961618, -24.419708004457814], [144.68123201541977, -24.40102300464742], [144.6852719755094, -24.362000994911632], [144.68817901539694, -24.333894004733622], [144.6914260253987, -24.305949014390357], [144.69159698557712, -24.30422901469403], [144.69257898611644, -24.294464004884805], [144.69167998541775, -24.29439700465508], [144.69565900559513, -24.25324401433469], [144.6957129853606, -24.252692004865665], [144.69580000606047, -24.251784005058045], [144.69710202602985, -24.23829601447875], [144.69891699570465, -24.223804994720524], [144.7003469860762, -24.21149400443354], [144.70058398590268, -24.209863004428847], [144.73177399562383, -24.212957005023668], [144.7800849954467, -24.217514994580693], [144.78049697541243, -24.219353004899613], [144.7892099958646, -24.22009600488357], [144.7893939959876, -24.21828900503638], [144.7946140054923, -24.172366004609298], [144.7984209955978, -24.17040800519767], [144.7937130060421, -24.162094014770556], [144.796366995904, -24.139227014703053], [144.80244602568737, -24.08346801474677], [144.80374896553167, -24.07701800521118], [144.80345970531522, -24.067227975086826], [144.80586797540425, -24.065799014743266], [144.80754602566003, -24.064556995021217], [144.80964098583578, -24.06306600476829], [144.8115940256714, -24.061827005024337], [144.81341099589434, -24.060459004937492], [144.81536301524375, -24.05922000462932], [144.8174540255272, -24.057983004509804], [144.81940498576301, -24.056871004537314], [144.8212219955118, -24.055503004939347], [144.82307999538693, -24.05322201453751], [144.82351101604343, -24.052630015262206], [144.8237630159385, -24.052305004879898], [144.8239559956211, -24.05216601505243], [144.82430201588875, -24.051791995053364], [144.8250150060348, -24.050790994987512], [144.8250460257599, -24.050517015111172], [144.8252460060135, -24.05002400523135], [144.82530499568327, -24.04950900517888], [144.82552698555966, -24.048785005095347], [144.82570897525304, -24.048334014760197], [144.82616496548115, -24.047894014659313], [144.8264809856116, -24.04755300452023], [144.8268020057649, -24.047322004890866], [144.82716999523115, -24.046804004633827], [144.82797299567036, -24.044970015063615], [144.82815400530177, -24.044555004956997], [144.8281980254457, -24.04417201501217], [144.82838497563608, -24.04371101469346], [144.82998097557046, -24.040837004746603], [144.83159098562996, -24.03943801515613], [144.83164099574017, -24.039002004549776], [144.83258400580294, -24.038862015017887], [144.8331309953693, -24.03821000479988], [144.83345099593478, -24.037760005302356], [144.83414200520414, -24.037367014767035], [144.83515802584162, -24.03721701521924], [144.83614498597964, -24.036630004956805], [144.83635299537528, -24.036337004608676], [144.83657498525167, -24.03565300472034], [144.83756899536806, -24.0342040147885], [144.83816098603862, -24.033776015207913], [144.84106700544004, -24.031766005177605], [144.8419639957091, -24.031145995183362], [144.84234202564525, -24.031186015238763], [144.84321101542693, -24.031000015160956], [144.84413800583326, -24.030449005251747], [144.84473000548692, -24.03025400531535], [144.845314985705, -24.02964200476726], [144.84651401562374, -24.029373014966083], [144.8469300056689, -24.02892399533311], [144.8468940155654, -24.028072994813936], [144.84797200558444, -24.027380005271684], [144.84817001583255, -24.026988015151645], [144.84891801602024, -24.026391995197123], [144.849653995851, -24.02586101494899], [144.85007101536544, -24.025781994656967], [144.85057500527412, -24.025548004579157], [144.85148699561188, -24.024668994643637], [144.85157002599524, -24.024615994793333], [144.85205500575591, -24.024457004957235], [144.85258699525366, -24.024395014842916], [144.85278701593145, -24.024416014621075], [144.85324099572998, -24.024596994593978], [144.85403001568838, -24.024539005282243], [144.85533500548814, -24.024169995202765], [144.85593400571287, -24.024234004669314], [144.85952096606596, -24.021819994633287], [144.86039999541927, -24.021532014886684], [144.86240801574348, -24.02043701477966], [144.8669809858171, -24.01655401471315], [144.86775299527733, -24.016158994937456], [144.87008498582222, -24.016024004747674], [144.87510398560406, -24.015138005027545], [144.87737399598763, -24.014856005304793], [144.8785039957667, -24.01428900485483], [144.87973299527994, -24.012670015273844], [144.87980099595035, -24.01207299512669], [144.87968999562227, -24.011805004951967], [144.87997297571653, -24.00934001533131], [144.8801420054153, -24.00900501466366], [144.88338897589122, -24.006889005124634], [144.8831789955919, -24.006870004767688], [144.88087810562038, -24.006655804557465], [144.86491698517924, -24.005414014676102], [144.86269500591726, -24.005019004999852], [144.83475809587716, -24.00236327454277], [144.80398497541466, -23.99945901478405], [144.80215100547335, -23.999304005214917], [144.79524490579107, -23.998640484843015], [144.79950212522877, -23.96647266488052], [144.80401841520117, -23.938361304855295], [144.80409999570364, -23.937822004790018], [144.7876649852041, -23.936622064836104], [144.7910092252589, -23.915384445004182], [144.80081181591243, -23.853070515375155], [144.8017049658836, -23.851113005101766], [144.8030136055384, -23.843184625135617], [144.8047858953557, -23.831031364677347], [144.80669619514674, -23.819903744798534], [144.8080967055056, -23.811880035175495], [144.8104434751336, -23.79838208501168], [144.8142860052867, -23.776768005278246], [144.81606100532122, -23.763668005455706], [144.8184089750985, -23.747015005334276], [144.82530499568327, -23.69897000473788], [144.8255779056632, -23.697021975184786], [144.7755254956109, -23.691322185256205], [144.78442521562343, -23.620049304836698], [144.78453547573972, -23.619097935026055], [144.79001752560944, -23.567799405571886], [144.79362109581217, -23.533423605186247], [144.79516157537037, -23.51920239555832], [144.86528300553837, -23.52391099532679], [144.86940177572615, -23.524181175140697], [144.87277101499714, -23.49995000530932], [144.8733569851586, -23.500019005094625], [144.8736089850537, -23.497148015238363], [144.87733698539793, -23.471481994924737], [144.88091500571733, -23.448608005251334], [144.86157800565866, -23.446525005090024], [144.8630350056758, -23.4380840050468], [144.86722998533907, -23.399725015210088], [144.87076099502303, -23.363478005707375], [144.87546800541506, -23.364024005538838], [144.87705002576695, -23.363687015683475], [144.8783409955601, -23.352862995455745], [144.88418471524804, -23.34627187537236], [144.90939099565776, -23.34884000566934], [144.90945997549173, -23.34829900569392], [144.91698897507692, -23.28981701516419], [144.91624799522322, -23.289780015237437], [144.92187099525262, -23.244153615084493], [144.92539598532582, -23.219101005553973], [144.9254696049583, -23.218561805403812], [144.89279802539858, -23.21477200574185], [144.89378268495116, -23.20608475572056], [144.89719699539478, -23.175939005210378], [144.90084499537312, -23.14370800561872], [144.9045975951831, -23.114741435432954], [144.85235901541094, -23.108870015525568], [144.85729910538154, -23.066181535590374], [144.86440018529458, -23.006886915774142], [144.8163119748487, -23.00251800552039], [144.81478817520866, -23.002339885425883], [144.80289800493773, -23.001265005336915], [144.79328398503546, -23.000427005829795], [144.7184333956138, -22.99360627570916], [144.66203290496057, -22.988439715641984], [144.64258398559733, -22.98640300544995], [144.5696450856604, -22.97871546509446], [144.55299199565079, -22.976956005152037], [144.52921929528054, -22.974333125757102], [144.4812306954232, -22.96850749537841], [144.48090201533546, -22.968469995650427], [144.47877100486903, -22.96498899565235], [144.4749510251245, -22.96238501565647], [144.47356398500338, -22.960043005628222], [144.4730630251121, -22.95755399548595], [144.47367501497584, -22.95519800521511], [144.47127700544405, -22.953826005610317], [144.47035899549562, -22.95101500504378], [144.47161002529288, -22.945402015185238], [144.47049499503973, -22.94204700532047], [144.47101500550318, -22.939360005196797], [144.4703000049275, -22.937164005154347], [144.47236401544677, -22.934704995756913], [144.47355697544916, -22.9320799956616], [144.47319500559365, -22.930103015415384], [144.47287402496625, -22.928716015753896], [144.47273700493596, -22.925324995244903], [144.47303002550012, -22.922085005125258], [144.47601101560022, -22.920205015643578], [144.47589801562228, -22.917795995572195], [144.4778950055332, -22.91430601532678], [144.47766399567308, -22.910808015775743], [144.48089599482645, -22.90789600537968], [144.48283297547974, -22.903890015835206], [144.48519799528106, -22.898735005198933], [144.48651297524506, -22.895529015487575], [144.48905600520317, -22.89422000539723], [144.49119698517256, -22.892548015177454], [144.49368201540435, -22.89313799576264], [144.4964969752803, -22.89131500583939], [144.4982469949634, -22.88753701555395], [144.49985599531658, -22.884237995193637], [144.50198000521203, -22.88111900528519], [144.50469001491336, -22.880096015069658], [144.50651399558876, -22.877795005236337], [144.5076430153058, -22.87460900568525], [144.50829099527311, -22.87166201581757], [144.50995400503606, -22.870212995897344], [144.5117380151729, -22.868179995741002], [144.5104200051914, -22.866467005714096], [144.51175298559707, -22.864477005615253], [144.51155800536634, -22.861830005435518], [144.51148299514185, -22.859168995113432], [144.51063900547453, -22.857496005421662], [144.51241199507942, -22.855372005138655], [144.5129009849195, -22.85327201511247], [144.5121449951157, -22.850187005586267], [144.51043299483044, -22.84620099519163], [144.5127739954777, -22.84160600515556], [144.51451001491702, -22.838821995504773], [144.5169670051355, -22.835323995859593], [144.5201759849597, -22.83075000582275], [144.5195450056092, -22.827597015365573], [144.52067697539368, -22.82478101517831], [144.52343101512037, -22.821933015357004], [144.52602499482637, -22.81909700513046], [144.52977201520017, -22.8181470054149], [144.53275402488805, -22.812884995790576], [144.53566898522146, -22.811476995758735], [144.53893300482318, -22.809544005882202], [144.5412649854867, -22.80743101575069], [144.54502098542, -22.80391601522896], [144.5462409954922, -22.80180299579159], [144.54826298551745, -22.799374005841596], [144.55041002552187, -22.796818005906985], [144.55115002531352, -22.793446015640704], [144.55261499518392, -22.791001015511128], [144.5553489854118, -22.790238995647993], [144.55824000474462, -22.79119999517041], [144.56104798560918, -22.78980800519407], [144.5645000154133, -22.788581005336887], [144.56397802506297, -22.78688999593683], [144.56620098528532, -22.78512400558831], [144.5673980047744, -22.784100015208036], [144.57118301490152, -22.78237500521786], [144.56992898562956, -22.780507995393037], [144.57174898497155, -22.77810901567381], [144.571240975102, -22.774946015759202], [144.57233298512764, -22.773393005347735], [144.57277696488043, -22.771344005890914], [144.57158699536961, -22.769211015642394], [144.57168299473076, -22.767085005480308], [144.57170500525186, -22.764208995877553], [144.57311200504037, -22.761571015600442], [144.5737669954601, -22.761147005473102], [144.57582599517673, -22.76199501529934], [144.5782510152525, -22.759900995319786], [144.58023899506114, -22.757321005614113], [144.58172801552664, -22.75462599535712], [144.58322400512208, -22.75210200542689], [144.5826650050804, -22.74882800589118], [144.58303000495337, -22.746277005775717], [144.5853369855025, -22.74335200570694], [144.58676001482885, -22.74173399573112], [144.58538100474806, -22.740224005425816], [144.5846049753269, -22.737015995196337], [144.58299299526195, -22.733522015944967], [144.5827270148861, -22.728163005943642], [144.58276497499503, -22.72018800531138], [144.5830740250972, -22.718944015636303], [144.58370999548745, -22.715135015670185], [144.5850690054768, -22.70970100584889], [144.5866220048552, -22.70583500547066], [144.58858201471907, -22.703595005332293], [144.588916974929, -22.70284000522781], [144.59062601526543, -22.700457996017416], [144.59204601547268, -22.697659005621905], [144.59260001549157, -22.69479600583551], [144.59182701518955, -22.692867005826308], [144.58978600513478, -22.690334005316206], [144.58939399471788, -22.689385435318396], [144.5889200049464, -22.68934199571721], [144.57062098484238, -22.68785159540429], [144.57001599554962, -22.687783005262865], [144.55034202485146, -22.68628100533434], [144.5483790155128, -22.68609900532741], [144.55595401512875, -22.664069995490635], [144.53060600482175, -22.661859005305903], [144.50017200556553, -22.659198005864994], [144.50021500522323, -22.65865401533755], [144.5020436149173, -22.628978325704573], [144.50337868480435, -22.607301985920433], [144.4756079855497, -22.605689016009354], [144.47376601521248, -22.624486695588285], [144.45248698507027, -22.62226900584802], [144.393383374794, -22.61609502588962], [144.39034460505485, -22.61578618540337], [144.34805139506574, -22.611720065274472], [144.34816097515733, -22.61049499590566], [144.2935499950255, -22.605229005258547], [144.2925759248135, -22.60513454520178], [144.29157899517242, -22.605038015967992], [144.24315499537155, -22.600300995201078], [144.2402832853258, -22.63181313519437], [144.17207350511669, -22.624808705539834], [144.16828798564478, -22.623894015206787], [144.17615450563835, -22.59470030583218], [144.08307300547912, -22.586812995528113], [144.07425299567672, -22.592046005385182], [144.05844050509256, -22.59033724524377], [144.0117778850699, -22.585281865219073], [144.00237500519202, -22.583851005272386], [143.98677801505465, -22.582149005425116], [143.9716450056598, -22.58039601556904], [143.95856070488176, -22.57887923577686], [143.940700195587, -22.592459805719216], [143.94047571558065, -22.58792329509418], [143.90503399489108, -22.547255005036988], [143.88764601560547, -22.496577015849443], [143.88595092520706, -22.497610385608773], [143.8290954953547, -22.53224878501646], [143.7760980053558, -22.56395700515542], [143.75465060487824, -22.55631452548986], [143.72877498525878, -22.55111501570725], [143.72685198508623, -22.550728005276095], [143.69067369527102, -22.54345921519419], [143.6766699957491, -22.54068200498983], [143.6309919957532, -22.531612055699703], [143.6302856854796, -22.537939315308986], [143.61408968523605, -22.538701015199006], [143.61714897519124, -22.542257005530175], [143.6316669952476, -22.557594005073582], [143.61119998552843, -22.572696995336795], [143.57420299541775, -22.60006600542708], [143.51968896506463, -22.641865005362884], [143.51900401583015, -22.642385005050613], [143.49819499502445, -22.65835901502241], [143.49234098513497, -22.6600660055837], [143.47971698560005, -22.671788015479656], [143.47088898528315, -22.67161599527548], [143.41851801539767, -22.67063599538565], [143.41053699523962, -22.67050200488971], [143.40012701499504, -22.670337004764697], [143.397386995275, -22.72861901536958], [143.32551298522532, -22.724568015225792], [143.30055001530698, -22.72315300474961], [143.29948498528253, -22.723486004686972], [143.2924359950795, -22.730991005449777], [143.2988430159428, -22.75477701492888], [143.2966549956935, -22.757788994723747], [143.26500500542767, -22.794064004805648], [143.262530195329, -22.791241515000582], [143.25359849529232, -22.79926189471424], [143.2526439858956, -22.808224014636792], [143.25038999516843, -22.81080700484559], [143.25235581533562, -22.811010664751123], [143.25007401546222, -22.831547005270284], [143.24890069532685, -22.84029718486667]]]}, "properties": {"sa2_code_2021": "315031412", "sa2_name_2021": "Longreach", "sa3_name_2021": "Outback - South", "sa4_name_2021": "Queensland - Outback", "mapped_location": "Remote Queensland Community", "geography_type": "Remote/regional Queensland demonstration subset", "fill_color": [121, 85, 72, 90], "line_color": [78, 52, 46, 220]}}, {"type": "Feature", "geometry": {"type": "Polygon", "coordinates": [[[146.8177519932346, -19.263533018530964], [146.81635199311881, -19.263957018464335], [146.8162039929808, -19.264055008544727], [146.814715003058, -19.265037008348592], [146.81422799310485, -19.265480008287216], [146.81320201284578, -19.266450998392493], [146.81212398330084, -19.267726998555066], [146.81168499368954, -19.268056008699347], [146.81133700341647, -19.268316008374672], [146.8101979836536, -19.268964008314487], [146.80905798293054, -19.269592008434003], [146.8083309736761, -19.269838998400648], [146.8077479931079, -19.270233008301048], [146.80663299339747, -19.27194901898857], [146.80646100285145, -19.27244699896766], [146.80654598347732, -19.272590008788278], [146.80662701331258, -19.27273700819239], [146.80612101297433, -19.27300099862294], [146.80574400352427, -19.273400009023188], [146.80558500351563, -19.273885009016507], [146.80562198356262, -19.27445900895626], [146.80587500304554, -19.27488400835315], [146.80589701356664, -19.274946018873298], [146.8061820031922, -19.275166998944318], [146.80712998363342, -19.27543200894512], [146.80765901318236, -19.275839008802027], [146.80863400326928, -19.27693500854787], [146.80914397326276, -19.277889018512006], [146.80950598354246, -19.278437008204264], [146.8099289831418, -19.278742008597558], [146.8101069932985, -19.278771998569248], [146.81023799281976, -19.278821008690233], [146.81086298310228, -19.279127018263768], [146.81129901366307, -19.279585998482673], [146.81130098366853, -19.27959400893907], [146.8114339828396, -19.279516018264122], [146.81149698348707, -19.27945599873458], [146.81151301302503, -19.279474998462884], [146.8116179829626, -19.27963100864448], [146.8117039732948, -19.279805008476345], [146.8117639834508, -19.280002008345473], [146.81181300361754, -19.27995799884848], [146.81207799315158, -19.280221018630854], [146.81227899299307, -19.28028899827444], [146.8119819928921, -19.280559008720807], [146.81207098359744, -19.28073100899434], [146.81214197296273, -19.280918998497473], [146.81215000300307, -19.280988008933374], [146.81222600317108, -19.281146018785105], [146.81227399297018, -19.281301009013948], [146.8123090030118, -19.28144800823313], [146.8123090030118, -19.281598008978925], [146.8123859832417, -19.28190501900278], [146.81241499343548, -19.281941018483334], [146.81247898312816, -19.281984008242706], [146.8125530034092, -19.28202300850874], [146.81267100341, -19.282047998521044], [146.81277401322362, -19.282042008787176], [146.81291198367148, -19.28199000900171], [146.813039003656, -19.281934008692517], [146.81324697352576, -19.281877008660945], [146.81332800336102, -19.281879008915283], [146.81353299351895, -19.28194500881533], [146.81371600369854, -19.282029998793508], [146.81383798323603, -19.28217100847714], [146.81396300357073, -19.282307998886946], [146.81409399321058, -19.28244101836458], [146.8140969935836, -19.282442018912274], [146.81410699362937, -19.282442018912274], [146.81413100290192, -19.282435998667626], [146.81415499330993, -19.282428008700347], [146.81417798299464, -19.282415998734987], [146.8142120030928, -19.282394008726968], [146.81422200313855, -19.282390008230863], [146.8142309835964, -19.28239200847893], [146.81424200323, -19.282408008766744], [146.8142620033215, -19.282425008752867], [146.81427598290392, -19.282444008984662], [146.81429098297252, -19.282475018328224], [146.81430000295632, -19.282496018801027], [146.81430599292264, -19.282526008933296], [146.81432398348284, -19.28260501822382], [146.8143269730761, -19.282628008750056], [146.81433398352857, -19.282650008901754], [146.81433697312187, -19.282670008805805], [146.81434698304906, -19.28269801901201], [146.81435398362004, -19.282740008874743], [146.814358003581, -19.28277501864907], [146.8143689836887, -19.282812018483813], [146.81437501318086, -19.28285900849931], [146.81438198320916, -19.282902018367775], [146.81438501322657, -19.282926008549115], [146.81439099331146, -19.282958018345962], [146.81440100323863, -19.28297901875682], [146.81441698336928, -19.283002008382653], [146.81447699352518, -19.283044998711457], [146.81439497284813, -19.283195998537632], [146.81429599287688, -19.283966008743768], [146.81601999285778, -19.284661018530464], [146.81760599364472, -19.28488800819355], [146.81779798338385, -19.284987008334436], [146.81869898283404, -19.285509018185024], [146.81994100342735, -19.286939008607362], [146.82013799318938, -19.28717501843543], [146.8219210529086, -19.289491718504674], [146.82233701330932, -19.289997009010087], [146.82400900353025, -19.290561018724333], [146.8252639832198, -19.290315998259153], [146.82629200355288, -19.289431018387713], [146.82685301312586, -19.28816999825497], [146.82678300292423, -19.286642009002165], [146.82569399327159, -19.284227008297247], [146.82604800315542, -19.282648008656803], [146.8272379735645, -19.280995018764713], [146.82769597332393, -19.280380998969576], [146.82857500357548, -19.27925601855372], [146.83020298353398, -19.277494008636744], [146.83044997352474, -19.27717000847025], [146.83165601299763, -19.27558800856182], [146.83203298292173, -19.274568008639335], [146.83210298324195, -19.274327009032923], [146.83383498361877, -19.272198008319272], [146.83557600308103, -19.269349008733936], [146.83541598348452, -19.26875600858157], [146.84386799304096, -19.259006008515616], [146.84677423342788, -19.25549642882569], [146.8407361533468, -19.247550608710846], [146.84076108339258, -19.24751798899858], [146.84076217304897, -19.247442028687278], [146.84071104363798, -19.247393988744232], [146.8406130033045, -19.247355008226464], [146.83979897335018, -19.244896008517316], [146.83880800313275, -19.242957998638317], [146.83831098325234, -19.243187008610455], [146.838209002908, -19.24325601881527], [146.83817498280993, -19.243530998342504], [146.8381519832437, -19.24565899901554], [146.83735898285025, -19.2450920088505], [146.8373029234849, -19.24506603872014], [146.8372629529463, -19.244961018290233], [146.83723200328987, -19.244922038890813], [146.83718196353527, -19.244798008687024], [146.83710202335644, -19.244664018949813], [146.8370919532421, -19.24460605861185], [146.8368111632405, -19.244226968321517], [146.8359630134751, -19.243170988380168], [146.83595293347932, -19.243142018975743], [146.83580784298454, -19.242964998221975], [146.83580784298454, -19.24291701888156], [146.8357268535734, -19.242858968873367], [146.83562713339035, -19.242858968873367], [146.83557600308103, -19.24289703872327], [146.83556592308526, -19.24297398835683], [146.83562100328686, -19.243026008999294], [146.835776893328, -19.243247049050833], [146.8355050029359, -19.243352018841907], [146.83543000349115, -19.24340301822363], [146.83577598333466, -19.244199018543217], [146.8361809833906, -19.244746008960995], [146.83706698367044, -19.24552600905807], [146.83697891284, -19.24571701834948], [146.83695803329786, -19.245735998240868], [146.83689792342895, -19.24574500857861], [146.83685182368518, -19.245769018615924], [146.83681692323808, -19.24580196859112], [146.83674600304303, -19.24604200850708], [146.8367161133986, -19.24607998856712], [146.83651200358966, -19.24664499838148], [146.83648211304688, -19.24668297830195], [146.83636513353227, -19.246994018610145], [146.8359691031544, -19.248084998768956], [146.83580208298687, -19.24857702888989], [146.83577182323657, -19.248606018537348], [146.83532002364925, -19.249836038402144], [146.8353038234314, -19.249907048999663], [146.83533407330026, -19.24995501866358], [146.8353038234314, -19.250040968304802], [146.83527396343135, -19.250040968304802], [146.83524410343128, -19.25007004843914], [146.83519297312196, -19.25021402848532], [146.835258123438, -19.250260018621496], [146.8345071731829, -19.252247058706097], [146.83446399296383, -19.25235399876039], [146.83433700352202, -19.2523120087454], [146.83406898307214, -19.253038998797578], [146.8335470035016, -19.252877018301394], [146.8335870036846, -19.25278601901021], [146.8336079928212, -19.252792008965177], [146.83367500354817, -19.252609008660112], [146.83366599344586, -19.252606009014873], [146.83369698352652, -19.25253400903222], [146.83370001354393, -19.25251500872526], [146.8336909935602, -19.25249600841615], [146.83367398306197, -19.252488018685415], [146.83414301323475, -19.25120400852212], [146.83396700362619, -19.251146008938097], [146.83413300330756, -19.250693018836404], [146.83411100356625, -19.25065901821651], [146.83398098320862, -19.250613008686138], [146.8339190129288, -19.250613008686138], [146.83357901317018, -19.251483008208627], [146.83354298354072, -19.25152299865913], [146.83324200300476, -19.252353009054023], [146.8331840032785, -19.25265301871585], [146.8327540031081, -19.252637018915475], [146.83351400299136, -19.2505730086849], [146.83241798288626, -19.250208998472402], [146.8322119731404, -19.250693018836404], [146.83154099360695, -19.252470018255703], [146.83097097303335, -19.252278008460998], [146.83218701345027, -19.248977008734883], [146.83122600294584, -19.24865801873643], [146.8302098430695, -19.250328978358997], [146.82971698328717, -19.250109008805847], [146.82855197346657, -19.251848008696186], [146.82755198326532, -19.253376018773544], [146.82695499347025, -19.25449200837716], [146.82665799336928, -19.255105008264625], [146.82658400363096, -19.255256008392994], [146.82614797307014, -19.256174008804496], [146.82569698286486, -19.25709099828713], [146.8254979835715, -19.25736600890296], [146.82500600323988, -19.25817400834583], [146.82422599338378, -19.25802101883898], [146.82368200329205, -19.258229008446577], [146.8226989831649, -19.258006008386463], [146.82181798290785, -19.25788300827678], [146.8216939929408, -19.25789900841348], [146.8211049936601, -19.25798301864605], [146.82049799303954, -19.258098008870117], [146.81966200286976, -19.258486008904143], [146.81937799330615, -19.258806008468785], [146.81893320327305, -19.25933417879204], [146.818673983618, -19.25961001842135], [146.81852199316353, -19.259898008281617], [146.81817199335913, -19.260474008533723], [146.81817199335913, -19.261195008376987], [146.81842899327714, -19.26180100902287], [146.8186259830391, -19.262421018504764], [146.81851798308406, -19.263213998327764], [146.81813297323814, -19.263433009002657], [146.8177519932346, -19.263533018530964]]]}, "properties": {"sa2_code_2021": "318021488", "sa2_name_2021": "South Townsville - Railway Estate", "sa3_name_2021": "Townsville", "sa4_name_2021": "Townsville", "mapped_location": "Townsville", "geography_type": "Townsville urban SA2 demonstration subset", "fill_color": [46, 125, 50, 90], "line_color": [27, 94, 32, 220]}}, {"type": "Feature", "geometry": {"type": "MultiPolygon", "coordinates": [[[[146.84383500331043, -19.359425008512673], [146.84448298327771, -19.360331008314837], [146.8445609830955, -19.3605969989903], [146.8445889835829, -19.361116998587267], [146.84446298318622, -19.36164300876833], [146.84426197346332, -19.361991018406062], [146.84330297338846, -19.36334800871365], [146.8429339930805, -19.363860018635467], [146.84289100330423, -19.363994008231018], [146.8428830029083, -19.364193018595884], [146.8429590030763, -19.364685008878688], [146.84304200291695, -19.364998008852115], [146.8432239935087, -19.365823008591214], [146.84449999287764, -19.36726900853304], [146.84526299313384, -19.368306008356203], [146.8451010035319, -19.368675008422866], [146.84463099329716, -19.369584008557702], [146.84434698373357, -19.369920998567896], [146.84392898325882, -19.37002200823069], [146.84336400313228, -19.370004008871007], [146.8424359931381, -19.370047008515108], [146.84203299363028, -19.369992008731817], [146.84178899323283, -19.370027008287884], [146.8417000034258, -19.36994601835958], [146.84127000325552, -19.36878300882174], [146.8412359831574, -19.36869800887476], [146.8401179830739, -19.36906800891869], [146.8399888834895, -19.369122038658375], [146.83993001329563, -19.36913400835266], [146.83896999363296, -19.369119008945887], [146.83877898305747, -19.36911700891191], [146.83723999290598, -19.369107998588927], [146.83721700322124, -19.36951801862812], [146.83714298294015, -19.37005701879742], [146.83708699364345, -19.37031301893109], [146.83713199295093, -19.370318008809782], [146.83586000366145, -19.374181018895328], [146.83473299347568, -19.376440018909744], [146.83448997314022, -19.376415998392538], [146.83306801370725, -19.379346008421372], [146.83230198343358, -19.379183008173978], [146.82608300331552, -19.37857400887895], [146.8207060033334, -19.378050018521137], [146.82062198300656, -19.37802499827898], [146.8205980033784, -19.378129008735048], [146.81963601371027, -19.378035008918573], [146.81934598363765, -19.380700008611324], [146.81932700313405, -19.38088101821187], [146.8186529935831, -19.38081200844719], [146.81835698342562, -19.383380008554187], [146.8072729837486, -19.382254008670365], [146.8036909829942, -19.4139220184784], [146.81562499374587, -19.415130008768386], [146.81513800355563, -19.419418008579612], [146.81527499304323, -19.419575998794343], [146.8151069829322, -19.41968799813509], [146.81178398354223, -19.41935701875623], [146.81110099353344, -19.42543700841268], [146.81100598321743, -19.425428018151287], [146.810912003269, -19.42541800873318], [146.79227699348573, -19.423824008446363], [146.7921860031306, -19.423818018832822], [146.7925319829741, -19.4200710088981], [146.79000600304016, -19.41985601818167], [146.7886229828799, -19.419747018921836], [146.7886349933552, -19.419607008347377], [146.78883501313467, -19.417387008635128], [146.78968298323704, -19.40802100836621], [146.78014199367234, -19.407237998937703], [146.77962201375166, -19.412970998614277], [146.7794579831774, -19.412894998289712], [146.77897501294805, -19.412130008729363], [146.77556299320835, -19.410810018728057], [146.7743089935807, -19.41083001818154], [146.77296298311185, -19.411272018607956], [146.77196799293344, -19.411935998109207], [146.7712439831538, -19.412929008360972], [146.7708959928807, -19.413624018901572], [146.77043499364657, -19.41494200861378], [146.77054300348314, -19.415864018854286], [146.77088898332659, -19.416518008607493], [146.77255798305586, -19.418410998760297], [146.7726220032912, -19.41855899875207], [146.77281698352192, -19.419006018230647], [146.7728999833626, -19.419905008816734], [146.7720760036683, -19.42042200881805], [146.77052299351018, -19.4200710088981], [146.76886400370807, -19.418361018126994], [146.7687289833276, -19.418233008872765], [146.76682897373811, -19.41641601875001], [146.7631320030004, -19.415186008285737], [146.76221899307492, -19.414701008633873], [146.76172398362414, -19.41431400828777], [146.75753998317026, -19.409117008839026], [146.75658897360987, -19.408270008834478], [146.7550720029626, -19.40771899885476], [146.75232399362645, -19.407387018202595], [146.75206297374763, -19.409793018917185], [146.7520169835983, -19.41010000815273], [146.7529259834444, -19.41527001811592], [146.75010800343244, -19.415024998501497], [146.74971500307203, -19.41914400872323], [146.7494769935392, -19.421597018492996], [146.74913399340753, -19.4212940082417], [146.74886798338727, -19.421123008380533], [146.74824799312768, -19.420908998421805], [146.747210993235, -19.420458008245593], [146.7467929936586, -19.420144008451494], [146.74590999375172, -19.41975200813227], [146.74519400323263, -19.419328008572602], [146.74481798372605, -19.419053008854252], [146.74450999363594, -19.41888300888807], [146.7440239933892, -19.418398018572557], [146.74338400303807, -19.417603018433834], [146.74304700365246, -19.417305018827058], [146.74242197294572, -19.416167008728852], [146.74193999355813, -19.41556401829052], [146.74169197319978, -19.415411008436404], [146.74141399312833, -19.415077008435862], [146.74118097373693, -19.414665008778456], [146.74110900341134, -19.414436018807635], [146.74082798344102, -19.414077008881968], [146.740170003428, -19.41345801816688], [146.73994599324055, -19.413122018896722], [146.73958497290423, -19.41280100838508], [146.7391750132496, -19.41223601807658], [146.7385660030977, -19.411571018862972], [146.73800398291996, -19.41107500853343], [146.73777899356887, -19.410585998416085], [146.7374110032043, -19.410059008450943], [146.73661300368624, -19.40990301868698], [146.73618288314174, -19.411397018821113], [146.73591198359136, -19.412903018302686], [146.73591497318466, -19.413443008440737], [146.7359130031792, -19.414160018697743], [146.73637400331165, -19.415605018298585], [146.7374310032958, -19.417365008852606], [146.7384880032799, -19.41887399877817], [146.7392799831872, -19.420131998453513], [146.73980799314822, -19.42138799831866], [146.74033399357808, -19.423147998261108], [146.74138997307597, -19.425411008494], [146.74218100346405, -19.427421998848317], [146.74244300340484, -19.42918101849591], [146.74197700324953, -19.43074999813906], [146.74091299371125, -19.433763008673672], [146.73985000376084, -19.43652601877263], [146.7387850033808, -19.439790008163488], [146.73798500331463, -19.44330600869372], [146.73665599346253, -19.44631900815041], [146.7353290030231, -19.44807600867392], [146.73397898337308, -19.4508599987354], [146.73261001376216, -19.45289399869675], [146.73133900363632, -19.454557998192282], [146.7303589829839, -19.45659299869741], [146.72937899377243, -19.45918399883527], [146.7285950133628, -19.461033998785272], [146.72781299307695, -19.462143008659872], [146.72663999364025, -19.46343700852288], [146.7260519834047, -19.4647320084977], [146.72604899291315, -19.466583008083656], [146.72594799352908, -19.468433998390744], [146.7251640131194, -19.47033100831179], [146.7232089933969, -19.472642008422998], [146.7208629936251, -19.474906008759255], [146.72027399344609, -19.47657100866182], [146.72006499320872, -19.479034998520415], [146.71968098318771, -19.481197998655503], [146.71910599313387, -19.484470008217052], [146.7191050130719, -19.48507500883557], [146.7187849729806, -19.485781008418385], [146.7184119834915, -19.48623401886301], [146.71825200342087, -19.486586018065253], [146.717983982971, -19.48774500880857], [146.71798300380738, -19.488754018760776], [146.71792799367432, -19.48971099832111], [146.7179270136123, -19.490316008148987], [146.71824401380468, -19.491527018591412], [146.71856200304222, -19.49198100883182], [146.71951800364238, -19.49218400854384], [146.72074097366345, -19.492336998501337], [146.72180298355184, -19.49259100815483], [146.72281300344324, -19.492895018284415], [146.72377000296993, -19.492796008153935], [146.7249400137117, -19.492393998575274], [146.72547101326606, -19.492496008418335], [146.72589598376908, -19.492849008503875], [146.72632000295621, -19.493455008395664], [146.7268510034089, -19.49390899830948], [146.72770098304252, -19.494415018026377], [146.72833797302061, -19.494920008126748], [146.72860300297887, -19.495273008853335], [146.72865600358062, -19.495727018225132], [146.72844200332042, -19.496331998792083], [146.7278020129693, -19.49728800884054], [146.72716300357843, -19.49799300843749], [146.72673697306334, -19.49864801858302], [146.72673599300137, -19.49940399847853], [146.7268949831286, -19.49975699873853], [146.72726601339204, -19.500363008327653], [146.72768999305333, -19.500918008746588], [146.72816701374055, -19.50162399850287], [146.7302370034464, -19.503644018650814], [146.73071398370942, -19.504653008228487], [146.7310309830035, -19.50561100810757], [146.73134900368208, -19.506317008712646], [146.73188001311786, -19.506821998076184], [146.7326239933446, -19.507076008699908], [146.73310199319553, -19.50727800808971], [146.73389900366845, -19.50788400813236], [146.73469500353661, -19.50854099856258], [146.7353849932181, -19.50934800845703], [146.7355439932268, -19.509701008185534], [146.73549000357988, -19.510054008836974], [146.73458400320854, -19.511061018564444], [146.73415899317965, -19.511161008192413], [146.73373300308873, -19.511362008418914], [146.73330697347203, -19.511664008706614], [146.73309400357934, -19.511916018529888], [146.73304100297761, -19.512269008418773], [146.73367697336786, -19.513277998376623], [146.73404800363133, -19.51373200801933], [146.7345790031857, -19.51443900870083], [146.7352160030452, -19.515246018793466], [146.7360649936337, -19.515903008098864], [146.7371269936407, -19.5166099984393], [146.7374460033644, -19.517014008707157], [146.73765799319506, -19.517518018055476], [146.73733500303632, -19.5196850183441], [146.73706801295407, -19.520693008651197], [146.73665599346253, -19.521583008380247], [146.6964140235426, -19.51753601799742], [146.68607200354415, -19.516406998050254], [146.68944299363164, -19.502629018294698], [146.68823199366167, -19.502647018200488], [146.68380498365215, -19.495055998225734], [146.68255398349925, -19.494608008690722], [146.68210602331152, -19.49441900823503], [146.68144602298736, -19.49507100802324], [146.68017998324007, -19.49653799836636], [146.6791539733366, -19.4972820185528], [146.67817599365645, -19.497970008507522], [146.67744201347548, -19.498194008091385], [146.67679899310687, -19.498091998452605], [146.67579900380397, -19.497717008215222], [146.67479901360272, -19.497048008475137], [146.67414500324497, -19.496346008390532], [146.6733909834466, -19.495361008046178], [146.67203501335615, -19.494240008496003], [146.6713199732546, -19.494126008781397], [146.67030699341436, -19.494361008781244], [146.66898299346653, -19.495048008524773], [146.66678299328464, -19.49582400861174], [146.6657700035629, -19.496014008356255], [146.66480498297904, -19.495944998397768], [146.66342896338975, -19.49540000803884], [146.66165499372292, -19.495070008781465], [146.66058602368759, -19.49503100870929], [146.65832700329318, -19.513387008426616], [146.6278580029786, -19.510016008139427], [146.6321059832436, -19.47551400846481], [146.63497298342233, -19.45221199815424], [146.63633001352483, -19.440936008638907], [146.64084499375352, -19.401824008271376], [146.5935340236577, -19.397565018684503], [146.59512199355174, -19.384633018730376], [146.58368617318527, -19.383341048586047], [146.58357204312674, -19.38346299844128], [146.5834478330724, -19.383761978618015], [146.5833689933298, -19.384108028450456], [146.58335388366675, -19.384209998735304], [146.58334202321, -19.384972028294232], [146.5834330836338, -19.385442998258696], [146.58367110304803, -19.386059148362932], [146.5819799832032, -19.397690998769576], [146.58258201344535, -19.397765998731643], [146.58268600332102, -19.397875998161613], [146.5825569738051, -19.397948008686352], [146.5820820030734, -19.401883008429046], [146.58052407374075, -19.4140270184437], [146.58175200336052, -19.414167008407468], [146.57951200299559, -19.43222400804678], [146.57897001345208, -19.436769008454714], [146.5674165937334, -19.435404618228606], [146.5677967032695, -19.43612657873421], [146.56782718310708, -19.43662026857365], [146.56709459351814, -19.436837818276658], [146.56607138366346, -19.436576118344252], [146.56542428314683, -19.43636430838789], [146.5656557933686, -19.437094518097037], [146.5657078830787, -19.4379408384188], [146.5654189830867, -19.438699928324507], [146.56490700356187, -19.439471368021962], [146.56392949370058, -19.439950158160695], [146.56290169345476, -19.440219468098633], [146.56187370366445, -19.44109025832134], [146.5611147934377, -19.441486157996543], [146.56085050369123, -19.441823898679434], [146.56095919355238, -19.443011338702544], [146.56159627336197, -19.444227768156455], [146.56260728319683, -19.44529325840096], [146.56288369301313, -19.446698648310978], [146.56256089329727, -19.44768497874273], [146.56254362318592, -19.44872691842748], [146.56267780364158, -19.449832988478835], [146.56198977318567, -19.45067692824678], [146.5609593031469, -19.451389918397524], [146.56321847355994, -19.45276131815362], [146.56465690360358, -19.453350178345115], [146.56643722346124, -19.45433011817213], [146.5691768030068, -19.45557248835731], [146.57123091319335, -19.456748158437158], [146.57246210369757, -19.45792189813084], [146.57389928328632, -19.459031048716984], [146.5759537932232, -19.460076558463996], [146.57691101373547, -19.46118457797719], [146.57663361307738, -19.462354718054918], [146.57594471305225, -19.463588958437114], [146.57607830331483, -19.464955208776328], [146.57655528357785, -19.466127128219217], [146.57710000310155, -19.467624428292606], [146.578126092955, -19.4686024981741], [146.57921971366002, -19.470036007984973], [146.57949021346005, -19.471532678244646], [146.5795551032646, -19.47296379835352], [146.58003066329115, -19.474656068773296], [146.58023400324393, -19.475632218602083], [146.5803689832002, -19.476478118501387], [146.580708393664, -19.47784483862022], [146.58008906366612, -19.47862392850491], [146.57905991325248, -19.478816677993255], [146.5779614829674, -19.479204388379625], [146.57830188337468, -19.480180858028767], [146.57912159337653, -19.48148365867768], [146.57980440372228, -19.482656048012448], [146.58007519367814, -19.484022618613952], [146.57966019357644, -19.48538758811661], [146.57924551327497, -19.486622458422822], [146.5792385836709, -19.489289288541674], [146.57916682355102, -19.49052496830713], [146.5792999035705, -19.492086348673347], [146.5797749829984, -19.49403879815373], [146.5807304032868, -19.49592729836417], [146.58134371367402, -19.49748978842834], [146.58195502351302, -19.499832798328338], [146.58160600377067, -19.502173578604854], [146.58139547370237, -19.503994348266602], [146.5807067937645, -19.50509852873541], [146.5811140935076, -19.50672557822078], [146.583030893508, -19.508226018597735], [146.5846727030303, -19.509985998090055], [146.58515190303035, -19.51115619876122], [146.5849321831967, -19.511467078236194], [146.58421707302662, -19.51286665801471], [146.58311969377044, -19.513953958737016], [146.58196940374407, -19.51431459847419], [146.57999840299271, -19.5145695083916], [146.5786292132945, -19.514929588773043], [146.57698539334265, -19.515600438274724], [146.57539848346065, -19.515492918230088], [146.574352873216, -19.517670128043108], [146.573198883029, -19.519431898770755], [146.57139137296434, -19.519894698348494], [146.57002349300984, -19.519735758545856], [146.56968850315556, -19.522225988279253], [146.56788120329665, -19.522636878102166], [146.56590980369327, -19.522995418200974], [146.5638842734075, -19.52309433872479], [146.5614196034917, -19.52371112864784], [146.56092240304994, -19.525422508287644], [146.5603161031152, -19.526977957958184], [146.56069377372532, -19.529002838512383], [146.5613444136041, -19.53128786864813], [146.563088603221, -19.534042628694834], [146.56171609334956, -19.535544288561404], [146.56056240319987, -19.537098378487844], [146.5603962930257, -19.537772648452925], [146.55973787373654, -19.538341918356345], [146.55924059334467, -19.5400532682706], [146.5582542934684, -19.540414158751677], [146.55595439344035, -19.540719888087327], [146.55480281343318, -19.541443608145247], [146.55425159370012, -19.542843448047563], [146.55517858320812, -19.544143138190915], [146.55446238338158, -19.545802078544277], [146.55320061332674, -19.546784997991978], [146.55199527364147, -19.547145288461287], [146.5487661131643, -19.546929648614395], [146.54870589370097, -19.548901578062885], [146.547446203246, -19.549106008038592], [146.5464585837446, -19.549881968676356], [146.54514257341287, -19.55065711799874], [146.54361319343835, -19.551239758120914], [146.54393140366145, -19.553093198733954], [146.543436423855, -19.55392227796771], [146.54239172360374, -19.555528428352083], [146.54189309304408, -19.55760301799319], [146.5416145937464, -19.559314898386297], [146.54188612301581, -19.560094048527713], [146.54171669356668, -19.56190996858103], [146.54231591387864, -19.563001318664035], [146.54143509328463, -19.564711668079234], [146.54115678353156, -19.566319738233208], [146.54142567355063, -19.56803302849987], [146.54191528322824, -19.569124078126215], [146.54547279321304, -19.569600138368592], [146.54684026353573, -19.57001875815981], [146.54826300360466, -19.57033368869036], [146.54831410337127, -19.57163121819525], [146.54721559313623, -19.57287399841763], [146.54600427336604, -19.575310078678], [146.54484868327944, -19.577383038386074], [146.54440579318313, -19.579094468349815], [146.54111681299298, -19.580435448373574], [146.53941627341408, -19.581520927906734], [146.53782601371435, -19.582399107928662], [146.5390828133907, -19.583284558408508], [146.54022880318183, -19.584636778561265], [146.54121178378313, -19.585573408495385], [146.5418085930169, -19.587495078204135], [146.54300930368348, -19.588899327951804], [146.54327929324046, -19.590249328461667], [146.5442021235487, -19.593105948424117], [146.54239252310435, -19.594035498062844], [146.54145910345562, -19.59491535826863], [146.54183830299826, -19.596369418180227], [146.5417792836841, -19.597874268590722], [146.54265309382558, -19.598706818170452], [146.5444045130839, -19.599022637887877], [146.54538986344093, -19.59912889802122], [146.54708558355836, -19.599807827894136], [146.54888828314466, -19.601369228622477], [146.54965058361333, -19.602928017905672], [146.5503574831817, -19.604746168130408], [146.55100897376514, -19.606771728127583], [146.55166257359284, -19.608070757999094], [146.5529727035526, -19.609579008210897], [146.55499411326625, -19.611348478098716], [146.55559402348433, -19.612284097908553], [146.55602739323527, -19.61399773851475], [146.5564039930535, -19.61643779795286], [146.55585200346422, -19.618045208490276], [146.55508050334876, -19.61975587858752], [146.55381658362546, -19.621309618347524], [146.55359160325756, -19.623436807897058], [146.55385859333973, -19.625928478326294], [146.55319729315346, -19.62737993861963], [146.55294259382094, -19.628031518626617], [146.55294989353092, -19.62945587849351], [146.55387750377477, -19.630898008257624], [146.55414041370904, -19.63378611840449], [146.55399901349335, -19.635967408344907], [146.5536548132125, -19.637955718618894], [146.55344560366768, -19.64013684870191], [146.55336800360016, -19.643729957960158], [146.55363040329124, -19.646810598419435], [146.55341961360986, -19.649569208024012], [146.5541589234954, -19.651624368535817], [146.5572025037129, -19.65317187808614], [146.55808168308485, -19.65362319838735], [146.55862148343405, -19.654394518277027], [146.5586865933258, -19.655357147997773], [146.55726069388206, -19.65663697832426], [146.55603571343138, -19.65875143858911], [146.55562330317264, -19.660932068621147], [146.5548058838748, -19.662598368493153], [146.5543969033839, -19.663559848420416], [146.5529711036531, -19.664775468622633], [146.55127180374924, -19.666888698206403], [146.55133440374817, -19.668749668103818], [146.55234611337056, -19.67029217812038], [146.55396700382485, -19.67202868815687], [146.55436919305228, -19.673569658417502], [146.55476960361543, -19.675752288681423], [146.55713848347753, -19.67646398814635], [146.55747439320675, -19.67749145813455], [146.5572690832485, -19.678260948658206], [146.5561124035055, -19.680118897947906], [146.55576940337386, -19.681658047984303], [146.55400529361552, -19.68268031833763], [146.5521084937066, -19.682675598612427], [146.5503466737539, -19.682863688012798], [146.54810827328853, -19.683884747911797], [146.54526449366162, -19.683364227888198], [146.5433637133176, -19.684771058347472], [146.5421414035583, -19.685794588546067], [146.53997060311465, -19.6864315085693], [146.7225165935355, -19.708885897930216], [146.7510110133122, -19.71143099817986], [146.79660589309321, -19.71593278864459], [146.79653698332777, -19.71656595834007], [146.8309983932091, -19.719941518193693], [146.84113491370474, -19.720905298070793], [146.8426460138616, -19.72104900805877], [146.84251698344747, -19.72223400823662], [146.84184301342242, -19.724331018284342], [146.83890100301915, -19.730226998262793], [146.83696000330332, -19.73620901818701], [146.83681101322185, -19.736206018190334], [146.83677298304426, -19.73638300859642], [146.83687999305587, -19.736475008084856], [146.83389200328313, -19.745583997972396], [146.8336709934687, -19.746230998249537], [146.83352200338723, -19.74678400874505], [146.83339501304715, -19.747390008207628], [146.8333659938702, -19.74786900863676], [146.83335800335573, -19.748293008198374], [146.83355882353413, -19.74965020792836], [146.83363109299876, -19.75027446799008], [146.83366880337604, -19.75078233843722], [146.83380096352062, -19.752459008108794], [146.83388699337877, -19.753129998235927], [146.83392401384995, -19.75419400809886], [146.8338119930357, -19.755301018644158], [146.83329201311494, -19.75763101850672], [146.83306600327768, -19.75849799858411], [146.83612601368176, -19.759039018175798], [146.83913299383963, -19.758927017936585], [146.84100201334837, -19.758544008447423], [146.84257399323036, -19.757814018154658], [146.84447002328307, -19.75681601793639], [146.84800600334552, -19.75563900848175], [146.8502269935624, -19.755461997999458], [146.85468097369164, -19.757311998512872], [146.85795699388723, -19.75810899819456], [146.86124798360873, -19.758240018628538], [146.86438899330534, -19.759371018724725], [146.86959998372458, -19.7622850084199], [146.8731880031914, -19.763325998631103], [146.87627499359667, -19.763878998060726], [146.8796329931467, -19.7652530186853], [146.88447899357448, -19.768270018198443], [146.88694500377667, -19.768446008468892], [146.88883501332037, -19.768611008681447], [146.89177497376815, -19.768128008499747], [146.89390697327977, -19.7682629981963], [146.895718003842, -19.768459008645543], [146.89796899329778, -19.76932501854577], [146.90070400311347, -19.770458008627365], [146.90228500387758, -19.770897018414484], [146.90383899319934, -19.771457008064196], [146.90594500355144, -19.771834998084692], [146.90893497321113, -19.773400008371308], [146.91141299299034, -19.775571998001773], [146.91713499365224, -19.780615008243327], [146.91839599385082, -19.781591018484313], [146.92047598360242, -19.78309700813405], [146.92372700368367, -19.783015018500475], [146.92600398319726, -19.783008998289823], [146.92797199345708, -19.783037008074476], [146.92904301344782, -19.78301700833135], [146.93018797376962, -19.78312099851518], [146.9310839830784, -19.783646008348338], [146.93199399352918, -19.783805997983542], [146.93347100351934, -19.78455500829827], [146.93525498311345, -19.78495801818808], [146.93734800382651, -19.78493701871102], [146.93947000329237, -19.7847000083601], [146.9414949838092, -19.783575008675044], [146.94342598347927, -19.78221000814871], [146.94500500345816, -19.780897998498276], [146.94826599304238, -19.778983007970588], [146.95098199360837, -19.777914008730622], [146.95356998334805, -19.777019018575086], [146.95482898299855, -19.776569998324067], [146.9559959933673, -19.776130018503455], [146.9573709834873, -19.775181008763454], [146.95808098314174, -19.773364008345176], [146.95867199375036, -19.771772007981973], [146.95911401337915, -19.769796008341412], [146.95983298361006, -19.76787499803831], [146.96169598350812, -19.765746998194597], [146.96381601386682, -19.764748998584672], [146.96490499297678, -19.763953998482318], [146.96674400336514, -19.76288800868921], [146.96832201363762, -19.76227199844039], [146.97243698305348, -19.76174700865521], [146.97459698305244, -19.761605998340926], [146.97713898354115, -19.76156100808181], [146.97833399349895, -19.761713008775683], [146.98141200344642, -19.76205700856523], [146.98413600350997, -19.76199701833824], [146.98671399320395, -19.76162199859425], [146.99112699308833, -19.7602880085248], [146.99257801302065, -19.759241018800925], [146.99409999357223, -19.757900008649287], [146.99496500381719, -19.756637008454653], [146.99582698314637, -19.755005018030946], [146.99589297338713, -19.754262018665123], [146.99625798314165, -19.752149998181558], [146.9972139837417, -19.7492490187102], [146.99772298355472, -19.746738008172862], [146.99816098322265, -19.744204008631517], [146.99910300334196, -19.74169000846031], [146.99988399326008, -19.739719998771776], [147.0006260034814, -19.738799018241703], [147.00119398308271, -19.738352018601937], [147.0024540032194, -19.737188018599827], [147.0042589935096, -19.735906008092222], [147.00524500323013, -19.73496599839402], [147.00872897353247, -19.73124400829924], [147.00988620304443, -19.729767908206995], [147.01080217381713, -19.72811990837943], [147.01115319320937, -19.726412898441094], [147.0116871536109, -19.724320898038968], [147.01248011358015, -19.72252591846387], [147.0138840833512, -19.719568908651386], [147.014149003715, -19.718705018557877], [147.014514003588, -19.717956008590416], [147.01500200348462, -19.717499998637955], [147.01573003322514, -19.717171918542707], [147.01695001365292, -19.71648100856779], [147.01755697295104, -19.716369998330926], [147.0181560432444, -19.716156898408723], [147.01913300333666, -19.715933898141515], [147.02022898301757, -19.715700008072286], [147.02604909318322, -19.71398699827358], [147.0325989830076, -19.711526058160334], [147.0374369830394, -19.709009998720756], [147.03997392331817, -19.70733204842918], [147.04516582363928, -19.705429988190044], [147.0513610837423, -19.703918988033834], [147.05702496340533, -19.702800008789207], [147.06018214367538, -19.702519038358222], [147.0637821736175, -19.702740958736303], [147.0666729432186, -19.703355028492915], [147.06938806343564, -19.703186018098055], [147.07251396346913, -19.701844028191466], [147.0746840335824, -19.70047404843057], [147.07599398298092, -19.69921500811868], [147.07658298315985, -19.697146008189556], [147.0759329837798, -19.694910998669002], [147.0752839833264, -19.693206008316505], [147.0753419830527, -19.691864018454837], [147.07604898323248, -19.690578008463866], [147.0779660033201, -19.688118008291816], [147.07908600305342, -19.686888018138507], [147.08044300351153, -19.68543400815065], [147.0810320036905, -19.683365008584897], [147.08120698293146, -19.68034600816408], [147.08191198346134, -19.675125008855957], [147.0823829737581, -19.672218018280304], [147.0826019731429, -19.67162301890723], [147.08308998292097, -19.670037008833205], [147.08403299298374, -19.66830400887112], [147.08550701338064, -19.666794018605334], [147.08733500323714, -19.665619008516916], [147.0892219836617, -19.664836018115444], [147.09075498294857, -19.664107998151636], [147.09093098357397, -19.663950008534606], [147.09181698295555, -19.66299000879145], [147.0928189835864, -19.661536008660107], [147.09364300370495, -19.65946699832174], [147.09358398349244, -19.658126008333962], [147.0935819829443, -19.65568800856948], [147.09346401348623, -19.654626008185613], [147.09287300377596, -19.652782008151195], [147.0926949936193, -19.651329018658455], [147.09310700322942, -19.64926001879499], [147.09373601347284, -19.648565008775556], [147.09487499370974, -19.647191008328893], [147.096997983119, -19.646015998457937], [147.10303599313158, -19.642797998481647], [147.10486398298804, -19.641344008248204], [147.10627799322904, -19.63977800832841], [147.10698499340876, -19.637764998578767], [147.1076909829838, -19.636032018870264], [147.1089289836162, -19.633907008928368], [147.11051914360291, -19.631277998130308], [147.11216905323408, -19.629041048200925], [147.11464401335152, -19.62588096822346], [147.11555698375116, -19.624221998850714], [147.1167640832361, -19.621854998230106], [147.1171749933083, -19.619562998689183], [147.11681999348104, -19.61727101892711], [147.1157571535493, -19.61509202894466], [147.1130988930965, -19.610197028575772], [147.11174208308128, -19.608912008935132], [147.1097948436674, -19.607682968614146], [147.10808481338753, -19.60734898811895], [147.1062571136869, -19.607628968500666], [147.1044290537618, -19.608245018740167], [147.10289616317107, -19.608246018127417], [147.10106805294035, -19.607688018880047], [147.09959312344836, -19.606292028124955], [147.09870683301267, -19.604336058720442], [147.0984098329117, -19.6015409984742], [147.09887999316513, -19.598968988608192], [147.09923313347974, -19.596312998128553], [147.09893507336682, -19.594713968729604], [147.09738798310636, -19.594835008809195], [147.08870499333423, -19.59390801875728], [147.0883679930503, -19.59387500895332], [147.08124998348745, -19.593111018612504], [147.08290200326127, -19.595392008314263], [147.0825929935833, -19.595492998468835], [147.06252299340562, -19.59686199854735], [147.0565190034912, -19.594028998509646], [147.0567380037743, -19.59137500843013], [147.04738199349634, -19.590672008524013], [147.03188898335316, -19.589505018161518], [147.0316529734701, -19.589588008258897], [147.03154899347595, -19.589912018759023], [147.031248993002, -19.590507008589988], [147.0307669731902, -19.59117500833588], [147.03046800308388, -19.5915650082895], [147.0300279929863, -19.592062008384463], [147.02974497336618, -19.59246700862476], [147.02972001367604, -19.592595018857555], [147.02891599364898, -19.592536018794984], [147.02870301297662, -19.5927630083314], [147.02850700327653, -19.5929769983566], [147.0210130029532, -19.59242299826038], [147.02120700312196, -19.590123008150353], [147.01214697335703, -19.5930889987096], [147.00948098290127, -19.59047700842995], [147.01115100311674, -19.588961998155924], [147.0125589829672, -19.584983998149532], [147.01524100296092, -19.58250400878368], [147.0210829835104, -19.57851301817373], [147.0221110029452, -19.579433998741052], [147.02255400353425, -19.57420201850676], [147.02252797305232, -19.572823008301803], [147.0245379930264, -19.570436008202634], [147.02553098355494, -19.567200008854094], [147.02828399291397, -19.558220018909683], [147.03061298308592, -19.552256998584408], [147.03252000312787, -19.53591500884783], [147.03395499352226, -19.534140008396054], [147.03193614310888, -19.53217573833397], [147.03096411297088, -19.525066798872082], [147.0308791431248, -19.52066880881578], [147.02795093353924, -19.518128218271325], [147.0284563436844, -19.516413158663774], [147.0277686833344, -19.51431990821955], [147.02620513324305, -19.509588918600787], [147.02455172287716, -19.50452629827864], [147.021753592938, -19.502940698273253], [147.0215900034366, -19.502959018224836], [147.0204920034446, -19.50046401817305], [147.0181629836283, -19.497533998281778], [147.01610397313183, -19.49762899844828], [147.01494700323298, -19.498902008169793], [147.01204098293329, -19.499472008594093], [147.01068697296677, -19.491897018396063], [147.01262399314595, -19.475008018608705], [147.02607599323446, -19.47638300852926], [147.02669200305905, -19.47104701862551], [147.0365009834291, -19.472043998555062], [147.03713900287653, -19.466331018309646], [147.03548500321585, -19.46616501895011], [147.03675900293496, -19.454743998398698], [147.03744399349188, -19.454748018383306], [147.03793798335482, -19.45466100847902], [147.03839799354387, -19.454426008490536], [147.03871299318814, -19.454190998844293], [147.03911598371278, -19.453912998693163], [147.03959099307212, -19.45356601833544], [147.04078097336262, -19.45243701900887], [147.04072498316762, -19.452154998344213], [147.04317398287165, -19.42949299899219], [147.0422740030093, -19.42679501845354], [147.03878398345176, -19.42644800893251], [147.0391819730552, -19.42284800860078], [147.03254098328125, -19.42220000857616], [147.03326897349598, -19.4154499988515], [147.03344268341738, -19.413494198751895], [147.03355656284597, -19.41258014850137], [147.03359769310953, -19.412250208625803], [147.03378209298285, -19.410806038323937], [147.0342479835437, -19.40663201838923], [147.04118798294985, -19.407320008226137], [147.04117601289875, -19.40743800876942], [147.0499260035164, -19.412094008304617], [147.05408000293465, -19.432644018649803], [147.0559229928598, -19.4328229983058], [147.05638300304875, -19.42857400827379], [147.059782983567, -19.428905018860444], [147.0596080034278, -19.429951009032834], [147.06094400307117, -19.43215699899163], [147.0607699733495, -19.433067018567215], [147.0597289930218, -19.43435200895557], [147.0611189930919, -19.43531999871174], [147.06153600362316, -19.43709300853281], [147.06230797355752, -19.43763099871617], [147.06325197356375, -19.4387760089136], [147.0661220028616, -19.438638008836836], [147.06888900348122, -19.441890018532995], [147.0682629828311, -19.443606998243634], [147.0698530035789, -19.44454100899684], [147.06999298355808, -19.44448101884295], [147.07028100320107, -19.444679998525235], [147.07067198325043, -19.444387018411827], [147.0712839829956, -19.443592018409717], [147.07195000293035, -19.443592018409717], [147.0725440031322, -19.44358100885774], [147.07324998282579, -19.443841008414864], [147.0734239829031, -19.444175008570596], [147.07329699346124, -19.44452900842658], [147.0733720036858, -19.444552998554144], [147.07368999292333, -19.444855008214073], [147.07416299364968, -19.445058008509612], [147.0750039928254, -19.444395008916505], [147.07522598360006, -19.443973008421622], [147.07570800341188, -19.442928018347295], [147.0758809731215, -19.44236200871959], [147.07592598320883, -19.44178500862169], [147.07576801356777, -19.44132100826044], [147.07547498312212, -19.441082008442237], [147.07443999365907, -19.440780018869127], [147.07276697307057, -19.440243018370328], [147.07175698282362, -19.43991700847286], [147.0713789933116, -19.43968000829548], [147.07046200295102, -19.4390410183388], [147.06997297358515, -19.43858900860334], [147.069621002877, -19.43818799885856], [147.06945500319569, -19.43788000887717], [147.06943299357286, -19.43771001844731], [147.0694470135795, -19.437520998232444], [147.0695360033865, -19.437315008354254], [147.0696510128957, -19.437161008372982], [147.0697779933544, -19.437076998849346], [147.0701500036798, -19.43686600871061], [147.07051201306123, -19.436757009004126], [147.07083700286975, -19.436717008852597], [147.07174800326405, -19.436762998987653], [147.0722179829561, -19.436723998439057], [147.07283899370188, -19.43666000868313], [147.07346000354931, -19.43638101871127], [147.07377098323272, -19.436170998470878], [147.07421197339224, -19.43577500874581], [147.07450200346486, -19.4356200187083], [147.07484598365846, -19.435500008912516], [147.07519598346286, -19.43534700851406], [147.07634299284183, -19.43533899892724], [147.07705200345114, -19.43549201881715], [147.07776799307197, -19.435569009028434], [147.07863198283076, -19.435415018403834], [147.07957401283153, -19.435334008501236], [147.08093498294483, -19.43570200859213], [147.08159399332553, -19.436089008823895], [147.08198600284416, -19.436604008942975], [147.0822409932308, -19.436975008343904], [147.08301698312602, -19.437285018721777], [147.0835820036768, -19.437178008328573], [147.08403500341336, -19.436921008760113], [147.08453301323718, -19.436663008335863], [147.08533699284004, -19.436352009026276], [147.0856969935885, -19.43635801850855], [147.0862639832464, -19.43653899835909], [147.0865220036505, -19.43685499870247], [147.0867710031725, -19.43725800839473], [147.08690200359206, -19.437824018876103], [147.08675199302442, -19.438373998345128], [147.0863410030022, -19.438930018375405], [147.08562600332482, -19.439551008632577], [147.08505799318078, -19.440368009002004], [147.08499400348813, -19.44083199853377], [147.08499400348813, -19.441583008886685], [147.08527801305175, -19.442877008422315], [147.08559997284286, -19.44397500838238], [147.08606498305477, -19.4448600085123], [147.08663500362837, -19.445266008836974], [147.08715798302384, -19.445505008423826], [147.08852198315464, -19.445235998649462], [147.08920001356475, -19.444853018429054], [147.08956099347685, -19.444350018803945], [147.08956698344318, -19.44376800849983], [147.08937999282855, -19.442587008502855], [147.08928801342836, -19.441661008487046], [147.08938700328108, -19.441332998902713], [147.08968297301433, -19.441011008977856], [147.09028398366868, -19.440815998537055], [147.0910250129297, -19.44099600857398], [147.0918280133689, -19.44121300857756], [147.09299998333634, -19.441155008718205], [147.0935020032396, -19.440968018772242], [147.0939439833426, -19.440637008208324], [147.09442297313686, -19.439889998583645], [147.09499201364858, -19.439066008864494], [147.09548998304825, -19.438706998301], [147.09648398328312, -19.438530008216148], [147.09724099357308, -19.43871600900514], [147.09769899333244, -19.438963998430854], [147.09808998326324, -19.439474008450013], [147.0981829831497, -19.44006500835449], [147.09805399315974, -19.441078018614565], [147.0980469836055, -19.441393019021344], [147.0981959835685, -19.442124008308195], [147.0985920031665, -19.44280200894555], [147.09911100302529, -19.44377599903495], [147.09937299308464, -19.444400008381837], [147.0998199732105, -19.44564701863726], [147.10012599329517, -19.44612100884453], [147.1009249728751, -19.446396008474064], [147.10245998348992, -19.446294018741355], [147.1037819730081, -19.44628000905062], [147.10401499329785, -19.44597801898398], [147.10393498305046, -19.44567200899304], [147.10307099329165, -19.444613018329175], [147.1025549929076, -19.443822008347325], [147.10235599361434, -19.44320501827492], [147.1024039932949, -19.442695008965725], [147.10268898292048, -19.442391019024832], [147.10306099324595, -19.442253008467706], [147.1035760036865, -19.442130018423896], [147.10406799300128, -19.442224018467982], [147.10440901324608, -19.442585008524972], [147.10460100298528, -19.44313101851177], [147.10462998353464, -19.44414399862554], [147.10479299362274, -19.445236999045587], [147.10509798333976, -19.446066008523864], [147.10553700349385, -19.44660901834278], [147.1061160036271, -19.446877008513802], [147.10700000335888, -19.446481018645724], [147.10745898318018, -19.44598400862725], [147.109006983434, -19.444936008283157], [147.11032898283366, -19.444199998305937], [147.11096700317938, -19.4436780084317], [147.11100897336777, -19.443274998582616], [147.11093097354998, -19.442718998517265], [147.1102870036621, -19.442176008719734], [147.10958398301912, -19.441645998825237], [147.10829600281923, -19.440567008974217], [147.10761798318887, -19.439954008244122], [147.10705197359295, -19.439168998489933], [147.1067619830462, -19.43825700884464], [147.1069520036783, -19.437701008534475], [147.10742398302017, -19.43720901875725], [147.1078439930261, -19.43709300853281], [147.10867600365916, -19.437070008430915], [147.11039501349865, -19.43754301900477], [147.11117399298715, -19.437601018460324], [147.111767993189, -19.437507018280684], [147.11211398291394, -19.437037008942042], [147.11255898315287, -19.436121018218618], [147.1125389830614, -19.435180008335394], [147.11220599285693, -19.434288018264866], [147.11179299330337, -19.432561008957776], [147.11203999317556, -19.431129008848824], [147.1136039834414, -19.430505008642648], [147.11424897291712, -19.430242008289735], [147.11466992345927, -19.430099029011007], [147.11513099366027, -19.429929008409893], [147.11547500349832, -19.42973299856969], [147.1157559830445, -19.42954400888618], [147.1160790136274, -19.42930899879353], [147.11632699356156, -19.428983008454868], [147.11655197303122, -19.428631008739867], [147.11661800369615, -19.428193008390373], [147.11668096302117, -19.427682018350396], [147.1170990030218, -19.426070998495366], [147.11724898304664, -19.425408018799608], [147.11743199322626, -19.424798018328904], [147.1176159933493, -19.42436200869492], [147.1179820128101, -19.42322900831101], [147.11825700328825, -19.422706018266332], [147.11853297293, -19.42222701886573], [147.11885399308338, -19.421747018359486], [147.11912898356152, -19.421442008996838], [147.11945000281648, -19.420919008964823], [147.11967900314534, -19.420439008831135], [147.12014098333978, -19.419981008405507], [147.12023698359926, -19.419296998966338], [147.12015201285482, -19.418918008945496], [147.11966999304306, -19.418343019029184], [147.1190789833328, -19.4179839982463], [147.11875898366563, -19.41756401836853], [147.11864299319615, -19.41701200881574], [147.11877001318072, -19.41641801905012], [147.11901897317685, -19.415934018567295], [147.11933200281567, -19.41539300901194], [147.11949198288636, -19.414775008641122], [147.1194909929429, -19.413948008373815], [147.11944398320577, -19.412988998306915], [147.1193520029072, -19.411987008430856], [147.11944299326234, -19.411158998459367], [147.11753798365, -19.41089899827299], [147.11745203284357, -19.41062904834445], [147.11740487308782, -19.410157008320255], [147.11741786362512, -19.409972038992866], [147.1173980431967, -19.409940018515794], [147.1173159632309, -19.40925096882225], [147.1171809428504, -19.408727968541882], [147.11702001326054, -19.408282029028722], [147.11682383288056, -19.407828968678473], [147.11667586328534, -19.40757399850463], [147.11601097343114, -19.406223018730277], [147.11578704319373, -19.405770048386916], [147.11524900354252, -19.40490000850305], [147.11546800292732, -19.40462500895215], [147.11551399307658, -19.404390018749822], [147.1154859934875, -19.404128998619363], [147.11530900291865, -19.40389401871529], [147.11498200357883, -19.403580018280604], [147.11473296363263, -19.403157978705213], [147.11459112324255, -19.402957008707876], [147.11453210303003, -19.402778979026262], [147.11444892352625, -19.402637048267927], [147.1142840135014, -19.402459028403744], [147.11369183328628, -19.401939008271654], [147.11325405280732, -19.401618978892547], [147.11284007319176, -19.401310989081303], [147.11246208367982, -19.400909058679144], [147.11218990313185, -19.400506038492374], [147.11176401365228, -19.39985496857799], [147.11166999327975, -19.399477008484443], [147.11150304318076, -19.39903803905323], [147.11140909287678, -19.398695048426724], [147.1113140430349, -19.39829300903651], [147.111125042889, -19.397878038513905], [147.11088816343678, -19.397499048565667], [147.11021890327876, -19.397099978641567], [147.11019911339304, -19.39687705876728], [147.1102029833353, -19.396699008875544], [147.11013790308795, -19.396270998952314], [147.11010983343024, -19.39558203879395], [147.11015017317635, -19.395441998940754], [147.11015017317635, -19.39530203861664], [147.11008209345425, -19.394970038556856], [147.11006914334112, -19.394650988552364], [147.11020200327337, -19.39374504825951], [147.11021495338645, -19.393261028604886], [147.11026894303333, -19.392929028618358], [147.11036183332533, -19.392571998932077], [147.11049002291634, -19.39218201833468], [147.11052995303072, -19.392130988244983], [147.1106125836638, -19.39189295833572], [147.11078483292457, -19.391556978920377], [147.11093313309993, -19.39148101858503], [147.11096014364387, -19.391556978920377], [147.11093798310412, -19.39163074880791], [147.11092594298435, -19.391666048762126], [147.11077906304556, -19.3919460289267], [147.1107250832801, -19.392099048991515], [147.110718982821, -19.392194988751807], [147.1107589129354, -19.392246008653224], [147.11078592347937, -19.392246008653224], [147.1109198434236, -19.392111999078764], [147.11118910354853, -19.391793038375447], [147.11133598348744, -19.391581988609886], [147.11143716343275, -19.391333049031118], [147.11149399355259, -19.391061008402986], [147.11181913337978, -19.390255038578186], [147.11190012368917, -19.390107958488223], [147.11238700338666, -19.38944700905241], [147.11260997332505, -19.389376009064215], [147.1127859829336, -19.389475998297403], [147.11284799363764, -19.38960200836999], [147.11288500332904, -19.389924018792023], [147.1128959933182, -19.390117008323035], [147.11292599345546, -19.390210008904326], [147.11287898282004, -19.390307998698795], [147.11286299280795, -19.390417008367375], [147.11282700360272, -19.390492008292075], [147.11265100297734, -19.390706008282706], [147.1125999732793, -19.390844998943557], [147.11272199324094, -19.390888018506757], [147.1131379832861, -19.390787009072923], [147.11323201354014, -19.390641998716845], [147.11332001340367, -19.39049100840628], [147.11333800306554, -19.390308998585724], [147.1133519835463, -19.390057018416186], [147.1132969832948, -19.389689009053964], [147.1131179831946, -19.388964018881047], [147.11325694358587, -19.388901968595025], [147.11336384310474, -19.3888890182524], [147.11363891353287, -19.38872304905113], [147.11394204283903, -19.38849300825916], [147.11398201337758, -19.388295019001387], [147.11396109341123, -19.38790000831236], [147.11392799318799, -19.38777903880348], [147.11379298358727, -19.387593998276756], [147.11313386361223, -19.38686104865803], [147.11275692333248, -19.386542978433013], [147.11250095288383, -19.386280998402743], [147.11229899364162, -19.386026008869752], [147.1120030535528, -19.385478008900883], [147.11123593362262, -19.384369018832537], [147.11101992293277, -19.384152038702386], [147.11024999307242, -19.38328900901604], [147.11019911339304, -19.383220988338575], [147.1094064831055, -19.38249994876777], [147.1088815031619, -19.38207895869774], [147.10849150317455, -19.381721948435757], [147.1081824934966, -19.381479948456924], [147.10788651298347, -19.381288958742314], [147.1064065134001, -19.380154978704233], [147.10635252285488, -19.380135978819737], [147.10598953341147, -19.379861978901094], [147.10546455346787, -19.379542978947057], [147.104617573309, -19.378969998927822], [147.10422753289745, -19.378771998939204], [147.10370255295388, -19.37842798853425], [147.10331258350925, -19.378236998630722], [147.10290955345866, -19.377975998422244], [147.10215557318622, -19.377414998925733], [147.10138860327473, -19.376893009015557], [147.1009856028686, -19.376561998507462], [147.09992958294646, -19.375617988951646], [147.09945859354806, -19.375248998674532], [147.0990545735541, -19.37481498840349], [147.09795858309334, -19.373833988662426], [147.0975595631223, -19.37346798838389], [147.09733859283372, -19.37328598835148], [147.09706959322023, -19.373100988985573], [147.0962746228213, -19.3723679987231], [147.09515761357963, -19.37148297858487], [147.09511760351518, -19.371469968382478], [147.09397362325535, -19.37050796900434], [147.093071603319, -19.36978197903356], [147.09258662355836, -19.369424978265165], [147.0920486530774, -19.368934968426256], [147.09150962348278, -19.368417968406042], [147.09019065320223, -19.367360958571012], [147.0896519128651, -19.36688712861752], [147.08830663362482, -19.365703968524432], [147.0881916636415, -19.365627948672966], [147.08788265306524, -19.365347948694225], [147.08770763340013, -19.365156958714696], [147.08741764285338, -19.364926968545237], [147.08665767351295, -19.36426394904799], [147.08531064345618, -19.36296494836219], [147.0849946628516, -19.36268994832945], [147.08418768287564, -19.361906928532783], [147.0839247028729, -19.361702928625153], [147.083009683416, -19.36081692848284], [147.0824706834658, -19.360262908557146], [147.0823226833278, -19.360134929040875], [147.08227566281084, -19.360064929063473], [147.08172367322157, -19.35959992857198], [147.08146168316222, -19.35935191900995], [147.08100368340286, -19.358847918455083], [147.08038471362934, -19.35827491906995], [147.08002069292007, -19.35790491826116], [147.0790516532736, -19.35687191875684], [147.07886269355188, -19.356636908805445], [147.07855967294196, -19.35633089853528], [147.07828369341868, -19.356107908459776], [147.07785372289277, -19.355616898330098], [147.07612972291193, -19.353589908860595], [147.07560474296827, -19.352939908345842], [147.07507969295608, -19.352340898650493], [147.0745277033668, -19.35162688860812], [147.07439272341054, -19.351422888555142], [147.07362571307482, -19.35050487837946], [147.07319472296115, -19.349917878312205], [147.07281771351109, -19.34948488889066], [147.07202270358633, -19.348452878587295], [147.0718487133905, -19.348216878398862], [147.07129570331514, -19.347470878575294], [147.07093274351615, -19.347049878555552], [147.07054175358533, -19.346514878396736], [147.0702727530735, -19.346182878946664], [147.06962575316825, -19.34523987843322], [147.06938372367446, -19.34493388831757], [147.06927575336385, -19.344703878954657], [147.06911475280705, -19.34451887852198], [147.06897276329664, -19.344410888329914], [147.06841475319828, -19.34381187868423], [147.0680037335317, -19.343422879052262], [147.06750576323367, -19.34302188908352], [147.06697475289957, -19.34274788866436], [147.0668137532411, -19.34269688886654], [147.06670575328607, -19.342633888595728], [147.06645674298423, -19.342537878974056], [147.06633575339023, -19.342512878710597], [147.06608773303182, -19.342480878876355], [147.06598075356294, -19.34247587882224], [147.06583873350982, -19.342476879002607], [147.0657297831372, -19.342528888372904], [147.0656147628482, -19.342658888840656], [147.0649777629887, -19.342181878930095], [147.06493678364205, -19.34197787893589], [147.06485680303908, -19.341735878445967], [147.06485578345118, -19.341479878377758], [147.06495678283522, -19.341231888735983], [147.06529174304507, -19.34070787839002], [147.06531875358905, -19.340509888727365], [147.0652577633712, -19.339999898297165], [147.06525677342773, -19.33976990825775], [147.06533076316612, -19.339138909062875], [147.0653097336053, -19.338787908554483], [147.06521476281512, -19.33809889864367], [147.0651067233342, -19.337537898424525], [147.06491072351565, -19.33709789839963], [147.0646454034015, -19.336610028369552], [147.06410972362457, -19.335624908971134], [147.06367869308664, -19.33497490895355], [147.06268874335535, -19.333316918609942], [147.06185373324763, -19.331824918382498], [147.06138171348158, -19.331046918711202], [147.06083571296026, -19.330039938970486], [147.06031770304497, -19.329139938712533], [147.0596707031397, -19.327826938601657], [147.0580537230518, -19.324804959064707], [147.05789271351188, -19.324421958284162], [147.0578527133289, -19.32437094852435], [147.05749472301008, -19.323547978862152], [147.05690170287028, -19.322349978939766], [147.05537969357255, -19.319020988815492], [147.05463772287712, -19.317210008312767], [147.0543817129026, -19.316687008555512], [147.05419001331927, -19.316043008995024], [147.05380398298718, -19.315089998825503], [147.05222470339518, -19.311100068677252], [147.05120070302303, -19.308179088910354], [147.0508896829155, -19.307235089032126], [147.0507146632504, -19.306789108443066], [147.0502826831932, -19.30539910853224], [147.0499596633901, -19.304493128649913], [147.04981169289647, -19.304200118473435], [147.04932000361896, -19.30233800889683], [147.04911399297487, -19.301722008949316], [147.04887699314838, -19.301024008410504], [147.04863898361555, -19.300348018775576], [147.04839399327466, -19.299718018711825], [147.0482450031932, -19.29937200866586], [147.04807100311595, -19.298996018409134], [147.04789701292012, -19.298688008618488], [147.04765998344925, -19.298380998698267], [147.04740699361068, -19.298080008719424], [147.04704298278284, -19.297750008411235], [147.04672598348876, -19.297555018938255], [147.04639397334626, -19.29733700855745], [147.04605397358765, -19.29713500860456], [147.04565897357745, -19.296954008716146], [147.04512899361094, -19.296827008876335], [147.04474198321688, -19.296773998913434], [147.044496992876, -19.296774998525688], [147.0442439832745, -19.296811998587742], [147.0438400028064, -19.296947008894417], [147.0436360034902, -19.29710200875225], [147.04355197328192, -19.29732899896915], [147.04356800281985, -19.297530998682603], [147.04362198348358, -19.297721018978628], [147.04244197359438, -19.297923019055975], [147.04185100341, -19.29751901865191], [147.0413919831644, -19.29702500907098], [147.04126999284716, -19.296778018558552], [147.04097898361084, -19.296038018965803], [147.04067300305204, -19.2956600090924], [147.0405199930097, -19.294891018749457], [147.04041297311662, -19.294310009095728], [147.0404590027918, -19.293888998434472], [147.04073399326995, -19.2933810084706], [147.04125298324726, -19.292872018989772], [147.04163598356186, -19.292567008456746], [147.0419260136345, -19.292567008456746], [147.04243098360513, -19.292799018408026], [147.0426599929172, -19.29298800895268], [147.0425990035976, -19.29349600861494], [147.04238500333736, -19.294091998631234], [147.0421710030771, -19.294628998418123], [147.04204898311542, -19.294948008315224], [147.04208000284052, -19.295573018472112], [147.0422479734256, -19.295950008580704], [147.04241799306786, -19.29611700901763], [147.04255801347117, -19.29613800858838], [147.0427170035984, -19.29603199837324], [147.0430090027781, -19.29567000867402], [147.04323800310698, -19.2952080085437], [147.04338298310898, -19.294852019005145], [147.0434390128299, -19.29438400863035], [147.0434390128299, -19.293995008342012], [147.04326497322668, -19.29334999864899], [147.0430779835105, -19.2929409989518], [147.04278599331388, -19.29262500864376], [147.0425360029501, -19.292493008948433], [147.04226498302552, -19.292269008399717], [147.04198098334334, -19.29209701855041], [147.04239872330672, -19.291530198336606], [147.04239708298297, -19.29116799858167], [147.04242569342645, -19.29108319903171], [147.04250570277557, -19.290937198783762], [147.04316398282586, -19.2907520086074], [147.04320099341555, -19.29044000843794], [147.0432566934548, -19.289743188361225], [147.04331670361069, -19.289507178843778], [147.04341769311324, -19.289271178312823], [147.0436056628915, -19.28893218873901], [147.04396764352686, -19.28833918910183], [147.0439876436183, -19.2882431687836], [147.0440546534469, -19.28775817908538], [147.04414867292118, -19.287516178868476], [147.04420164298023, -19.28717118848349], [147.04430865299182, -19.28685216851784], [147.04439560362314, -19.28645018846876], [147.04438162314236, -19.286425178778618], [147.04465562277872, -19.284644179031503], [147.04477560356472, -19.283981178770212], [147.04482863291256, -19.283534178356728], [147.04486860345114, -19.282373178673424], [147.0449145936004, -19.281997179047792], [147.04490758314793, -19.28174816899727], [147.0450545735796, -19.281097178945572], [147.0450745727727, -19.28084818872496], [147.0450545735796, -19.28068917887545], [147.0449185731371, -19.27994917863225], [147.04484458339877, -19.27963617851215], [147.04465661362053, -19.27938817900548], [147.04446159296558, -19.279158168993188], [147.0443875735828, -19.279114178772037], [147.04421259344352, -19.2791271886995], [147.0441326236203, -19.279088188591857], [147.04411860361367, -19.279037179109785], [147.04399760323983, -19.278897178320697], [147.04380959303737, -19.278744178478345], [147.0436815831094, -19.27858516828218], [147.04346660278722, -19.278413198825092], [147.04352657341724, -19.27813219887847], [147.04427259281965, -19.278074178294723], [147.04452755356192, -19.278035188959667], [147.04471556286606, -19.27796517840052], [147.04491054309676, -19.27783717851776], [147.04512458288292, -19.27776017910321], [147.0455345434359, -19.27747918905972], [147.04562156323746, -19.277396178374417], [147.04576957325688, -19.277198168856042], [147.04582253343452, -19.27684117858345], [147.0458765536241, -19.27674517865803], [147.04611752310583, -19.276356158510552], [147.04616453284294, -19.27622216911982], [147.0462045429074, -19.27573714891022], [147.04641850364175, -19.27522715911056], [147.0464455132874, -19.2749971483437], [147.04651253299753, -19.27475415835478], [147.04659253336342, -19.274588158771582], [147.04665352358128, -19.27451816878641], [147.04678051302318, -19.27441615883188], [147.04689450294447, -19.274352168964057], [147.0473584935685, -19.27419215899469], [147.04795548336367, -19.274032159044655], [147.0481234934746, -19.273943168454316], [147.04840549350692, -19.273751138864068], [147.0487074532065, -19.273508138547623], [147.04896244359313, -19.27324014906252], [147.04905044345674, -19.273208148390303], [147.04950746315413, -19.273106138468158], [147.0499704629364, -19.27294614848122], [147.05025242344283, -19.272780148762223], [147.05036641336417, -19.27273511891076], [147.0510609727756, -19.272536998610494], [147.05116544324983, -19.27256212828948], [147.05124643355919, -19.27261312876399], [147.05174699280184, -19.272767008591057], [147.05202541304777, -19.27276512863746], [147.05218740354798, -19.272854128347298], [147.05226441342234, -19.272936118680914], [147.05257039308282, -19.273224128375926], [147.05282640305737, -19.27340211876896], [147.0531284130626, -19.273645118394693], [147.05325039349842, -19.27379111879564], [147.05343840280253, -19.27407211855649], [147.0535193931119, -19.27422512869794], [147.05361338294182, -19.27433312878737], [147.05404339299355, -19.27446011893993], [147.05413040291367, -19.274511098472576], [147.0544533930724, -19.27477209867658], [147.0545614029089, -19.274817108465133], [147.0547517127985, -19.27494719838644], [147.05476941320285, -19.274970108583304], [147.05491037324398, -19.2750270982989], [147.0550583832634, -19.275059108791382], [147.05511937348135, -19.275046098540848], [147.05517241360897, -19.274995098823652], [147.0551863931914, -19.27494410841813], [147.05524037295686, -19.27488009840544], [147.0553403832957, -19.27484209872879], [147.0556903435742, -19.27488609857673], [147.05624138364422, -19.274988109086614], [147.05656335331676, -19.275070098352387], [147.05663737359788, -19.27510910874418], [147.05673837298193, -19.275057108453765], [147.056825382902, -19.275070098352387], [147.0570743527796, -19.27529910842555], [147.05726236298207, -19.275433108746693], [147.05736335338295, -19.27558010899192], [147.05741737357252, -19.275759108437573], [147.0574983728651, -19.275886108508303], [147.0575183729566, -19.276122098650227], [147.05757936317445, -19.276256108473696], [147.05772733276976, -19.27635810880307], [147.0578353435046, -19.276370109037156], [147.05787534278926, -19.276409088593073], [147.0580503633527, -19.276677078830517], [147.05825235313756, -19.27677908907321], [147.05837335351143, -19.276740088406566], [147.05881635320216, -19.276752078437266], [147.05885635338518, -19.27672708846492], [147.05889635356814, -19.276650088528598], [147.05888332350492, -19.27659908846275], [147.05891033315058, -19.276561088336837], [147.0590373234907, -19.27657408829165], [147.0591053232628, -19.276554088491196], [147.05932034311084, -19.276452078956368], [147.05954835349627, -19.276452078956368], [147.05963533287368, -19.27648408832249], [147.06014035315, -19.27679608879559], [147.06020733333423, -19.276853088899372], [147.0604223136564, -19.27696108895237], [147.0605702832517, -19.27698708879745], [147.0611342833163, -19.276878089027893], [147.06138328283836, -19.276775098615392], [147.061436322966, -19.276699078933554], [147.0614623031423, -19.2760480789909], [147.0613413135483, -19.27589508835895], [147.0613143030043, -19.27558907868388], [147.06134032360484, -19.27521907890797], [147.06143431343466, -19.2751550885058], [147.06142832346836, -19.275123078880007], [147.06133331315235, -19.274881078648257], [147.06127929296275, -19.274587078467444], [147.06113829339574, -19.274288088339148], [147.06124528364438, -19.274160078799728], [147.0613262730555, -19.274134088681596], [147.06135229365603, -19.27409608883192], [147.06133926359277, -19.274045088818998], [147.06127229329005, -19.27398109880626], [147.06123126363775, -19.273752078411242], [147.06112326278443, -19.273662078587815], [147.06083527278577, -19.273669088732603], [147.06069329315685, -19.273650088330978], [147.06061331345214, -19.27357409857396], [147.06059233329864, -19.27344007892508], [147.06055929326254, -19.273357089088407], [147.06045830286166, -19.27326708904805], [147.06023631298527, -19.27314008864315], [147.06019630292082, -19.27314008864315], [147.06001731360047, -19.273025088618915], [147.05994033337052, -19.272796099110586], [147.05969129342427, -19.272330078643616], [147.05957029305046, -19.272050079050434], [147.0595152927989, -19.27179507903496], [147.05942130296904, -19.27125907875958], [147.059366292836, -19.27063408858356], [147.05927231288757, -19.270047088341553], [147.05913631334346, -19.269562108364713], [147.05878529305292, -19.268044108767906], [147.05873229334952, -19.267878108323448], [147.0582592530973, -19.26586310887316], [147.05748829286932, -19.262150108943793], [147.05739427339503, -19.26160209871099], [147.05721725318173, -19.260135098451624], [147.05714224295727, -19.259089109079447], [147.05716224304868, -19.25870610884718], [147.0572152436505, -19.258285099117035], [147.0572752133822, -19.257998108817254], [147.05726221296342, -19.25798510908516], [147.0572952134737, -19.25785110891653], [147.05746322358465, -19.257328098451733], [147.05766320293998, -19.256836108994662], [147.05783118340648, -19.256524108689725], [147.0579722135162, -19.256440098557874], [147.05826899352988, -19.25642901870189], [147.05847098331483, -19.25642901870189], [147.0586911936286, -19.256420098844874], [147.05891322303083, -19.256465108584354], [147.05896720279628, -19.256503109128992], [147.05904717351785, -19.256516118307143], [147.05941020338537, -19.25675810833804], [147.05947119360331, -19.256771098838755], [147.05988200306416, -19.256735009023615], [147.06017619323484, -19.25669310832785], [147.06027018306477, -19.25664209866011], [147.0604049734765, -19.256581008988288], [147.0605121730326, -19.256463108867873], [147.06057816327336, -19.256400099129454], [147.06057816327336, -19.25631009910776], [147.06051816299893, -19.25618910847075], [147.06051115344476, -19.256030098441805], [147.06036314342526, -19.25585110882973], [147.06032318276817, -19.25572410850106], [147.06018820281193, -19.255520108388286], [147.06016119316624, -19.255341108890995], [147.06012717306817, -19.255284108938987], [147.05999917302162, -19.255124099014335], [147.05999917302162, -19.25481810907952], [147.05989116318514, -19.2546331087518], [147.05973016352664, -19.25444810906349], [147.05973016352664, -19.254410108890813], [147.0596291731258, -19.254282108422917], [147.05948116310628, -19.254193108807296], [147.05934019318374, -19.254180098596827], [147.05931318353805, -19.254155108575553], [147.0590571735636, -19.253798108825098], [147.05895016355194, -19.25353709897329], [147.05881514317147, -19.253345098908284], [147.05862717339323, -19.253135108438762], [147.05854617320242, -19.25308410868948], [147.05846518289303, -19.253071098391047], [147.05835816299995, -19.253008108551423], [147.05831717287353, -19.253008108551423], [147.05822315339924, -19.252957098585743], [147.058082152934, -19.252785109025503], [147.05795418343018, -19.252689108581052], [147.05765820291705, -19.252651108848948], [147.0575642130872, -19.252511108420965], [147.05757819356796, -19.252447108306708], [147.0576452132781, -19.252370098661473], [147.05768518291833, -19.252255098485158], [147.05783318305635, -19.25216609861787], [147.0578591731141, -19.25205109914661], [147.05795316294402, -19.25197510870694], [147.05796717306916, -19.25188509862462], [147.05795316294402, -19.251809098779177], [147.0580341532534, -19.25175110873795], [147.05799316312698, -19.251592119001213], [147.0576371832378, -19.251298118610865], [147.0575091733098, -19.25122211849348], [147.05742818300035, -19.25121012913973], [147.0573611632903, -19.251171128326487], [147.05724718325038, -19.251031119002747], [147.05709220320267, -19.250916128912912], [147.05700518340112, -19.25090411833467], [147.05668920279655, -19.25094211847142], [147.05664920351185, -19.25090411833467], [147.05651418313136, -19.25063612836863], [147.05652718355017, -19.250394128458243], [147.05656820332104, -19.250336118410857], [147.05666117356304, -19.25024011907753], [147.0566211634986, -19.250024128641126], [147.05666818311718, -19.249928118948183], [147.05666818311718, -19.249762118822368], [147.05658017337217, -19.24932812897036], [147.05662018343662, -19.249150118378967], [147.05660018334513, -19.24904812910837], [147.05651217360014, -19.248786128756315], [147.05639114358186, -19.24858212849679], [147.05643815331905, -19.248550128948583], [147.0565921829492, -19.248544128661557], [147.05667617363164, -19.24845812904656], [147.05662215344205, -19.24829911830871], [147.05646717339425, -19.24803811836648], [147.05636617311194, -19.24795512839378], [147.0562581731569, -19.24796811874352], [147.05611016313742, -19.247905118463688], [147.0558411635239, -19.247727119049998], [147.0557071735111, -19.247714128681228], [147.05558617313727, -19.247791128638415], [147.05546517276343, -19.247753128619998], [147.05522318279554, -19.24757511886424], [147.05451822358813, -19.247584129101003], [147.05442321327212, -19.247609118426997], [147.05406821344488, -19.247629118366085], [147.05377223293183, -19.24751512834909], [147.05354319307708, -19.247305128721365], [147.05311220296332, -19.246796119094636], [147.05262620361484, -19.246064128911996], [147.05248422308753, -19.245739138798204], [147.05220718355227, -19.24533813841317], [147.05197818322338, -19.24483413844521], [147.0519512131036, -19.244713148674183], [147.05176119336983, -19.244382148660893], [147.05173520331206, -19.244293148763806], [147.05168122354664, -19.24421614886155], [147.0516002233558, -19.244012148857717], [147.05155920358496, -19.24396214875158], [147.05155920358496, -19.24392314875999], [147.05130319361047, -19.243541158856104], [147.05119518287566, -19.243325148576602], [147.05122121335762, -19.243223159078273], [147.05117420362052, -19.24308916890351], [147.05119420281363, -19.243006158617494], [147.05127421306105, -19.24298016865021], [147.05134122288965, -19.242916158881584], [147.05136823343366, -19.24282015860002], [147.05135421342703, -19.24275014911825], [147.05112521309815, -19.24248315850109], [147.0511122234592, -19.242375158637596], [147.05113821351696, -19.24220915850463], [147.05117821280163, -19.24213815899432], [147.05116423321914, -19.24183216858953], [147.0512311729792, -19.24178115854212], [147.05124420304242, -19.24171716866112], [147.0511771932138, -19.241654158348467], [147.05119018285276, -19.241552189015177], [147.05116317320707, -19.24145616842881], [147.05109517343507, -19.24133517871212], [147.05114919362467, -19.2412841786879], [147.05114919362467, -19.24124517890812], [147.0510811929543, -19.241175178932245], [147.05070422303012, -19.24061517889862], [147.05053621291918, -19.24045017863795], [147.05050219282106, -19.24044418908059], [147.05044821305566, -19.240367189068976], [147.0504751831754, -19.240290168665922], [147.0504751831754, -19.240227198516234], [147.05044821305566, -19.240182208918416], [147.05029918344835, -19.240010189005964], [147.0501922030811, -19.239972188882266], [147.0500842031261, -19.239858198636096], [147.04989622346642, -19.239820198477208], [147.04965324355507, -19.239565189059164], [147.0494782229916, -19.23946421839007], [147.04943822280865, -19.239362208681825], [147.04938424304328, -19.239311228400133], [147.04902825327255, -19.239191218406837], [147.04868522349645, -19.239147218311146], [147.04851024335724, -19.239147218311146], [147.04836322328123, -19.239211218523543], [147.04825624291402, -19.239352218386625], [147.04824222290736, -19.23941620834139], [147.04832322309824, -19.239492208837383], [147.04824321285085, -19.23959421846488], [147.04825624291402, -19.239684218325863], [147.04829723304044, -19.239747218368823], [147.04823022321182, -19.23981122852503], [147.04808224283676, -19.23983721899407], [147.04774725298248, -19.24006720868226], [147.04750525313315, -19.240094238931373], [147.04737728362934, -19.240075238880372], [147.04707524308134, -19.239980238592256], [147.04675927325653, -19.239815238541517], [147.04627425307177, -19.23951024885709], [147.04594429288477, -19.23921124905679], [147.04571525303, -19.238892258736527], [147.04531025297405, -19.23818527834759], [147.04493926313478, -19.237325269147487], [147.04442531360453, -19.235949298831038], [147.04422131339, -19.235312298945576], [147.04396530341546, -19.234636308810025], [147.04380225290325, -19.234012328364063], [147.04362625317611, -19.233463319148793], [147.04348324317954, -19.232922328467918], [147.04349627324274, -19.232896328422513], [147.04330027342414, -19.232125348954433], [147.04309525362183, -19.230952368500652], [147.04296027276723, -19.230314358545247], [147.04295228315104, -19.230136368896623], [147.04297630320343, -19.229837358813146], [147.04314029335347, -19.22982336870458], [147.04317329296546, -19.229797358838447], [147.0435552629125, -19.22941436912642], [147.04378324275518, -19.229439368851963], [147.0439312428932, -19.22941335892507], [147.04402527314724, -19.229310368395222], [147.04399826350158, -19.22927236834001], [147.04399826350158, -19.229208358316605], [147.04411823350782, -19.228991369020285], [147.0442252534008, -19.22891536875343], [147.04438724300275, -19.228863369086305], [147.0445272229819, -19.22860136875135], [147.04457423361734, -19.228557359032546], [147.04465424296643, -19.22853136847458], [147.0446882630646, -19.228499359080622], [147.04495200304208, -19.22831600852752], [147.04486400317856, -19.227267998643836], [147.04490098322552, -19.226879998601387], [147.04501800316436, -19.226485008383467], [147.04499120282617, -19.226075378753265], [147.04503117336475, -19.22593437851764], [147.04507720303988, -19.22559637849475], [147.04504920345082, -19.225392379108097], [147.04499518326116, -19.225297378808303], [147.04491098327128, -19.225111008417777], [147.04464697290084, -19.22475801865446], [147.0444649832074, -19.224655009089883], [147.0443180035556, -19.224450008481167], [147.0440979827863, -19.22412199832329], [147.04400399295648, -19.223945008807544], [147.04390321276134, -19.22371139836935], [147.04378222316737, -19.22349442895585], [147.04368122288497, -19.223399408897713], [147.04366023285004, -19.223252408547168], [147.0436062135588, -19.223157408706545], [147.04332323346446, -19.22285141856101], [147.04324322321708, -19.222730418530585], [147.04320223309068, -19.222545418515093], [147.04322125312018, -19.222367428931687], [147.04326523283987, -19.222248418499365], [147.0433622535855, -19.222073428797476], [147.04343521295627, -19.221984418506043], [147.04367020325142, -19.221798418429547], [147.04379119284545, -19.221772408989395], [147.0438312029099, -19.221798418429547], [147.04396519292268, -19.221772408989395], [147.0440191735865, -19.221721428337244], [147.04404618323207, -19.221657418764856], [147.04412619347949, -19.221580418427642], [147.04411221299873, -19.22131242894712], [147.04419222324614, -19.22119740871237], [147.04417919318297, -19.22105741878475], [147.04423222342916, -19.220955408671326], [147.04439319344317, -19.220802418405533], [147.04437917343654, -19.220700428491597], [147.04429822355138, -19.22054743883669], [147.04443221356422, -19.220330449128983], [147.04433720324818, -19.219832448391987], [147.04424219293216, -19.219718428899917], [147.04422219284072, -19.21960944876169], [147.04412119345665, -19.219361439091163], [147.04408020333022, -19.219310428850658], [147.04408020333022, -19.219259449131226], [147.04412021339468, -19.21922044836285], [147.04412021339468, -19.219170439012178], [147.04403918355942, -19.21905544866351], [147.04398519301418, -19.21901744878126], [147.04391821282996, -19.21901746913924], [147.043810212875, -19.21890244899478], [147.0434402129791, -19.218661449055897], [147.04326622278327, -19.21861046913516], [147.0430302129003, -19.218419448673668], [147.04299622334486, -19.21841345916114], [147.04292319300725, -19.218420448763595], [147.04286920336034, -19.218458448783885], [147.04280219353174, -19.21843345841482], [147.04270119324934, -19.21836948912622], [147.04248519333933, -19.21819746842383], [147.04239821306362, -19.218096478681776], [147.04229020322708, -19.21787947895213], [147.04198025301304, -19.217452478456032], [147.04198025301304, -19.21742747860318], [147.04203324283503, -19.21735046864984], [147.04200623318937, -19.217236489000676], [147.04185823305136, -19.216968498374786], [147.0418712235887, -19.216789489079506], [147.0418302334623, -19.21673848906817], [147.0418032229183, -19.21657949851164], [147.0418162233371, -19.216407488659904], [147.04175322358793, -19.215520499115396], [147.04168620297955, -19.21532950899371], [147.04167222339706, -19.21517651858086], [147.04170522300902, -19.215068508396936], [147.04167821336335, -19.214978508621584], [147.0415572129896, -19.214890509019785], [147.04158422353353, -19.214826508662902], [147.04149622277166, -19.214526518957772], [147.0414212134454, -19.214342519153664], [147.04148823315555, -19.214252508801557], [147.0415012227945, -19.214175518567693], [147.04147421314892, -19.214073508424516], [147.0414072033203, -19.21402351871486], [147.0414072033203, -19.213984498890362], [147.04148720278786, -19.213882508987275], [147.04148720278786, -19.213844518936742], [147.04139322283953, -19.2137175285298], [147.0413862132853, -19.21354453846733], [147.0413322335199, -19.213404528449402], [147.04131821351328, -19.213289528977516], [147.04131018347297, -19.212760528504575], [147.04140318335934, -19.21259452898192], [147.04140318335934, -19.212530528579503], [147.0413762132396, -19.21250553900582], [147.0412962029922, -19.212530528579503], [147.0412962029922, -19.21250553900582], [147.04134920359394, -19.212256528669208], [147.04132821355904, -19.212154538542492], [147.04128821337602, -19.212078518613], [147.04126821328458, -19.211976528375857], [147.0413151834958, -19.211937538603834], [147.04149622277166, -19.211905528522568], [147.04149622277166, -19.21185452869268], [147.041469213126, -19.21182952883685], [147.0413882228166, -19.21182952883685], [147.04133420352534, -19.211701529108105], [147.04121320315153, -19.211676558919052], [147.04113221284214, -19.2115685489806], [147.04102420300558, -19.211370549096824], [147.04096317326187, -19.21094354866015], [147.04080717362623, -19.210427548379265], [147.0405912033606, -19.210057568799428], [147.0404962334687, -19.20980956847065], [147.04042823279835, -19.20952255876063], [147.04050718303372, -19.209150568368962], [147.04073622288848, -19.208858558464907], [147.04076221294625, -19.20873055896843], [147.04072220288185, -19.208667569087574], [147.04068121275543, -19.2086415787774], [147.04064121347074, -19.2085655784314], [147.04064121347074, -19.208501568826076], [147.0406951932362, -19.208425568415368], [147.04057321280038, -19.208246578660933], [147.04058620333768, -19.208118578688108], [147.0406532230478, -19.208067588711682], [147.0406532230478, -19.208042578948728], [147.04051919350908, -19.207940588753225], [147.04051820356568, -19.20783857898343], [147.04035720300888, -19.207724588498476], [147.0402351830472, -19.207520588987066], [147.04010718300066, -19.20723359903487], [147.0399922031359, -19.20693457867034], [147.03983022341538, -19.20669860865154], [147.03956822347462, -19.206380598636418], [147.03942718348338, -19.20628559837693], [147.03935918281303, -19.206151598435557], [147.03893520315177, -19.2057246183804], [147.0386452135033, -19.205508618608587], [147.03839022311666, -19.205445628342066], [147.03833623346975, -19.205407628707476], [147.03814125323905, -19.20536962906416], [147.0379202434246, -19.20528063857154], [147.03780523301708, -19.205217649066018], [147.03752925349386, -19.20503963902532], [147.03748925331084, -19.20503963902532], [147.0372672230103, -19.204905649097032], [147.03693124321256, -19.204740648605025], [147.0365812434082, -19.20447364881554], [147.0365472233101, -19.20442965893449], [147.0359892832804, -19.204022658449308], [147.03476427318532, -19.202940708835957], [147.03408526361147, -19.202521699034225], [147.03397729330086, -19.202496708788033], [147.03389630299148, -19.202445698405395], [147.0337153032415, -19.202388698759062], [147.03352729303907, -19.202350718778394], [147.032962303031, -19.202160708459616], [147.03245130356817, -19.20195770902442], [147.0314973430421, -19.201704738789594], [147.03104036287053, -19.201540738672854], [147.03053633343598, -19.201420748601894], [147.0302403529229, -19.20126774864266], [147.0298773634795, -19.20121774910198], [147.0294133728555, -19.20095076904487], [147.0290973536234, -19.20068377837435], [147.0288003930483, -19.200384769008664], [147.0285583635546, -19.200053778948828], [147.02845035281976, -19.199868778868048], [147.02841637314583, -19.199734788969888], [147.0284083835297, -19.19955078873511], [147.0284623632951, -19.199345789061145], [147.02836838334667, -19.19918078893111], [147.02839436352306, -19.198892798642213], [147.02838038304225, -19.198810789143455], [147.02843437358746, -19.1987587791052], [147.02843437358746, -19.198720778774415], [147.02838038304225, -19.19864478911509], [147.02840736304356, -19.198516779125658], [147.0285273330497, -19.198427798499758], [147.02838637300863, -19.198299818882358], [147.0282043833152, -19.19819880843713], [147.0280503527867, -19.198141809016185], [147.02776138362444, -19.19810979879513], [147.027720393498, -19.19796980872386], [147.02769338295403, -19.19794479912238], [147.0275793633883, -19.197950808892635], [147.02745241347236, -19.1979958083554], [147.0274113829217, -19.19803479888726], [147.0272903834462, -19.1979458188491], [147.0273033829667, -19.197881808504793], [147.0271964034978, -19.197779818796462], [147.02714238330822, -19.1976528185307], [147.02706138311734, -19.197601808343016], [147.02695440275014, -19.197627819061374], [147.0269534235865, -19.197537819073904], [147.0267924131482, -19.197550828680438], [147.02675241296524, -19.197525828347246], [147.02665839349098, -19.197372838339945], [147.02665138303854, -19.197315819120583], [147.02673840284012, -19.197283829099508], [147.02673840284012, -19.197244838389704], [147.02667040306804, -19.197181818659864], [147.02659039282062, -19.197207838776595], [147.02652337311056, -19.197117828379067], [147.02641537315554, -19.19705481878095], [147.02626740356024, -19.197029828552747], [147.02613341354737, -19.197105829138195], [147.02601241317353, -19.197029828552747], [147.02586440315412, -19.196991828671017], [147.02574337313584, -19.19690282855653], [147.02558138353396, -19.196692828715126], [147.02543341304033, -19.19644483877812], [147.02537242282241, -19.19623484853271], [147.0253454131768, -19.19597883912709], [147.02529741349625, -19.19581984886246], [147.0251624335399, -19.195654848590404], [147.0251624029972, -19.19562883840857], [147.0251894135412, -19.19560284858348], [147.02545838351026, -19.19560284858348], [147.0254444030295, -19.19553883902458], [147.02532340355398, -19.195423838938822], [147.0248534328451, -19.195374859061754], [147.02482642319944, -19.1953998486929], [147.02488044338912, -19.195437848942206], [147.02488044338912, -19.195463838793348], [147.0247264128606, -19.19550884911664], [147.024417432827, -19.195540858995265], [147.02411441311543, -19.195477858973756], [147.02387942282024, -19.195344869123947], [147.0236234128457, -19.195153869147564], [147.0234954127992, -19.1950138587459], [147.02338842344884, -19.194841868758253], [147.0233474027797, -19.194682858731003], [147.0233474027797, -19.194637868542834], [147.02348143321677, -19.194560869127702], [147.0234544235711, -19.194458858696926], [147.02348143321677, -19.194420868402073], [147.02343343353613, -19.194350858662464], [147.02323841288128, -19.19422986905015], [147.0231784431495, -19.194255859092024], [147.02311143332088, -19.194255859092024], [147.02307044319446, -19.194230868438787], [147.02302342357584, -19.194230868438787], [147.02295648291755, -19.194332858649826], [147.02290345356968, -19.19435788916129], [147.02282946293298, -19.19431988866261], [147.02253345277555, -19.194065888631478], [147.02224346312707, -19.19383687892522], [147.02215648285136, -19.193664878375426], [147.02204147334217, -19.193505888420606], [147.0220344628897, -19.193141888364664], [147.02202048330724, -19.193001878796593], [147.02173647284533, -19.19226287885064], [147.02168847316474, -19.192064888817477], [147.02170245274718, -19.19202087865122], [147.02176947335562, -19.191949878668904], [147.02170147358353, -19.19188687896966], [147.0216754431016, -19.191783878507195], [147.0217824629946, -19.19170787885767], [147.021755453349, -19.191592878640392], [147.02172147277673, -19.191567888431212], [147.02167446303963, -19.191580878996707], [147.0216334729132, -19.191541878451876], [147.0214984633125, -19.191235888866704], [147.02152546307667, -19.191095878525772], [147.0214174631216, -19.19096287834814], [147.02136344293203, -19.190828888834485], [147.02124244345652, -19.19062488873574], [147.02124244345652, -19.190585888812876], [147.0213224528056, -19.190547889140145], [147.02136246287006, -19.19047087847936], [147.02130847322317, -19.190420888384235], [147.0212684730402, -19.190177888608737], [147.02130847322317, -19.190139888841824], [147.021429473597, -19.19016488860016], [147.021429473597, -19.190126888830257], [147.02140246305302, -19.19010086844248], [147.0213214727436, -19.1900888890516], [147.0213214727436, -19.18999987841717], [147.0214014731096, -19.18998687839452], [147.0213884834706, -19.189935888737676], [147.0213214727436, -19.18988488888426], [147.021307452737, -19.189833878834193], [147.02137446346393, -19.189782878949167], [147.0213614729266, -19.18973188838072], [147.02117247278073, -19.189565888527554], [147.02101045353436, -19.189132879096984], [147.02103746318002, -19.189106889094653], [147.02110447300865, -19.189132879096984], [147.02115846355386, -19.189119868825067], [147.02115846355386, -19.18906888908052], [147.020942452864, -19.188864908859365], [147.02092946322497, -19.188813898493265], [147.02097647296216, -19.188794898453523], [147.02100946359096, -19.188749888839506], [147.0209954534658, -19.18867389881858], [147.02102246311145, -19.188609898442817], [147.0209954534658, -19.188583888844562], [147.02087445309192, -19.188545888709722], [147.02087445309192, -19.18844489857894], [147.02079346278256, -19.188354898660606], [147.0207864532284, -19.18824689886335], [147.0207394434913, -19.18815089888984], [147.02064545276312, -19.188074898411543], [147.02069246339855, -19.188055899134902], [147.02071246348999, -19.188036899007646], [147.02057745299103, -19.18784590836809], [147.0205634329844, -19.1877559089707], [147.02026746325112, -19.187475908551402], [147.02026746325112, -19.187450899052195], [147.02029447289678, -19.18743790900925], [147.02040247285183, -19.18750089853329], [147.02045543302938, -19.187475908551402], [147.02045543302938, -19.18743790900925], [147.02038145317246, -19.18734189838307], [147.02020646315174, -19.18723388858879], [147.02010547275086, -19.187182909108675], [147.01999845285783, -19.187144908650485], [147.01995845357314, -19.187144908650485], [147.01990446302793, -19.187183908540096], [147.0198234331927, -19.18718391872108], [147.01967648318524, -19.187298918624602], [147.01946146333717, -19.187324908912373], [147.01940846273544, -19.18738891912017], [147.01931349284357, -19.18738891912017], [147.01922647304198, -19.187357918964455], [147.0187434731682, -19.187307908410602], [147.01861546324022, -19.187275929170646], [147.0183935128898, -19.187148919103358], [147.01749251343952, -19.186487938815958], [147.01710853306292, -19.18610594863124], [147.0168665332136, -19.185927939127563], [147.01677152289759, -19.18581895866075], [147.01667053339503, -19.185449958821714], [147.01666352294254, -19.185391958937334], [147.01669053348652, -19.185366968635382], [147.01679751295535, -19.185366968635382], [147.01681050349268, -19.1853219487516], [147.01679751295535, -19.185263959003265], [147.0167165235443, -19.185149958819103], [147.01668954354307, -19.184970948837066], [147.01668954354307, -19.18490795834521], [147.0167154931767, -19.18486895876494], [147.01691752338579, -19.18486895876494], [147.01710550304546, -19.18474095842433], [147.017138492776, -19.184618938546247], [147.01715751280548, -19.184370958417972], [147.0170634933312, -19.184255968347525], [147.01694249295736, -19.184230949026574], [147.01690248289296, -19.184192958916743], [147.01692851337495, -19.184134958589627], [147.01688850331047, -19.183860948722756], [147.01694150301395, -19.18384794906384], [147.01696851355788, -19.183885968948385], [147.01699549355916, -19.183873958561804], [147.0169074829158, -19.18359995844183], [147.01685350315043, -19.183242958973302], [147.01680550346984, -19.183082958649017], [147.01676550328682, -19.183031949037037], [147.0167514832802, -19.18295594874139], [147.01657650314095, -19.182770948957966], [147.01633349358522, -19.182375958860245], [147.01626647297687, -19.182293948768656], [147.01607853284295, -19.182293948768656], [147.01598454301313, -19.182268969026236], [147.01582351281195, -19.182179968587924], [147.0157825235838, -19.182179968587924], [147.01567550279248, -19.18211597841477], [147.01563550350775, -19.18211597841477], [147.01560852350656, -19.182077978484184], [147.015648533571, -19.18201396875726], [147.01558053290066, -19.18197596880315], [147.0154195233607, -19.181976969114633], [147.01523254352585, -19.182053968476193], [147.01499050325236, -19.182040978855948], [147.0149634936067, -19.18201596853132], [147.01497652277155, -19.181989979102504], [147.0149225133617, -19.181938969152], [147.01479552302163, -19.18190797900002], [147.01443253357823, -19.18186999853559], [147.01422353334084, -19.18181298837003], [147.0141565531566, -19.181851998855276], [147.0141565531566, -19.181876999023526], [147.0142105428035, -19.18192799881194], [147.01418455274575, -19.181965998777105], [147.01404957278947, -19.181966999088676], [147.01386156348534, -19.181826988501953], [147.01368056283704, -19.181775988682254], [147.01360653357278, -19.181814998327845], [147.0135255432634, -19.181814998327845], [147.01347258308584, -19.181878988617942], [147.01347258308584, -19.18201899916046], [147.01333855354713, -19.18200699881902], [147.01327154282018, -19.182070989034553], [147.01321755317326, -19.182210998565385], [147.01327154282018, -19.182261999098813], [147.01335257355376, -19.182286989023538], [147.0132585432997, -19.182376999045896], [147.0132585432997, -19.1824209888822], [147.01332556300983, -19.182542998510694], [147.01344754344564, -19.182656988621414], [147.01352755279473, -19.18266999855557], [147.01355456333863, -19.182694988418376], [147.01357554349212, -19.182904989147744], [147.01378458325536, -19.18327498905407], [147.01405355322447, -19.18357397859573], [147.01416155317952, -19.183649978606173], [147.01423554291793, -19.183732968809398], [147.01451757349292, -19.183955968715004], [147.0149485734881, -19.184241978603247], [147.01499554280107, -19.184285968789805], [147.01500956280773, -19.18457997877361], [147.01495054349357, -19.185159968528307], [147.0149175429833, -19.185332979103638], [147.01479658303361, -19.185510968888362], [147.01466255349493, -19.18560096866436], [147.014622553312, -19.18560096866436], [147.01455553360188, -19.185651978329034], [147.01432157277603, -19.185952968371716], [147.01422057339204, -19.186149979043968], [147.01423455297444, -19.18621396849805], [147.01450356336773, -19.186550978760042], [147.0146455429967, -19.186843969146334], [147.0147405533127, -19.18709896872341], [147.01477453298665, -19.18736096900879], [147.01477453298665, -19.18743796839812], [147.01470756358222, -19.187641978384764], [147.01449356332202, -19.187973969077355], [147.01448056290323, -19.18803797903278], [147.01438657307332, -19.18820397872976], [147.0144135836173, -19.188266968809135], [147.0146895631406, -19.188400958711124], [147.01476355287895, -19.188444958815875], [147.01492557302365, -19.188648959070694], [147.01497258276075, -19.18880796898791], [147.01497955278901, -19.189030958626784], [147.0149395535044, -19.189120948843104], [147.01496656314998, -19.189171948933215], [147.01508055307133, -19.189254958411748], [147.01526955321728, -19.189342948820563], [147.01540354323006, -19.189355948894057], [147.01551756279585, -19.18938795912085], [147.01565258317632, -19.189463958993002], [147.01632557313943, -19.19017594917008], [147.0166145333185, -19.190379948976755], [147.01667553341787, -19.190417948688214], [147.01682350301317, -19.190455948390944], [147.0170115132156, -19.190608938889135], [147.01707852304423, -19.190620948784446], [147.0172875232816, -19.190754918954248], [147.0174885330045, -19.190843928332047], [147.01778553310547, -19.191104928340355], [147.01814151299467, -19.19134592878344], [147.01834350277957, -19.19154991865633], [147.01847151360587, -19.19183591874661], [147.01867551292207, -19.192639908661334], [147.0187165335912, -19.192996898783576], [147.0187835128771, -19.19317490912771], [147.01881151336448, -19.193429888717812], [147.01881253295235, -19.194016918530814], [147.0187665032772, -19.194277918598164], [147.01877950279766, -19.194290919130285], [147.01872055355207, -19.194565918660217], [147.01870055346063, -19.194775918670512], [147.01872752358034, -19.194928908546967], [147.01885553350834, -19.195100928985116], [147.0189095132738, -19.19521591911599], [147.01899653307535, -19.195323918582798], [147.01909150296714, -19.195552918584543], [147.0192405334728, -19.19577591859863], [147.01935452339416, -19.196017898854677], [147.01946252334923, -19.196336908764653], [147.01953052312123, -19.196718898962715], [147.0196055333458, -19.196903898343148], [147.01974054294652, -19.197075888720867], [147.01979354354825, -19.19718389884411], [147.01978854352535, -19.19770089846865], [147.01972853336946, -19.19798790844497], [147.01982351314274, -19.1982049089723], [147.0198105136223, -19.19833288866351], [147.02034852362905, -19.198993879074692], [147.02092752286399, -19.19941388873495], [147.02096753292844, -19.19941388873495], [147.02101549308315, -19.199451888905664], [147.0213374932984, -19.19959786876239], [147.02139848351635, -19.199642858442875], [147.02143849358075, -19.199642858442875], [147.0216064929119, -19.199731858772072], [147.02167351352037, -19.19977585839278], [147.02181549314935, -19.199947868674045], [147.021862473242, -19.200157858422813], [147.02187649324873, -19.20031085856587], [147.02186349282994, -19.2004648689459], [147.021769503, -19.200798868950223], [147.02160347277592, -19.201210848692483], [147.0214165531283, -19.20153684903493], [147.02125551304562, -19.20175383894324], [147.02117550279823, -19.2019648486338], [147.02088055355102, -19.202309838328794], [147.02072652302257, -19.202354868836114], [147.02044452299023, -19.202329859052846], [147.0197395628845, -19.2023128685843], [147.01914855317423, -19.20232587866162], [147.01897357303503, -19.202415878575035], [147.01889356278758, -19.20250587843921], [147.01882655295898, -19.202556888803187], [147.0185715634706, -19.202620878665282], [147.01845056309685, -19.202684888862535], [147.01833055356474, -19.202825878500068], [147.0183565732669, -19.202914878804023], [147.018424573039, -19.20296588904117], [147.01843855351976, -19.20346286857671], [147.01847954274785, -19.20353286850109], [147.01907255300625, -19.204137858668393], [147.01932754339296, -19.204372868663615], [147.01938156358256, -19.20443683915616], [147.01959757337406, -19.204971838593], [147.01967856278512, -19.205112848326742], [147.01989454293226, -19.205347848445747], [147.02027757289133, -19.205639818774003], [147.02047956357453, -19.205779828616592], [147.0206275331698, -19.2058438189216], [147.02096351296757, -19.206078818844553], [147.02144852327092, -19.20662580894303], [147.02163653347338, -19.206759808498067], [147.0217585228923, -19.206810809059725], [147.02182852321252, -19.206870808502615], [147.0218725433564, -19.206873808983183], [147.02203351337042, -19.206962808793516], [147.0224505230034, -19.207089798478982], [147.02259152346878, -19.207178799020728], [147.022894513536, -19.207432778808354], [147.02298849348438, -19.207540788918376], [147.02313048299482, -19.207833788592026], [147.02317147312124, -19.20811476894646], [147.02325250295647, -19.20839476902919], [147.02345548358318, -19.208892768786065], [147.02349650335395, -19.209006768640936], [147.02349650335395, -19.209185768595894], [147.02336350328457, -19.20997677877886], [147.02333152326042, -19.210359758651087], [147.0233875134555, -19.211092748608586], [147.02335353288325, -19.211290759006374], [147.02334152330616, -19.21158375878484], [147.0232345034131, -19.21186475902859], [147.02305452325103, -19.212470758541578], [147.02306752277153, -19.212496749094782], [147.02295451291212, -19.212821758329802], [147.0228485233867, -19.213230738978318], [147.0227275230129, -19.2135747286738], [147.02225357276726, -19.21457773850964], [147.02202654334215, -19.214985738430606], [147.02196657361043, -19.215145728941952], [147.02188656336304, -19.215490738489763], [147.02177454344707, -19.21584872832825], [147.02154558354243, -19.216256728487785], [147.0211165930785, -19.216818738816887], [147.02099662307225, -19.21704872850126], [147.02047459319604, -19.217687738319576], [147.02039459283014, -19.217815738476986], [147.02017358301572, -19.218057738899837], [147.01978463315893, -19.218371738693083], [147.0193756131421, -19.21876173864379], [147.01883461354197, -19.219344728607716], [147.0182966736038, -19.2197907291323], [147.0177066529387, -19.22021274860588], [147.01746564303275, -19.220353758840776], [147.0163116636255, -19.22114775876822], [147.01576168356752, -19.22144775844308], [147.01518472350836, -19.221825768925303], [147.01474172291927, -19.222068758421823], [147.0141257130946, -19.222465768717754], [147.0134277230172, -19.222888778839824], [147.01303874351598, -19.22310577874104], [147.01288372304407, -19.223182778363483], [147.01248175300555, -19.223323778415782], [147.01081176333284, -19.22428478840543], [147.01024780279403, -19.2246557987832], [147.00987284329952, -19.224949808716676], [147.0092358128973, -19.2253848087737], [147.00919580283283, -19.2253848087737], [147.00897381295644, -19.225544798492134], [147.00787384295901, -19.226184808397004], [147.00773284339206, -19.226280809073938], [147.00762586302488, -19.22639579860754], [147.00757984323116, -19.22684880910394], [147.007580862819, -19.227116798884914], [147.00762783303028, -19.227448798962726], [147.007568853242, -19.227665808957166], [147.0075488531505, -19.227773808317068], [147.00756184278953, -19.227824818474865], [147.00753582308727, -19.22808680902173], [147.00756283363125, -19.22836680901121], [147.00754983321244, -19.228559798456804], [147.0073698934745, -19.22880079829742], [147.00717487281958, -19.228909808812013], [147.00710888347712, -19.228907808759782], [147.0070538733441, -19.228960808438654], [147.00706785292653, -19.22907580881931], [147.0070408828068, -19.229216808903224], [147.00688090363442, -19.22933180910464], [147.0068538930905, -19.22939581907995], [147.00667887342536, -19.22951080897768], [147.00655886299498, -19.22954880897778], [147.00638388285577, -19.22974679883613], [147.00630387350668, -19.229893798464854], [147.00625087290484, -19.229944808812505], [147.00584788327856, -19.230149798323517], [147.0057539230931, -19.230239808450147], [147.00566691317294, -19.23042480913139], [147.00562789305198, -19.23064180840875], [147.00560789296046, -19.23082081872884], [147.0056619131501, -19.231107809057885], [147.00559489344, -19.23122180877151], [147.00570290327653, -19.23143880869222], [147.0056358835664, -19.231553809034292], [147.0057038833385, -19.231744778602202], [147.0057038833385, -19.231770789008138], [147.0056099033901, -19.231872778835296], [147.00551989309693, -19.231902808760708], [147.00544893337602, -19.232140788409776], [147.00528191320853, -19.23227480872433], [147.00481890354476, -19.232498798801835], [147.00476492288104, -19.232562818569235], [147.00417493275862, -19.232921808534897], [147.00408095281023, -19.232947818754415], [147.00395991291052, -19.23302481885277], [147.0039339228527, -19.23304980869882], [147.00386695344827, -19.23348379833385], [147.00378694320088, -19.233623809055185], [147.00361893308994, -19.233764818805533], [147.00348494307707, -19.233828808393334], [147.00327094281684, -19.234007808454294], [147.00313592333472, -19.23407179879561], [147.00293492349323, -19.23423780885276], [147.00260598289407, -19.23436680883196], [147.00237194301647, -19.23456480899741], [147.00229796315958, -19.234672808909938], [147.00237895346896, -19.234774798631197], [147.002353002937, -19.235144798898247], [147.0024069836008, -19.23539980839675], [147.00239399306344, -19.23545080855258], [147.0022469729874, -19.235629798363846], [147.0020519532308, -19.235719798701712], [147.001917963218, -19.23580880833591], [147.00180397329663, -19.235949808576514], [147.00179097287784, -19.236089798535712], [147.0018519630957, -19.236363808745637], [147.00184598301092, -19.23648580889138], [147.00179196282124, -19.23656180904757], [147.00177896330078, -19.236689808918626], [147.00181897336526, -19.236804808976128], [147.00198099350987, -19.237046808568508], [147.0020219836363, -19.237186818796303], [147.00219700330138, -19.23742879831806], [147.00255995321893, -19.23767078850921], [147.00264099293568, -19.237790788587898], [147.00289700291015, -19.238071778788424], [147.00292397302994, -19.238141788569123], [147.00315994338712, -19.238351778717217], [147.00339497320812, -19.23849777830893], [147.0035629428949, -19.238503778963242], [147.00373095300583, -19.238560768629412], [147.00387293353316, -19.238655768890773], [147.0043509432655, -19.23931875907791], [147.0044589432205, -19.239438748622515], [147.00448595286616, -19.239553758628535], [147.00471495319505, -19.23985275865318], [147.00478894293343, -19.240031748754408], [147.0048299330598, -19.240388738592866], [147.00485095363746, -19.24048473860018], [147.0049519134956, -19.240598728411303], [147.00532895348834, -19.240910738644395], [147.0053889636443, -19.2410097288742], [147.0053759335811, -19.241095738329246], [147.00528994324884, -19.241166738290485], [147.00509393354878, -19.241197728301337], [147.0049329734162, -19.241383738638632], [147.0048129531043, -19.241606738392676], [147.00475992285814, -19.24178572912581], [147.00459293323337, -19.24208572842342], [147.0044109435399, -19.242290738399376], [147.00395597289972, -19.242890738840934], [147.0037279634126, -19.243127739093833], [147.00354695288283, -19.243280728919284], [147.0034059928417, -19.243357728412278], [147.0031789634166, -19.24362573874635], [147.00309797310717, -19.243689728731418], [147.00297098276704, -19.243849738781993], [147.0028429836189, -19.243894729070842], [147.0027899830171, -19.243945738461363], [147.002755962919, -19.244053738987663], [147.00273698331367, -19.24430272911678], [147.00258901282, -19.244526729076586], [147.00232103279438, -19.244794738349828], [147.00214699319125, -19.245024728724776], [147.0019999731152, -19.245298729109546], [147.0020069835677, -19.245483728937295], [147.00213601308351, -19.245968728389652], [147.00211601299202, -19.246083738908872], [147.00202202316217, -19.246287738881946], [147.00191598333106, -19.246721728294375], [147.00188901321133, -19.24686173875104], [147.00189000315473, -19.24714273886655], [147.00198501347074, -19.247461719089227], [147.00200501356227, -19.247639718790765], [147.0019650133793, -19.24779970887616], [147.00181802294765, -19.248042708282167], [147.00171801350712, -19.248367718428696], [147.00171801350712, -19.248461719043537], [147.0017310031461, -19.248786719031056], [147.00174502315272, -19.248888708464143], [147.00183901298263, -19.24911772881822], [147.00184605307948, -19.24937971846366], [147.00176604283206, -19.249494718959344], [147.0017120235408, -19.249507718516202], [147.00155705337446, -19.249628708992624], [147.00109503365417, -19.24989472879465], [147.00072105332333, -19.25010571906846], [147.00055304321234, -19.250186709008496], [147.00040401360505, -19.250192718564417], [147.00042606365201, -19.250123718909478], [147.00049705301728, -19.24988770830432], [147.0004800434174, -19.249717718717356], [147.0003190428606, -19.249683728920495], [147.00001707327957, -19.24983672874776], [146.9995180833937, -19.250242728645386], [146.9980750935017, -19.25195073829586], [146.99736312294348, -19.253135738557265], [146.9965971735182, -19.254555738856688], [146.996283162919, -19.25526273861625], [146.99579515314093, -19.255647738983814], [146.99535018344474, -19.255969738720555], [146.99524320307756, -19.25635872838357], [146.99517217328804, -19.256662728450994], [146.99467322292807, -19.257086728340536], [146.99392522363874, -19.25793272852473], [146.99363921352708, -19.258508728895553], [146.9930232728727, -19.25930574905182], [146.99261327279385, -19.259881748840197], [146.99227524304067, -19.260778738762], [146.99184728294438, -19.261658728422315], [146.99170529343397, -19.262166738747943], [146.99127729291345, -19.262572738653777], [146.99122430309149, -19.262979739068758], [146.99117028290183, -19.263232738748723], [146.991206343074, -19.263436738595185], [146.99122430309149, -19.263486728525468], [146.9910283329173, -19.263859728788205], [146.99070731366226, -19.264400738742236], [146.99004834280754, -19.265289738578392], [146.9895673434819, -19.266187728392193], [146.98903232306841, -19.26683072844302], [146.98883636277563, -19.267050738319725], [146.98878340349643, -19.267236738846194], [146.98881840365652, -19.267371728591883], [146.98878340349643, -19.2674737386915], [146.98817738293772, -19.26818472853926], [146.98739344295225, -19.269064738652652], [146.9864254633178, -19.27017075856146], [146.98601644330094, -19.27061074870104], [146.9859094629338, -19.270745758563326], [146.98582043360094, -19.270863748474692], [146.98571345323373, -19.27111875841922], [146.98558844278045, -19.271388748364203], [146.98514248314086, -19.271879748656044], [146.98467948335858, -19.272319758798446], [146.9844304829382, -19.272505758432924], [146.98428846288508, -19.272844748935434], [146.98421652310213, -19.27296375829236], [146.98174401358884, -19.275488008933344], [146.98145598316603, -19.27579901834675], [146.98120997323733, -19.276068008472866], [146.98103299344825, -19.276302009053758], [146.98086600292513, -19.276528008869874], [146.980703972899, -19.276826008743665], [146.98058601332238, -19.277117009101726], [146.9805030036003, -19.277339008869976], [146.98045399331502, -19.27755099832233], [146.98045399331502, -19.27771600874202], [146.98044698286256, -19.277853018988846], [146.98037799314702, -19.277996998379333], [146.98026097320823, -19.278123008860305], [146.98013698324115, -19.27818401842871], [146.9799659835369, -19.27830200891923], [146.97992098333106, -19.27847400901899], [146.9799249934105, -19.278654008417266], [146.98002299331978, -19.278815018838316], [146.98011800363577, -19.2789880087929], [146.98026097320823, -19.27918201896512], [146.98023101349517, -19.279304008460432], [146.98017797336757, -19.279498018258327], [146.98012100311055, -19.2796950083215], [146.98013300280613, -19.279857008955503], [146.9800416432434, -19.280540748514607], [146.9773756932118, -19.283713758411327], [146.97688173299326, -19.28374074839723], [146.97647570346797, -19.283906768382302], [146.97595273305566, -19.284265758742862], [146.97560372319475, -19.28451377884482], [146.97531274360287, -19.28448676863647], [146.97490675360348, -19.28451377884482], [146.9746447231199, -19.284817769084416], [146.9743537830539, -19.28509376846993], [146.97409277305653, -19.285342798870516], [146.9734680028612, -19.285476018532577], [146.9730700033763, -19.285652008971038], [146.97249480311672, -19.28600477867852], [146.97220378310064, -19.28622577859384], [146.9716078128934, -19.28660980830003], [146.97134585337676, -19.286885808904383], [146.97105582330414, -19.286830808246595], [146.97079386288917, -19.286857818916204], [146.97029983350035, -19.2869688190194], [146.96954487316592, -19.287354818341786], [146.9688179034374, -19.28757481846222], [146.96806289279726, -19.287850818287783], [146.96727792334244, -19.288236838423824], [146.96652292348213, -19.288540859058443], [146.9658249334047, -19.28884384894381], [146.96550494361907, -19.28920283865457], [146.9650109834005, -19.28967084858181], [146.96448797346227, -19.290057868319078], [146.96405194290145, -19.29058186893324], [146.96352299330263, -19.291191868849207], [146.963228982795, -19.29148486840519], [146.9625940230094, -19.29180386832088], [146.96208003305503, -19.292384858891346], [146.9615660431006, -19.292760868577137], [146.96108209280928, -19.29302288850777], [146.96051108319045, -19.29330487864433], [146.960616053128, -19.294339858862767], [146.96059605303657, -19.295302858975525], [146.96032310353075, -19.2963218590028], [146.95985510282725, -19.29704685891483], [146.9593621334505, -19.297631868301902], [146.9589711435197, -19.298301858823802], [146.9586131235565, -19.299112858649675], [146.95810617280063, -19.30028786868711], [146.9577861731335, -19.300989878343074], [146.95767215356773, -19.301723878396587], [146.95749019351874, -19.302486879010917], [146.95746519340435, -19.30323588883093], [146.9574641729182, -19.30457387890636], [146.95734120343727, -19.305580888381133], [146.95729222279644, -19.306469888489683], [146.95736522348963, -19.307311878741928], [146.95745220286707, -19.30787087852829], [146.95769021329824, -19.308400878690435], [146.958030253481, -19.308762888544013], [146.95671723364097, -19.308730888880923], [146.9561682435264, -19.308233898423], [146.95581225285738, -19.30769589881244], [146.95544225296155, -19.307014898306967], [146.9550352433743, -19.306035898786718], [146.95482726362312, -19.304937898899038], [146.95464224301395, -19.304080908846906], [146.95450420339574, -19.30304792834798], [146.95455023307096, -19.301904918790754], [146.95458822282427, -19.300480918463418], [146.9542790029406, -19.299926008794866], [146.9538530128497, -19.299130008663603], [146.95314301319524, -19.298252998667103], [146.95214900307883, -19.297604998456467], [146.95098400313967, -19.29697000842861], [146.95013099348856, -19.296633008590273], [146.94939300322818, -19.29643000900185], [146.9484979829645, -19.29633501848025], [146.9479009931694, -19.296241019040483], [146.9474770036267, -19.29613300881193], [146.94670999329105, -19.29601100896312], [146.94528835365836, -19.295886058497985], [146.94468234298117, -19.295861048553764], [146.94399735332252, -19.295661058734822], [146.94336535348583, -19.29551007888413], [146.94291038284555, -19.29541707859109], [146.9424623831319, -19.29536709840464], [146.94190937305646, -19.295542108264733], [146.94175139353396, -19.295417098939605], [146.9415403936468, -19.295391108803674], [146.941382413226, -19.295567098757072], [146.94098741321574, -19.29564109857115], [146.94061843290777, -19.295641118919626], [146.94024938342946, -19.295591128627372], [146.93998644295257, -19.29556611863808], [146.93951245318107, -19.29571611831898], [146.9390904731696, -19.295841138437776], [146.93851143351054, -19.295841138437776], [146.93806343289856, -19.296016148638788], [146.93756247300732, -19.296041158559305], [146.93700946293188, -19.296140158738048], [146.93669348322567, -19.296240168646648], [146.9362714735698, -19.296465158287248], [146.93571853356295, -19.296690178988893], [146.93515000329438, -19.29678200852893], [146.93490253360326, -19.29681517886307], [146.93440150364347, -19.29706518849914], [146.93397956315786, -19.297315198601037], [146.93366354302742, -19.297339198540115], [146.9335579828967, -19.29756000849711], [146.93336198307813, -19.29795100884774], [146.93289956360752, -19.29816519888986], [146.9322675628726, -19.298264208805517], [146.93147756285217, -19.298264208805517], [146.93121355338002, -19.298064208358085], [146.9305815930692, -19.297914228634202], [146.93037062282644, -19.29781423840129], [146.92992360317476, -19.297813238795396], [146.92867498355736, -19.297817008301568], [146.92843065347824, -19.297928268890985], [146.9262959832753, -19.300211008701286], [146.92557970349867, -19.30097729830498], [146.9251897035113, -19.301030318775684], [146.92486168368532, -19.301089308766315], [146.9246357034924, -19.301206308598655], [146.9243487034373, -19.30124430893925], [146.92399874315876, -19.301283298681824], [146.9237937233564, -19.301381328322066], [146.92346573317485, -19.301478328646244], [146.92323973321902, -19.301536328218294], [146.922910753094, -19.301575328912953], [146.9220897629929, -19.301575338239], [146.92163774331834, -19.30155534827519], [146.9211247729517, -19.301614338924363], [146.92091975314943, -19.301614358424292], [146.9206117630593, -19.301535368482803], [146.92024180358763, -19.30145736876078], [146.91987278285544, -19.301399368312946], [146.9194208036051, -19.301281378360052], [146.91913377300716, -19.30126237861908], [146.9186408036304, -19.301222378264736], [146.91837380366673, -19.301222398612538], [146.91820980363516, -19.30128139870783], [146.91798383332375, -19.30128139870783], [146.91764384344663, -19.301257398499192], [146.9172448234755, -19.30114440891519], [146.91689584325897, -19.301124428224806], [146.9165058028474, -19.301143428829604], [146.9162388828338, -19.30118241859621], [146.9158278532857, -19.30118241859621], [146.91533587295405, -19.301123448986942], [146.91492484340586, -19.301123448986942], [146.91465784344217, -19.30120143869425], [146.9142878830722, -19.301084468532352], [146.91393890285565, -19.301123458313015], [146.9135698929033, -19.30114245891793], [146.91324088313382, -19.30124045896872], [146.9128919029173, -19.30133746870253], [146.91239893354052, -19.30135646843474], [146.91204992367963, -19.3014734782499], [146.91147592356927, -19.301609498705893], [146.9112289335785, -19.30172648884015], [146.9103050028341, -19.301613008690914], [146.91020696339893, -19.301511498876163], [146.91011498310033, -19.301384018466525], [146.90968399298657, -19.301537009020045], [146.9094259429381, -19.301667508405277], [146.9092449728325, -19.30180651896627], [146.9089749832755, -19.3019405187885], [146.90870798331187, -19.302115508900556], [146.90835798350753, -19.302349529056986], [146.90796798352017, -19.302680528990205], [146.9075160033715, -19.303011538427455], [146.9072490034078, -19.303323538367408], [146.90709300287384, -19.30351854894324], [146.90686703346077, -19.303713558438798], [146.90666201365843, -19.303771548740215], [146.9062710228293, -19.303869548911653], [146.90579904348743, -19.303869548911653], [146.90547105330586, -19.303868568842418], [146.90512204344498, -19.303907568981053], [146.90485508300713, -19.304005558897252], [146.904629033644, -19.304161568591283], [146.90438204365324, -19.30427855859601], [146.90421804362174, -19.304433588811563], [146.90395104365805, -19.30464857832643], [146.9038211436747, -19.304861328504092], [146.90380399303925, -19.305362018849483], [146.90381599363315, -19.305529019005125], [146.90396597365807, -19.30563801834971], [146.9039260130009, -19.30602901889335], [146.903672993518, -19.30621201887218], [146.903692003666, -19.306495008721377], [146.90366401306014, -19.307306018797146], [146.90359597286385, -19.307549008793952], [146.90369700368893, -19.30783799868444], [146.9037370128551, -19.308093008689706], [146.9037389828605, -19.308193018921386], [146.9031589631394, -19.314932588895733], [146.90272475346364, -19.32007393833834], [146.9033759934171, -19.320555008994468], [146.90407901316183, -19.320647008242744], [146.90497699337436, -19.320792018959192], [146.905704983589, -19.320959018613376], [146.90639600363818, -19.32104200889571], [146.90705599318244, -19.32102100828412], [146.90720900322478, -19.320667008588476], [146.90777898337424, -19.320650008337157], [146.90821997353376, -19.32056901848479], [146.90850000356065, -19.32092300822002], [146.9093249830799, -19.32081200826677], [146.90991000282384, -19.32105300893243], [146.91026200317637, -19.321489998694453], [146.91072201336536, -19.32161400897517], [146.9109190031274, -19.32164401821638], [146.91150497328894, -19.32198000859508], [146.91198896310613, -19.322283008598223], [146.9121350031202, -19.32248300824774], [146.91241101318616, -19.322546018835624], [146.91257099325676, -19.322744008235947], [146.91277598341478, -19.32278299878586], [146.91328698287762, -19.323116998940446], [146.91371399345465, -19.32296899871253], [146.9145329830076, -19.322334008837284], [146.91455499352867, -19.322103019046523], [146.91493598341373, -19.321957018512276], [146.9152970028517, -19.32175800835366], [146.91551297311736, -19.32179400839038], [146.91586997349273, -19.322529018779782], [146.91566097325534, -19.322820998350554], [146.91593998369436, -19.322982008543864], [146.91630096360646, -19.322870008841097], [146.91660899322247, -19.32315801882088], [146.91713101321724, -19.323228998473958], [146.91746798295839, -19.323597998755407], [146.91782429342763, -19.323408898623622], [146.91755018329846, -19.326123548584228], [146.91721799349293, -19.329414018762414], [146.90188799343775, -19.328018998823815], [146.90053735305187, -19.340837538717665], [146.87721461341755, -19.33862281819142], [146.8722757235962, -19.33818685836522], [146.8711010128688, -19.349001018305415], [146.87120500364273, -19.34910700857079], [146.87104797363946, -19.35054400892996], [146.87094800372478, -19.35069800867648], [146.87026779310344, -19.350295868633275], [146.86846779295453, -19.349208328626336], [146.86739830369305, -19.348849098607204], [146.86665399288628, -19.348737998974464], [146.86636400323783, -19.34872099825502], [146.86314233291358, -19.348816628762258], [146.86101274358197, -19.348879838540608], [146.85169786356752, -19.34764585891848], [146.8512999835585, -19.351401008688878], [146.8490820233591, -19.35298900895983], [146.83855498364983, -19.351856008443256], [146.8384930034885, -19.35222401849483], [146.83832299372767, -19.352307008990913], [146.83681999367974, -19.352577008988987], [146.8370329734538, -19.353212008384524], [146.83740800301698, -19.35392700820892], [146.83773399354874, -19.354395008246126], [146.83780998293696, -19.354580008499024], [146.8398175936294, -19.35433049876956], [146.84006827300104, -19.355014958330496], [146.8398865033949, -19.35534466839119], [146.84051999353662, -19.355409008805562], [146.84067300357896, -19.355262008287657], [146.84086901327896, -19.35540501857168], [146.84120499307673, -19.35540501857168], [146.8414849835777, -19.355361008184005], [146.84175300312924, -19.355299008666886], [146.84198700348097, -19.355182018754903], [146.84215698359733, -19.355028998766013], [146.8422929831415, -19.354774018810183], [146.84240000303458, -19.354487008769194], [146.84249698335597, -19.354369018167343], [146.8426179837298, -19.35434300859082], [146.84275901294117, -19.35437100821167], [146.84283698311458, -19.354418998954003], [146.84301400332788, -19.35465200849949], [146.84320198298758, -19.354991008392446], [146.8436699836911, -19.355823008600833], [146.8438800035163, -19.35629600876149], [146.84390300308252, -19.356645018885978], [146.8436699836911, -19.35738401851167], [146.84364100314167, -19.3577380089438], [146.8435989934274, -19.358143018171504], [146.84337999314428, -19.35862301895359], [146.84335400308652, -19.358803998834183], [146.84339900329232, -19.358906008684787], [146.84341397371654, -19.35902200855941], [146.84383500331043, -19.359425008512673]]], [[[147.07146816278163, -19.2576150186878], [147.0716701130407, -19.25773002867506], [147.07183104352887, -19.257741998895163], [147.07189802281476, -19.257793018397408], [147.07220688337242, -19.257882038956943], [147.072260903562, -19.25792100849289], [147.07241603362843, -19.257971048443526], [147.07254995357263, -19.257984018495044], [147.0727720934677, -19.257958008851052], [147.0728249727969, -19.25792001882011], [147.07281888311758, -19.25781101909098], [147.07278504358086, -19.25771598836474], [147.07273102339119, -19.25766505873183], [147.07267704362582, -19.257651998761823], [147.07240092306705, -19.257423038661255], [147.072192832823, -19.257282999055597], [147.07210607353286, -19.257251048695533], [147.07197792346773, -19.257245019044902], [147.07166905302867, -19.25727102880198], [147.07162909326985, -19.257309008806658], [147.07160208362419, -19.257410978524412], [147.07164314292092, -19.257461998977707], [147.07164314292092, -19.25749997893815], [147.07161613327526, -19.25751303892027], [147.07143396302047, -19.25749997893815], [147.07137384327012, -19.257551018868853], [147.07137384327012, -19.257577038754025], [147.07141417313474, -19.2576150186878], [147.07146816278163, -19.2576150186878]]], [[[147.06414684291042, -19.246649048940142], [147.06426707342808, -19.246534028639836], [147.06426707342808, -19.246482988673776], [147.06414611347844, -19.24634305846426], [147.06414611347844, -19.246266998380342], [147.06406512316906, -19.246203008552037], [147.0640251535288, -19.246203008552037], [147.06384298327401, -19.24611400879431], [147.0637958235182, -19.246114988360983], [147.0637551630735, -19.246077009157144], [147.0633929731307, -19.246103018988684], [147.06329902282675, -19.24606503893398], [147.0632050734211, -19.246001049026916], [147.06311002357916, -19.245988988898517], [147.06294300341168, -19.24602102880733], [147.0628281331413, -19.24606603885559], [147.06278784280255, -19.246052978810255], [147.06269389339684, -19.245925988706954], [147.06270612306113, -19.24567102863618], [147.06255818311027, -19.245569058405998], [147.06238393330133, -19.245556988916608], [147.06220209362655, -19.245601988914775], [147.06198794334765, -19.245615048996], [147.06186012296425, -19.245647978647426], [147.06176617355854, -19.245763008897985], [147.0617398529207, -19.245825998974777], [147.06174602344836, -19.24596001914338], [147.06178705310066, -19.24603704875941], [147.06203003301198, -19.24622100882117], [147.06215712306513, -19.246272038691387], [147.06219818326014, -19.246310018698175], [147.06226512302018, -19.24643701868162], [147.0622928333517, -19.24661602874214], [147.0622258828119, -19.246705029075724], [147.06219201363075, -19.246712059031424], [147.062050903571, -19.24671897873293], [147.0620109734566, -19.246757048535557], [147.0620109734566, -19.246807979010715], [147.0622258828119, -19.246858018958882], [147.06225290323732, -19.24689699874659], [147.06218592305314, -19.24696099848153], [147.06221293359707, -19.247023988946605], [147.06225290323732, -19.247023988946605], [147.06242784295242, -19.2471260490199], [147.06242784295242, -19.24721495832975], [147.06236090319237, -19.247265998916223], [147.06234794319778, -19.247343038944596], [147.06237491331757, -19.247393988744232], [147.06246996315946, -19.24748298865587], [147.06255095346884, -19.247673968530155], [147.0625908835832, -19.24771203895931], [147.06277882281876, -19.24775001863283], [147.0629941031783, -19.247749039075902], [147.06307513301354, -19.247799968395057], [147.0633300129074, -19.24783803879498], [147.06342396321136, -19.24779898883844], [147.06350495352075, -19.24772302865718], [147.06346393285165, -19.247633028963687], [147.06346393285165, -19.247570018377953], [147.0635168229606, -19.247454998723146], [147.06355788315565, -19.24741603857436], [147.06366515278035, -19.247428989105924], [147.06371917297, -19.247466968844947], [147.06380017316081, -19.247466968844947], [147.06392003357251, -19.247364018475317], [147.06411407326718, -19.246961978891278], [147.0641738534544, -19.24670097851845], [147.06414684291042, -19.246649048940142]]], [[[147.06149793302143, -19.246057028535432], [147.06159192285128, -19.246068998759217], [147.061645903515, -19.246005008853725], [147.061645903515, -19.245941018923247], [147.06161889297107, -19.24587801871326], [147.06157786331877, -19.245839038683503], [147.06155195321102, -19.245840038606488], [147.06145800290705, -19.245968028698535], [147.06145800290705, -19.24600600877568], [147.06149793302143, -19.246057028535432]]], [[[147.06229607357497, -19.272515038651328], [147.06253800335568, -19.272756968604092], [147.06266002331736, -19.273024998734037], [147.0627269936201, -19.27307601856777], [147.06279393338014, -19.273087988515343], [147.0629350829658, -19.27305603869163], [147.06302184315427, -19.273062978480823], [147.06315682311052, -19.273151978876847], [147.0633321634742, -19.27320201841822], [147.0634390728745, -19.27313900832947], [147.0635729928187, -19.27313900832947], [147.0636140530137, -19.27310004834685], [147.06354602359727, -19.272979009046956], [147.06333107291945, -19.272755988348575], [147.06318996285964, -19.272691998680394], [147.06272590306534, -19.27241199885764], [147.0625311734646, -19.272355038759546], [147.0623230535762, -19.272336039053506], [147.06225611291788, -19.27234900881647], [147.06222910327222, -19.27237401895997], [147.06224205338538, -19.27245097850723], [147.06229607357497, -19.272515038651328]]], [[[147.0467401032084, -19.275413048601944], [147.04687512358888, -19.275579018518865], [147.04695611299994, -19.27561699852157], [147.04699608353852, -19.27561699852157], [147.0470489736475, -19.275579018518865], [147.04709003294417, -19.275425018378783], [147.0471969432428, -19.275234048778213], [147.0474180231258, -19.275029029104147], [147.04769410326034, -19.274876018865488], [147.04786799284483, -19.274850998928322], [147.04792201303448, -19.27481201900172], [147.04814411340365, -19.274767028714866], [147.04872081295142, -19.274716008559718], [147.0489631334993, -19.27475398876248], [147.04912512310125, -19.274816978727088], [147.04921907340523, -19.274816978727088], [147.04940015310527, -19.27474704904492], [147.0495409334833, -19.274670018499318], [147.0497090531887, -19.27452996903605], [147.04974215341204, -19.274446978903455], [147.04976194329774, -19.274288048484827], [147.04961400334682, -19.274121989071816], [147.0494530728586, -19.274032988354694], [147.04896890337838, -19.27402003907617], [147.04851886359072, -19.274065028720194], [147.04814302284885, -19.274141968818007], [147.04756489318316, -19.274283018362446], [147.04719588323073, -19.274403968510885], [147.04704218328223, -19.274493968774756], [147.0469010327983, -19.274608988967117], [147.04676605284203, -19.274839029109565], [147.04670590344725, -19.27506204866863], [147.04670700298516, -19.27530397910049], [147.0467401032084, -19.275413048601944]]], [[[147.06091583280212, -19.270135978441502], [147.06096298357477, -19.270130038303243], [147.0609759435694, -19.270104028890202], [147.06094893302546, -19.269918998322368], [147.06096298357477, -19.26986202887787], [147.06092196290567, -19.269810988539763], [147.0608819932654, -19.269810988539763], [147.06081501308125, -19.26987497848496], [147.06081501308125, -19.270001989052194], [147.06091583280212, -19.270135978441502]]]]}, "properties": {"sa2_code_2021": "318021489", "sa2_name_2021": "Townsville - South", "sa3_name_2021": "Townsville", "sa4_name_2021": "Townsville", "mapped_location": "Townsville", "geography_type": "Townsville urban SA2 demonstration subset", "fill_color": [46, 125, 50, 90], "line_color": [27, 94, 32, 220]}}, {"type": "Feature", "geometry": {"type": "Polygon", "coordinates": [[[146.7969499828813, -19.24751401903108], [146.79658998303123, -19.24775600877168], [146.79643299345216, -19.247863018753197], [146.79595097364043, -19.24818500832711], [146.79600813344192, -19.248260898750416], [146.7960015335195, -19.248289868947438], [146.79568077297932, -19.248533478257553], [146.79558546352433, -19.24854172854669], [146.7951814534118, -19.24880973889557], [146.79495398291385, -19.249179018875328], [146.79476399282453, -19.249307018236316], [146.79482904342757, -19.249370029003124], [146.7948720035594, -19.24945199885306], [146.79505800333223, -19.249686008589727], [146.79518101323728, -19.24971099844368], [146.795448013201, -19.250069008681734], [146.7955090034189, -19.250029018724916], [146.79562598293356, -19.250170999013914], [146.79637514284622, -19.251082178756143], [146.79628699296399, -19.251310008732492], [146.79618947365338, -19.25125472898851], [146.7959840136765, -19.25129500869088], [146.79508198296043, -19.251883008955858], [146.79335699303607, -19.253037998918458], [146.79306999298086, -19.25265099859909], [146.79302499367336, -19.252582018635728], [146.79247599367736, -19.252950018861245], [146.79220600322213, -19.252587008716297], [146.78839398344934, -19.255139008811117], [146.78832098365442, -19.255181008279227], [146.78902499334257, -19.25581901826088], [146.79070600354717, -19.257306008399304], [146.7908290835209, -19.257381008389412], [146.7909089733941, -19.257299018756015], [146.7917009928273, -19.256504018245], [146.79180198322814, -19.25659601872316], [146.79278398286914, -19.257461998977707], [146.79288399320808, -19.25736100879115], [146.7934879934556, -19.25674301890082], [146.79467548361626, -19.257792708859416], [146.79407999310934, -19.258409018207153], [146.7940105236935, -19.258473708848534], [146.7939451532903, -19.25853799833893], [146.79533985334587, -19.259710028585484], [146.7944978435654, -19.260585008703124], [146.79513297313258, -19.261149018762715], [146.79531299282053, -19.26111800877546], [146.79550998348088, -19.260915008419186], [146.79589298289727, -19.261237019014594], [146.79569500319175, -19.2614540089299], [146.79570197322002, -19.26164601900649], [146.79668499334724, -19.26249701852093], [146.7968200433721, -19.262443938932883], [146.7969419932652, -19.261509008778532], [146.80093998316642, -19.261918998588627], [146.80079000314154, -19.26323801852846], [146.8020070631463, -19.263367998918046], [146.80462900291556, -19.26364099852965], [146.80493498347437, -19.263533018530964], [146.80498735345884, -19.263090658675804], [146.8055753735758, -19.263150658758835], [146.80551299366414, -19.263594008938693], [146.805603003059, -19.263738018665702], [146.80619598367295, -19.26380699902484], [146.80623299336435, -19.263667008968216], [146.8062879936159, -19.263214998992858], [146.80689700286956, -19.26328200877146], [146.80696799313318, -19.263267008976786], [146.80693499352128, -19.263599008860446], [146.8069088229021, -19.263881978233126], [146.80695200312118, -19.26403401842861], [146.80682604314865, -19.26505998861984], [146.8067511434169, -19.2656629984695], [146.8067180431936, -19.265852968398338], [146.8066573736743, -19.26641163825774], [146.80654039326132, -19.267358628691028], [146.80639801298378, -19.268586998481332], [146.80635738308177, -19.268947618333474], [146.80626639362498, -19.26911461832384], [146.80602647337554, -19.26964446837221], [146.80596001331585, -19.26982301893291], [146.8061820031922, -19.26989601873234], [146.80679600348557, -19.269526018821193], [146.80710399357562, -19.26981300844513], [146.807440553685, -19.27003446861462], [146.8077479931079, -19.270233008301048], [146.8083309736761, -19.269838998400648], [146.80905798293054, -19.269592008434003], [146.8101979836536, -19.268964008314487], [146.81133700341647, -19.268316008374672], [146.81168499368954, -19.268056008699347], [146.81212398330084, -19.267726998555066], [146.81320201284578, -19.266450998392493], [146.81422799310485, -19.265480008287216], [146.814715003058, -19.265037008348592], [146.8162039929808, -19.264055008544727], [146.81635199311881, -19.263957018464335], [146.8177519932346, -19.263533018530964], [146.81813297323814, -19.263433009002657], [146.81851798308406, -19.263213998327764], [146.8186259830391, -19.262421018504764], [146.81842899327714, -19.26180100902287], [146.81817199335913, -19.261195008376987], [146.81817199335913, -19.260474008533723], [146.81852199316353, -19.259898008281617], [146.818673983618, -19.25961001842135], [146.81893320327305, -19.25933417879204], [146.81937799330615, -19.258806008468785], [146.81966200286976, -19.258486008904143], [146.82049799303954, -19.258098008870117], [146.8211049936601, -19.25798301864605], [146.8216939929408, -19.25789900841348], [146.82181798290785, -19.25788300827678], [146.8226989831649, -19.258006008386463], [146.82368200329205, -19.258229008446577], [146.82422599338378, -19.25802101883898], [146.82500600323988, -19.25817400834583], [146.8254979835715, -19.25736600890296], [146.82569698286486, -19.25709099828713], [146.82614797307014, -19.256174008804496], [146.82658400363096, -19.255256008392994], [146.82665799336928, -19.255105008264625], [146.82695499347025, -19.25449200837716], [146.82755198326532, -19.253376018773544], [146.82855197346657, -19.251848008696186], [146.82971698328717, -19.250109008805847], [146.82933300291057, -19.249979008578837], [146.82961405342363, -19.249551988919986], [146.82979005315067, -19.249245998768878], [146.83026601292758, -19.24852895874764], [146.8305089928389, -19.24812702887835], [146.83062492312126, -19.2479640487111], [146.83074190353415, -19.247783038602655], [146.830832972941, -19.247610968985462], [146.8311569835859, -19.24712299838818], [146.83123801342117, -19.246979978229042], [146.83143489358878, -19.24670197843618], [146.83184497361762, -19.246032999033734], [146.83237089319906, -19.245230018299875], [146.8325429933395, -19.244943018731025], [146.833165063199, -19.243987028373425], [146.83326697347474, -19.243809998353555], [146.83333716333945, -19.243772018616323], [146.83336702333952, -19.24373403887029], [146.83336811299594, -19.243685978334984], [146.83329683347478, -19.24360903836457], [146.83323708293196, -19.243599048327823], [146.8331560836394, -19.243665998270266], [146.83316616363527, -19.24379099873264], [146.83214916293574, -19.24534405824665], [146.83172400288822, -19.246004028438268], [146.83163290293865, -19.246175998815453], [146.83134492282147, -19.24659702859797], [146.83119804288265, -19.24683596905377], [146.83103602363627, -19.24706503891865], [146.83052016338942, -19.24789697839559], [146.83035817288922, -19.24812702887835], [146.8301860835285, -19.248413038237082], [146.8298419236718, -19.24893000900586], [146.82954817367562, -19.249416998922868], [146.82921408303488, -19.2499049686347], [146.82919894282912, -19.249930648800525], [146.82717300291154, -19.24962600866922], [146.82376507320137, -19.249112658911287], [146.82353505328467, -19.249273658487752], [146.82313508289596, -19.249962658256592], [146.82260609287292, -19.249814658888745], [146.8227811035549, -19.249513658553433], [146.82250812350637, -19.249437658457538], [146.82223108307272, -19.24950564832326], [146.82194912346466, -19.25018665897127], [146.8210469930355, -19.251617018668245], [146.82052398309727, -19.252427008881828], [146.81816498290664, -19.251530008902478], [146.81723099282766, -19.250857998622], [146.81574898281465, -19.24976901888919], [146.81581698348506, -19.249659018932505], [146.8158180030729, -19.249403008786565], [146.81568401306006, -19.24918000860084], [146.81545001360664, -19.249051008389245], [146.81517998362548, -19.249050018662956], [146.81507300325828, -19.249113008326095], [146.81387897336245, -19.2479620090303], [146.81273798359422, -19.246883018572724], [146.81283500344156, -19.246746008734725], [146.8128539830468, -19.24649099820341], [146.81273499310262, -19.246261009035255], [146.81251197285863, -19.246118008479517], [146.81224301366925, -19.246100998791263], [146.81208700325388, -19.24617400830276], [146.8111030030647, -19.24516501881087], [146.81119998338613, -19.24502400867489], [146.81121400339282, -19.244768008259935], [146.81109198343117, -19.244540008905883], [146.81086601311966, -19.244400998944535], [146.81059700362476, -19.244388018489833], [146.81043899355947, -19.24446400820269], [146.80944999334747, -19.24333400892876], [146.80931301284306, -19.243178998919564], [146.80807598328948, -19.241715998238394], [146.80703697296724, -19.240510008892887], [146.8070909931569, -19.240445018560486], [146.80716699332484, -19.240407018537447], [146.80729499337133, -19.24036699823764], [146.80748800359663, -19.240161998581172], [146.8075479733284, -19.23989400888399], [146.8074589934029, -19.23963201851427], [146.80723999311977, -19.23944501895228], [146.80710800365506, -19.239418008951734], [146.80675899289582, -19.239290008663197], [146.80646298363664, -19.239072998762175], [146.80615284297974, -19.239183998992583], [146.8059908533779, -19.239145018221222], [146.8057298433805, -19.23894297876727], [146.8056599831975, -19.238923978583028], [146.80553401334353, -19.238856028437255], [146.80540798330242, -19.23876001899602], [146.80527804289486, -19.23860602838276], [146.80515708294521, -19.2385389584839], [146.80490110351343, -19.23847596900317], [146.80444715335932, -19.238398028318745], [146.80416494312126, -19.238367969047754], [146.80389312369604, -19.238366988586687], [146.8037631428643, -19.238385968479843], [146.80347516364546, -19.23844797838263], [146.80339993333376, -19.238486048407335], [146.80317816354457, -19.23861403829678], [146.80283506280156, -19.238776018453077], [146.80245601327758, -19.23899104832463], [146.8023649034465, -19.239019038852614], [146.80219390284395, -19.23911397863042], [146.8021640131995, -19.23911397863042], [146.80212302307308, -19.23914303864918], [146.80204304336837, -19.23916203880808], [146.8019620934832, -19.239209008256747], [146.8017651333656, -19.239242048604122], [146.80153405343685, -19.23925599889562], [146.80116109359213, -19.239211988639543], [146.8007380634501, -19.23906700830644], [146.80057213293904, -19.239051968979176], [146.8003910235946, -19.239071058203976], [146.80026506362208, -19.239137008333138], [146.80010303359595, -19.239275978648934], [146.79989600336404, -19.2394860284127], [146.79984490359737, -19.239552998691888], [146.79964138308327, -19.23985693829704], [146.79945800369612, -19.240062008730153], [146.7992979930828, -19.240274998837194], [146.79888911320313, -19.24093899855245], [146.79877797363616, -19.24108300866133], [146.79872100337914, -19.24117700835987], [146.7986619436408, -19.24130196831101], [146.79859609353724, -19.24139800849467], [146.79840815340336, -19.24169400870797], [146.79830198331652, -19.241794018768232], [146.79842903294548, -19.24194303888641], [146.79914797353197, -19.242668978249323], [146.79933339299313, -19.243397748831075], [146.79944939334413, -19.244001748355185], [146.79968905308218, -19.24521201877013], [146.79897788292283, -19.245328388497896], [146.79887616308997, -19.245345038666017], [146.7978889828647, -19.245496018941413], [146.79718599366268, -19.245605018371975], [146.79666097329488, -19.245702008467337], [146.7957200033061, -19.245816008224896], [146.79577800303244, -19.24589799850865], [146.79658199341512, -19.24697299832306], [146.79667400335808, -19.247098008988157], [146.79680099369818, -19.24715901822904], [146.7969919934939, -19.24744600883375], [146.7969499828813, -19.24751401903108]]]}, "properties": {"sa2_code_2021": "318021490", "sa2_name_2021": "Townsville City - North Ward", "sa3_name_2021": "Townsville", "sa4_name_2021": "Townsville", "mapped_location": "Townsville", "geography_type": "Townsville urban SA2 demonstration subset", "fill_color": [46, 125, 50, 90], "line_color": [27, 94, 32, 220]}}], "_downloaded_at_utc": "2026-05-16T07:06:09.606643+00:00", "_source_query_url": "https://geo.abs.gov.au/arcgis/rest/services/ASGS2021/SA2/MapServer/0/query?f=geojson&where=sa2_name_2021+IN+%28%27Babinda%27%2C+%27Bentley+Park%27%2C+%27Brinsmead%27%2C+%27Brisbane+Airport%27%2C+%27Brisbane+City%27%2C+%27Brisbane+Port+-+Lytton%27%2C+%27Cairns+City%27%2C+%27Clifton+Beach+-+Kewarra+Beach%27%2C+%27Earlville+-+Bayview+Heights%27%2C+%27East+Brisbane%27%2C+%27Edmonton%27%2C+%27Freshwater+-+Stratford%27%2C+%27Gordonvale+-+Trinity%27%2C+%27Kanimbla+-+Mooroobool%27%2C+%27Lamb+Range%27%2C+%27Longreach%27%2C+%27Manoora%27%2C+%27Manunda%27%2C+%27Mount+Isa%27%2C+%27Mount+Isa+Surrounds%27%2C+%27Mount+Sheridan%27%2C+%27Redlynch%27%2C+%27South+Brisbane%27%2C+%27South+Townsville+-+Railway+Estate%27%2C+%27Townsville+-+South%27%2C+%27Townsville+City+-+North+Ward%27%2C+%27Trinity+Beach+-+Smithfield%27%2C+%27Westcourt+-+Bungalow%27%2C+%27White+Rock%27%2C+%27Whitfield+-+Edge+Hill%27%2C+%27Wooroonooran%27%2C+%27Woree%27%2C+%27Yorkeys+Knob+-+Machans+Beach%27%29&outFields=sa2_code_2021%2Csa2_name_2021%2Csa3_name_2021%2Csa4_name_2021&returnGeometry=true&outSR=4326&resultRecordCount=2000"}